elementId,publicTitle,assignedPrimaryRenderer,firstVisibleAnalysis,secondaryVisualization,rawOrEntityListPosition,measureCount,measures,dimensionCount,dimensions,units,yearRange,selectors,interpretation,mapLinkage,runtimeReviewResult,runtimeVerified
A-001,부패인식지수(CPI),score-trend,CPI 점수 · 2012~2025년 추이,접힌 원자료 표,"분석·유의사항 뒤, 출처·다운로드와 함께 제공",8,CPI 산출 원천 수 | CPI 순위 | CPI 순위(구 척도) | CPI 신뢰구간 상한 | CPI 신뢰구간 하한 | CPI 점수 | CPI 점수(구 척도) | CPI 표준오차,3,분류 | 세부 분류 | 연도,건 | 위 | 점,1997–2025,측정항목 | 세부 분류 | 연도,covered,false,verified-in-production-dom,true
A-002,국가 정책·제도 평가(CPIA),score-trend,1996~2024년 거버넌스 지표 추이,접힌 원자료 표,"분석·유의사항 뒤, 출처·다운로드와 함께 제공",33,CPIA A. 경제관리 클러스터 평균 | CPIA B. 구조정책 클러스터 평균 | CPIA C. 사회적 포용 | CPIA D. 공공부문 관리 | CPIA IRAI 종합점수 | CPIA 공공부문 투명성 | CPIA 공공재원 배분의 형평성 | CPIA 공공행정의 질 | CPIA 금융부문 | CPIA 기업규제 환경 | CPIA 무역 | CPIA 부채 정책 | CPIA 사회보호 | CPIA 성평등 | CPIA 세입동원 효율성 | CPIA 예산 | CPIA 인적자원 형성 | CPIA 재산권 | CPIA 재정 정책 | CPIA 통화 | CPIA 환경지속가능성 정책 | WGI 규제의 질(Estimate) | WGI 규제의 질(Percentile Rank) | WGI 법치(Estimate) | WGI 법치(Percentile Rank) | WGI 부패 통제(Estimate) | WGI 부패 통제(Percentile Rank) | WGI 시민 자유 | WGI 시민 자유 | WGI 정부 효과성(Estimate) | WGI 정부 효과성(Percentile Rank) | WGI 정치안정 | WGI 정치안정,2,분류 | 연도,점 | 백분위,1996–2024,측정항목 | 분류 | 연도,covered,false,verified-in-production-dom,true
A-003,국내총생산 및 경제성장,multi-metric-trend,GDP 총액 · 1985~2025년 추이,접힌 원자료 표,"분석·유의사항 뒤, 출처·다운로드와 함께 제공",7,1인당 GDP | 1인당 GDP | 1인당 GDP 성장률 | GDP 성장률 | GDP 총액 | GDP 총액 | GNI 총액,3,분류 | 세부 분류 | 연도,USD | 국제달러 | %,1985–2025,측정항목 | 분류 | 세부 분류 | 연도,not-required,false,verified-in-production-dom,true
A-004,빈곤율 및 극빈곤율,kpi-trend,극빈곤율 · 1992~2022년 추이,접힌 원자료 표,"분석·유의사항 뒤, 출처·다운로드와 함께 제공",2,극빈곤율 | 빈곤율,3,분류 | 세부 분류 | 연도,%,1992–2022,측정항목 | 분류 | 세부 분류 | 연도,not-required,false,verified-in-production-dom,true
A-005,산업구조,composition-trend,연도별 구성 변화,선택연도 구성 상세,"분석·유의사항 뒤, 출처·다운로드와 함께 제공",1,산업구조,3,분류 | 세부 분류 | 연도,%,1986–2025,분류 | 세부 분류 | 연도,not-required,false,verified-in-production-dom,true
A-006,고용 및 실업,kpi-trend,전체 실업률 · 1991~2025년 추이,접힌 원자료 표,"분석·유의사항 뒤, 출처·다운로드와 함께 제공",2,전체 실업률 | 청년 실업률,3,분류 | 세부 분류 | 연도,%,1991–2025,측정항목 | 분류 | 세부 분류 | 연도,not-required,false,verified-in-production-dom,true
A-007,인구 및 도시화,kpi-trend,총인구 · 1960~2025년 추이,접힌 원자료 표,"분석·유의사항 뒤, 출처·다운로드와 함께 제공",4,도시인구 | 도시인구 증가율 | 도시화율 | 총인구,2,세부 분류 | 연도,명 | %,1960–2025,측정항목 | 세부 분류 | 연도,not-required,false,verified-in-production-dom,true
A-008,소득 불평등(지니계수),score-trend,지니계수 · 1992~2022년 추이,접힌 원자료 표,"분석·유의사항 뒤, 출처·다운로드와 함께 제공",1,지니계수,2,세부 분류 | 연도,지수,1992–2022,연도,covered,false,verified-in-production-dom,true
A-009,온실가스 배출집약도,kpi-trend,GHG 배출 강도 · 1990~2024년 추이,접힌 원자료 표,"분석·유의사항 뒤, 출처·다운로드와 함께 제공",2,GHG 배출 강도 | GHG 배출 강도,3,분류 | 세부 분류 | 연도,"tCO2eq/1,000 국제달러 | tCO2eq/인",1970–2024,측정항목 | 분류 | 세부 분류 | 연도,not-required,false,verified-in-production-dom,true
A-010,온실가스 종류별 배출량,stacked-emissions,배출량 변화와 구성,최신연도 구성 상세,"분석·유의사항 뒤, 출처·다운로드와 함께 제공",2,가스별 배출량 | 가스별 배출량,3,분류 | 세부 분류 | 연도,Gg | Mt CO2eq,1970–2024,측정항목 | 분류 | 세부 분류 | 연도,not-required,false,verified-in-production-dom,true
A-011,부문별 온실가스 배출량,stacked-emissions,배출량 변화와 구성,최신연도 구성 상세,"분석·유의사항 뒤, 출처·다운로드와 함께 제공",1,부문별 배출량,3,분류 | 세부 분류 | 연도,Mt CO2eq,1970–2024,분류 | 세부 분류 | 연도,not-required,false,verified-in-production-dom,true
A-012,온실가스 총배출량,kpi-trend,총 GHG 배출량 · 1970~2024년 추이,접힌 원자료 표,"분석·유의사항 뒤, 출처·다운로드와 함께 제공",3,LULUCF 순플럭스 | 순 GHG 배출량 | 총 GHG 배출량,3,분류 | 세부 분류 | 연도,Mt CO2eq,1970–2024,측정항목 | 분류 | 세부 분류 | 연도,not-required,false,verified-in-production-dom,true
A-013,NDC와 지속가능발전목표 연계,evidence-matrix,항목별 내용과 기준,접힌 원자료 표,"분석·유의사항 뒤, 출처·다운로드와 함께 제공",2,NDC-SDG 연계 | NDC-SDG 연계 목록,2,레코드 유형 | typeOfInformation,건,null–null,측정항목 | typeOfInformation,covered,false,verified-in-production-dom,true
A-014,지속가능발전목표 지수,score-trend,SDG Index 종합점수 · 2000~2025년 추이,접힌 원자료 표,"분석·유의사항 뒤, 출처·다운로드와 함께 제공",3,SDG Index 종합순위 | SDG Index 종합점수 | 목표별 달성도,3,분류 | 세부 분류 | 연도,위 | 점,2000–2025,측정항목 | 분류 | 세부 분류 | 연도,covered,false,verified-in-production-dom,true
A-015,지속가능발전목표 세부 달성도,evidence-matrix,선택 목표의 세부지표 점수,접힌 원자료 표,"분석·유의사항 뒤, 출처·다운로드와 함께 제공",17,SDG1 세부지표 달성도 | SDG10 세부지표 달성도 | SDG11 세부지표 달성도 | SDG12 세부지표 달성도 | SDG13 세부지표 달성도 | SDG14 세부지표 달성도 | SDG15 세부지표 달성도 | SDG16 세부지표 달성도 | SDG17 세부지표 달성도 | SDG2 세부지표 달성도 | SDG3 세부지표 달성도 | SDG4 세부지표 달성도 | SDG5 세부지표 달성도 | SDG6 세부지표 달성도 | SDG7 세부지표 달성도 | SDG8 세부지표 달성도 | SDG9 세부지표 달성도,4,분류 | 세부 분류 | detail_2 | 연도,점,2011–2026,측정항목 | 분류 | 세부 분류 | 연도,covered,false,verified-in-production-dom,true
A-016,1차 에너지 소비구조,composition-trend,연도별 에너지원 절대량 변화,100% 구성비 추이와 선택연도 상세,"분석·유의사항 뒤, 출처·다운로드와 함께 제공",1,1차 에너지 소비,4,분류 | 세부 분류 | 기술 | 연도,EJ,1965–2025,분류 | 세부 분류 | 기술 | 연도,not-required,false,verified-in-production-dom,true
A-017,발전원별 균등화 발전비용,status-only,균등화 발전비용(LCOE),없음,"분석·유의사항 뒤, 출처·다운로드와 함께 제공",1,LCOE,4,분류 | 세부 분류 | 기술 | 연도,USD/MWh,2023–2050,분류 | 기술 | 연도,not-required,false,verified-in-production-dom,true
A-018,발전설비 용량,composition-trend,연도별 구성 변화(누적),선택연도 구성 상세,"분석·유의사항 뒤, 출처·다운로드와 함께 제공",1,발전 설비용량,4,분류 | 세부 분류 | 기술 | 연도,MW,2000–2025,분류 | 기술 | 연도,not-required,false,verified-in-production-dom,true
A-019,송배전 손실률,kpi-trend,송배전 손실률 · 1990~2023년 추이,접힌 원자료 표,"분석·유의사항 뒤, 출처·다운로드와 함께 제공",1,송배전 손실률,3,세부 분류 | 기술 | 연도,%,1990–2023,연도,not-required,false,verified-in-production-dom,true
A-020,재생에너지 비중,kpi-trend,재생에너지 비중 · 2000~2025년 추이,접힌 원자료 표,"분석·유의사항 뒤, 출처·다운로드와 함께 제공",1,재생에너지 비중,4,분류 | 세부 분류 | 기술 | 연도,%,2000–2025,분류 | 연도,not-required,false,verified-in-production-dom,true
A-021,전력 접근률,kpi-trend,전력 접근률 · 1997~2024년 추이,접힌 원자료 표,"분석·유의사항 뒤, 출처·다운로드와 함께 제공",1,전력 접근률,4,분류 | 세부 분류 | 기술 | 연도,%,1997–2024,분류 | 연도,not-required,false,verified-in-production-dom,true
A-022,정전 빈도와 지속시간,kpi-trend,MAIFI · 2015~2026년 추이,접힌 원자료 표,"분석·유의사항 뒤, 출처·다운로드와 함께 제공",3,MAIFI | SAIDI | SAIFI,4,분류 | 세부 분류 | 기술 | 연도,회/고객 | 분/고객,2015–2026,측정항목 | 분류 | 세부 분류 | 연도,not-required,false,verified-in-production-dom,true
A-023,발전소 현황,spatial-analysis,발전소 목록 · WRI GPPD · 2021년,지역 선택 상세와 원자료 표,"분석·유의사항 뒤, 출처·다운로드와 함께 제공",1,발전소 목록,5,capacityBand | commissioningYear | 레코드 유형 | fuelType | fuelTypeRaw,MW,null–null,capacityBand | commissioningYear | 레코드 유형 | fuelType | fuelTypeRaw,not-required,true,verified-in-production-dom,true
A-024,베트남 송전망,spatial-analysis,송전선 경로,지역 선택 상세와 원자료 표,"분석·유의사항 뒤, 출처·다운로드와 함께 제공",3,미공급 지역 | 송전 선로 구간 수 | 송전망 선로 목록,3,세부 분류 | 레코드 유형 | 연도,% | 건 | kV,2016–2016,측정항목,not-required,true,verified-in-production-dom,true
A-025,탄소포집·저장 시설,spatial-analysis,대상별 추진 단계,지역 선택 상세와 원자료 표,"분석·유의사항 뒤, 출처·다운로드와 함께 제공",3,CCS 시설 목록 | CCS 시설 수 | 상용 가동 CCS 시설 수,4,세부 분류 | 레코드 유형 | type | 연도,건,2026–2026,측정항목,not-required,true,verified-in-production-dom,true
A-026,건물 분포,spatial-analysis,건물 풋프린트(OSM 참고),지역 선택 상세와 원자료 표,"분석·유의사항 뒤, 출처·다운로드와 함께 제공",14,건물 풋프린트 | 건물 풋프린트 | 건물 풋프린트 | 건물 풋프린트 | 건물 풋프린트 | 건물 풋프린트 레이어 | 건물 풋프린트 레이어 | 건물 풋프린트 레이어 | 건물 풋프린트 레이어 | 건물 풋프린트(OSM 참고) | 건물 풋프린트(OSM 참고) | 건물 풋프린트(OSM 참고) | 건물 풋프린트(OSM 참고) | 건물 풋프린트(OSM 참고),2,분류 | 연도,EPSG 코드 | m2 | score | 개 | 건 | %,2023–2026,측정항목 | 분류 | 연도,not-required,false,verified-in-production-dom,true
A-027,육상교통 인프라,spatial-analysis,공간자료에 수록된 지물의 종류와 규모,지역 선택 상세와 원자료 표,"분석·유의사항 뒤, 출처·다운로드와 함께 제공",10,도로 레이어 | 도로 레이어 | 도로 레이어 | 도로 레이어 | 도로 레이어 | 철도 레이어 | 철도 레이어 | 철도 레이어 | 철도 레이어 | 철도 레이어,4,분류 | 세부 분류 | 기술 | 연도,% | EPSG 코드 | km | 개 | 건,2026–2026,측정항목 | 분류 | 세부 분류,not-required,true,verified-in-production-dom,true
A-028,해안·수자원 인프라,spatial-analysis,공간자료에 수록된 지물의 종류와 규모,지역 선택 상세와 원자료 표,"분석·유의사항 뒤, 출처·다운로드와 함께 제공",12,기타 자연지형지물 목록 | 내륙 수자원 지물 목록 | 수로 레이어 | 수로 레이어 | 수로 레이어 | 수로 레이어 | 수로 레이어 | 자연지형지물 레이어 | 자연지형지물 레이어 | 자연지형지물 레이어 | 자연지형지물 레이어 | 해안 지물 목록,5,분류 | 세부 분류 | 레코드 유형 | 기술 | 연도,건 | % | EPSG 코드 | km | 개,2026–2026,측정항목 | 분류 | 세부 분류,not-required,true,verified-in-production-dom,true
A-029,자유무역협정 체결 현황,policy-timeline,시점별 기록 · 31건,접힌 원자료 표,"분석·유의사항 뒤, 출처·다운로드와 함께 제공",3,FTA 건수 | FTA 체결 현황 목록 | 무역협정 건수,3,세부 분류 | 레코드 유형 | 연도,건,2026–2026,측정항목,not-required,false,verified-in-production-dom,true
A-030,한국과의 교역 규모,technology-comparison,한-베트남 교역 · 1991~2024년 추이,접힌 원자료 표,"분석·유의사항 뒤, 출처·다운로드와 함께 제공",1,한-베트남 교역,3,분류 | 세부 분류 | 연도,10억 USD,1991–2024,분류 | 세부 분류 | 연도,not-required,false,verified-in-production-dom,true
A-031,물류성과지수,score-trend,물류성과지수(LPI) · 2007~2022년 추이,접힌 원자료 표,"분석·유의사항 뒤, 출처·다운로드와 함께 제공",1,물류성과지수(LPI),3,분류 | 세부 분류 | 연도,점,2007–2022,분류 | 세부 분류 | 연도,covered,false,verified-in-production-dom,true
A-032,중간재 교역 규모,technology-comparison,중간재 교역 · 1995~2020년 추이,접힌 원자료 표,"분석·유의사항 뒤, 출처·다운로드와 함께 제공",2,중간재 교역 | 중간재 교역 규모,3,분류 | 세부 분류 | 연도,% | 천 USD,1995–2023,측정항목 | 분류 | 세부 분류 | 연도,not-required,false,verified-in-production-dom,true
A-033,해운 연결성,score-trend,해운 연결성 지수(LSCI) · 2006~2026년 추이,접힌 원자료 표,"분석·유의사항 뒤, 출처·다운로드와 함께 제공",1,해운 연결성 지수(LSCI),3,분류 | 세부 분류 | 연도,지수,2006–2026,분류 | 세부 분류 | 연도,covered,false,verified-in-production-dom,true
B-001,건기와 우기,seasonality,월별 강수량과 기온 · 1991~2020년 평년값,접힌 원자료 표,"분석·유의사항 뒤, 출처·다운로드와 함께 제공",5,연 평년강수 (1991-2020 평년) | 연 평년기온 (1991-2020 평년) | 월 평년강수 | 월 평년기온 | 월별 건기/우기 구분(전국),2,세부 분류 | 연도,mm | ℃ | 구분,1991–1991,측정항목 | 세부 분류,not-required,false,verified-in-production-dom,true
B-002,기후대,spatial-analysis,위치·분포,지역 선택 상세와 원자료 표,"분석·유의사항 뒤, 출처·다운로드와 함께 제공",6,ADM1 단위 기간별 우세 기후대 | 국가 우세 기후대 | 기후대별 점유 면적 | 기후대별 점유 비율 | 기후대별 점유 비율 | 열대기후(A군) 국토 점유 비율,4,세부 분류 | detail_2 | 레코드 유형 | 연도,구분·% | 구분 | km² | % | % · km²,1930–2099,측정항목 | 세부 분류 | detail_2 | 연도,covered,false,verified-in-production-dom,true
B-003,평균 기온과 강수량,multi-metric-trend,63개 성·시 분포,접힌 원자료 표,"분석·유의사항 뒤, 출처·다운로드와 함께 제공",5,연강수량(관측) | 연평균 기온 | 연평균 최고기온(관측) | 연평균 최저기온(관측) | 연평균기온(관측),1,레코드 유형,mm | ℃ / mm | ℃,null–null,측정항목,not-required,true,verified-in-production-dom,true
B-004,과거·미래 기후전망(CMIP6),scenario-comparison,63개 성·시 분포,접힌 원자료 표,"분석·유의사항 뒤, 출처·다운로드와 함께 제공",13,"CMIP6 기반 과거／미래 기후(성×시나리오×연도 개체 목록) | CMIP6 기반 과거／미래 기후(성×시나리오×연도 개체 목록) - 2025년 34개 체계 | CMIP6 기반 과거／미래 기후(성×시나리오×연도 개체 목록) - 2025년 34개 체계 - 월별 평년값(개편 후 ADM1 34개 체계) | CMIP6 기반 과거／미래 기후(성×시나리오×연도 개체 목록) - 월별 평년값(ADM1, GADM 4.1) | CMIP6 기반 과거／미래 기후(전국) | CMIP6 기반 과거／미래 기후(전국) - 월별 평년값(전국) | 상대습도(hurs) | 연강수(pr) | 일사량(rsds 대체 | 최고기온(tasmax) | 최저기온(tasmin) | 평균기온(tas) | 풍속(sfcWind 대체",1,레코드 유형,지표별 상이(속성 열 참조) | % | mm | kWh/m²/day | ℃ | m/s,null–null,측정항목,not-required,true,verified-in-production-dom,true
B-005,가뭄 위험,technology-comparison,63개 성·시 분포,접힌 원자료 표,"분석·유의사항 뒤, 출처·다운로드와 함께 제공",10,"SPEI12 | 가뭄(성×시나리오×연도 개체 목록) | 가뭄(성×시나리오×연도 개체 목록) - 2025년 34개 체계 | 가뭄(성×시나리오×연도 개체 목록) - 2025년 34개 체계 - 월별 평년값(개편 후 ADM1 34개 체계) | 가뭄(성×시나리오×연도 개체 목록) - 월별 평년값(ADM1, GADM 4.1) | 가뭄(전국) | 가뭄(전국) - 월별 평년값(전국) | 연속 건조일수 CDD | 토양수분(전국 연평균) | 표준강수증발산지수 SPEI12",3,레코드 유형 | 기술 | 연도,지수 | 지표별 상이(속성 열 참조) | 일 | m³/m³,1991–2025,측정항목 | 연도,covered,true,verified-in-production-dom,true
B-006,폭염 위험,technology-comparison,63개 성·시 분포,접힌 원자료 표,"분석·유의사항 뒤, 출처·다운로드와 함께 제공",13,"열대야 TR20 | 열대야 TR23 | 열대야 TR26 | 열대야 TR29 | 체감폭염 HI35 | 폭염(성×시나리오×연도 개체 목록) | 폭염(성×시나리오×연도 개체 목록) - 2025년 34개 체계 | 폭염(성×시나리오×연도 개체 목록) - 2025년 34개 체계 - 월별 평년값(개편 후 ADM1 34개 체계) | 폭염(성×시나리오×연도 개체 목록) - 월별 평년값(ADM1, GADM 4.1) | 폭염(전국) | 폭염(전국) - 월별 평년값(전국) | 폭염일수 TX35 | 폭염일수 TX40",1,레코드 유형,일 | 지표별 상이(속성 열 참조),null–null,측정항목,covered,true,verified-in-production-dom,true
B-007,홍수·호우 위험,technology-comparison,63개 성·시 분포,접힌 원자료 표,"분석·유의사항 뒤, 출처·다운로드와 함께 제공",11,"연속 습윤일수 CWD | 최대 1일강수 RX1day | 최대 5일강수 RX5day | 호우일수 R20mm | 호우일수 R50mm | 홍수(성×시나리오×연도 개체 목록) | 홍수(성×시나리오×연도 개체 목록) - 2025년 34개 체계 | 홍수(성×시나리오×연도 개체 목록) - 2025년 34개 체계 - 월별 평년값(개편 후 ADM1 34개 체계) | 홍수(성×시나리오×연도 개체 목록) - 월별 평년값(ADM1, GADM 4.1) | 홍수(전국) | 홍수(전국) - 월별 평년값(전국)",1,레코드 유형,일 | mm | 지표별 상이(속성 열 참조),null–null,측정항목,not-required,true,verified-in-production-dom,true
B-008,해수면 상승 전망,scenario-comparison,5개 성·시 분포,접힌 원자료 표,"분석·유의사항 뒤, 출처·다운로드와 함께 제공",201,상대해수면 Da Nang(중부 다낭) SSP1-1.9 17퍼센타일 | 상대해수면 Da Nang(중부 다낭) SSP1-1.9 5퍼센타일 | 상대해수면 Da Nang(중부 다낭) SSP1-1.9 83퍼센타일 | 상대해수면 Da Nang(중부 다낭) SSP1-1.9 95퍼센타일 | 상대해수면 Da Nang(중부 다낭) SSP1-1.9 중앙값 | 상대해수면 Da Nang(중부 다낭) SSP1-2.6 17퍼센타일 | 상대해수면 Da Nang(중부 다낭) SSP1-2.6 5퍼센타일 | 상대해수면 Da Nang(중부 다낭) SSP1-2.6 83퍼센타일 | 상대해수면 Da Nang(중부 다낭) SSP1-2.6 95퍼센타일 | 상대해수면 Da Nang(중부 다낭) SSP1-2.6 중앙값 | 상대해수면 Da Nang(중부 다낭) SSP2-4.5 17퍼센타일 | 상대해수면 Da Nang(중부 다낭) SSP2-4.5 5퍼센타일 | 상대해수면 Da Nang(중부 다낭) SSP2-4.5 83퍼센타일 | 상대해수면 Da Nang(중부 다낭) SSP2-4.5 95퍼센타일 | 상대해수면 Da Nang(중부 다낭) SSP2-4.5 중앙값 | 상대해수면 Da Nang(중부 다낭) SSP3-7.0 17퍼센타일 | 상대해수면 Da Nang(중부 다낭) SSP3-7.0 5퍼센타일 | 상대해수면 Da Nang(중부 다낭) SSP3-7.0 83퍼센타일 | 상대해수면 Da Nang(중부 다낭) SSP3-7.0 95퍼센타일 | 상대해수면 Da Nang(중부 다낭) SSP3-7.0 중앙값 | 상대해수면 Da Nang(중부 다낭) SSP5-8.5 17퍼센타일 | 상대해수면 Da Nang(중부 다낭) SSP5-8.5 5퍼센타일 | 상대해수면 Da Nang(중부 다낭) SSP5-8.5 83퍼센타일 | 상대해수면 Da Nang(중부 다낭) SSP5-8.5 95퍼센타일 | 상대해수면 Da Nang(중부 다낭) SSP5-8.5 중앙값 | 상대해수면 Hon Dau(북부 하이퐁) SSP1-1.9 17퍼센타일 | 상대해수면 Hon Dau(북부 하이퐁) SSP1-1.9 5퍼센타일 | 상대해수면 Hon Dau(북부 하이퐁) SSP1-1.9 83퍼센타일 | 상대해수면 Hon Dau(북부 하이퐁) SSP1-1.9 95퍼센타일 | 상대해수면 Hon Dau(북부 하이퐁) SSP1-1.9 중앙값 | 상대해수면 Hon Dau(북부 하이퐁) SSP1-2.6 17퍼센타일 | 상대해수면 Hon Dau(북부 하이퐁) SSP1-2.6 5퍼센타일 | 상대해수면 Hon Dau(북부 하이퐁) SSP1-2.6 83퍼센타일 | 상대해수면 Hon Dau(북부 하이퐁) SSP1-2.6 95퍼센타일 | 상대해수면 Hon Dau(북부 하이퐁) SSP1-2.6 중앙값 | 상대해수면 Hon Dau(북부 하이퐁) SSP2-4.5 17퍼센타일 | 상대해수면 Hon Dau(북부 하이퐁) SSP2-4.5 5퍼센타일 | 상대해수면 Hon Dau(북부 하이퐁) SSP2-4.5 83퍼센타일 | 상대해수면 Hon Dau(북부 하이퐁) SSP2-4.5 95퍼센타일 | 상대해수면 Hon Dau(북부 하이퐁) SSP2-4.5 중앙값 | 상대해수면 Hon Dau(북부 하이퐁) SSP3-7.0 17퍼센타일 | 상대해수면 Hon Dau(북부 하이퐁) SSP3-7.0 5퍼센타일 | 상대해수면 Hon Dau(북부 하이퐁) SSP3-7.0 83퍼센타일 | 상대해수면 Hon Dau(북부 하이퐁) SSP3-7.0 95퍼센타일 | 상대해수면 Hon Dau(북부 하이퐁) SSP3-7.0 중앙값 | 상대해수면 Hon Dau(북부 하이퐁) SSP5-8.5 17퍼센타일 | 상대해수면 Hon Dau(북부 하이퐁) SSP5-8.5 5퍼센타일 | 상대해수면 Hon Dau(북부 하이퐁) SSP5-8.5 83퍼센타일 | 상대해수면 Hon Dau(북부 하이퐁) SSP5-8.5 95퍼센타일 | 상대해수면 Hon Dau(북부 하이퐁) SSP5-8.5 중앙값 | 상대해수면 Phu Quoc(남부 푸꾸옥) SSP1-1.9 17퍼센타일 | 상대해수면 Phu Quoc(남부 푸꾸옥) SSP1-1.9 5퍼센타일 | 상대해수면 Phu Quoc(남부 푸꾸옥) SSP1-1.9 83퍼센타일 | 상대해수면 Phu Quoc(남부 푸꾸옥) SSP1-1.9 95퍼센타일 | 상대해수면 Phu Quoc(남부 푸꾸옥) SSP1-1.9 중앙값 | 상대해수면 Phu Quoc(남부 푸꾸옥) SSP1-2.6 17퍼센타일 | 상대해수면 Phu Quoc(남부 푸꾸옥) SSP1-2.6 5퍼센타일 | 상대해수면 Phu Quoc(남부 푸꾸옥) SSP1-2.6 83퍼센타일 | 상대해수면 Phu Quoc(남부 푸꾸옥) SSP1-2.6 95퍼센타일 | 상대해수면 Phu Quoc(남부 푸꾸옥) SSP1-2.6 중앙값 | 상대해수면 Phu Quoc(남부 푸꾸옥) SSP2-4.5 17퍼센타일 | 상대해수면 Phu Quoc(남부 푸꾸옥) SSP2-4.5 5퍼센타일 | 상대해수면 Phu Quoc(남부 푸꾸옥) SSP2-4.5 83퍼센타일 | 상대해수면 Phu Quoc(남부 푸꾸옥) SSP2-4.5 95퍼센타일 | 상대해수면 Phu Quoc(남부 푸꾸옥) SSP2-4.5 중앙값 | 상대해수면 Phu Quoc(남부 푸꾸옥) SSP3-7.0 17퍼센타일 | 상대해수면 Phu Quoc(남부 푸꾸옥) SSP3-7.0 5퍼센타일 | 상대해수면 Phu Quoc(남부 푸꾸옥) SSP3-7.0 83퍼센타일 | 상대해수면 Phu Quoc(남부 푸꾸옥) SSP3-7.0 95퍼센타일 | 상대해수면 Phu Quoc(남부 푸꾸옥) SSP3-7.0 중앙값 | 상대해수면 Phu Quoc(남부 푸꾸옥) SSP5-8.5 17퍼센타일 | 상대해수면 Phu Quoc(남부 푸꾸옥) SSP5-8.5 5퍼센타일 | 상대해수면 Phu Quoc(남부 푸꾸옥) SSP5-8.5 83퍼센타일 | 상대해수면 Phu Quoc(남부 푸꾸옥) SSP5-8.5 95퍼센타일 | 상대해수면 Phu Quoc(남부 푸꾸옥) SSP5-8.5 중앙값 | 상대해수면 Quy Nhon(중부 꾸이년) SSP1-1.9 17퍼센타일 | 상대해수면 Quy Nhon(중부 꾸이년) SSP1-1.9 5퍼센타일 | 상대해수면 Quy Nhon(중부 꾸이년) SSP1-1.9 83퍼센타일 | 상대해수면 Quy Nhon(중부 꾸이년) SSP1-1.9 95퍼센타일 | 상대해수면 Quy Nhon(중부 꾸이년) SSP1-1.9 중앙값 | 상대해수면 Quy Nhon(중부 꾸이년) SSP1-2.6 17퍼센타일 | 상대해수면 Quy Nhon(중부 꾸이년) SSP1-2.6 5퍼센타일 | 상대해수면 Quy Nhon(중부 꾸이년) SSP1-2.6 83퍼센타일 | 상대해수면 Quy Nhon(중부 꾸이년) SSP1-2.6 95퍼센타일 | 상대해수면 Quy Nhon(중부 꾸이년) SSP1-2.6 중앙값 | 상대해수면 Quy Nhon(중부 꾸이년) SSP2-4.5 17퍼센타일 | 상대해수면 Quy Nhon(중부 꾸이년) SSP2-4.5 5퍼센타일 | 상대해수면 Quy Nhon(중부 꾸이년) SSP2-4.5 83퍼센타일 | 상대해수면 Quy Nhon(중부 꾸이년) SSP2-4.5 95퍼센타일 | 상대해수면 Quy Nhon(중부 꾸이년) SSP2-4.5 중앙값 | 상대해수면 Quy Nhon(중부 꾸이년) SSP3-7.0 17퍼센타일 | 상대해수면 Quy Nhon(중부 꾸이년) SSP3-7.0 5퍼센타일 | 상대해수면 Quy Nhon(중부 꾸이년) SSP3-7.0 83퍼센타일 | 상대해수면 Quy Nhon(중부 꾸이년) SSP3-7.0 95퍼센타일 | 상대해수면 Quy Nhon(중부 꾸이년) SSP3-7.0 중앙값 | 상대해수면 Quy Nhon(중부 꾸이년) SSP5-8.5 17퍼센타일 | 상대해수면 Quy Nhon(중부 꾸이년) SSP5-8.5 5퍼센타일 | 상대해수면 Quy Nhon(중부 꾸이년) SSP5-8.5 83퍼센타일 | 상대해수면 Quy Nhon(중부 꾸이년) SSP5-8.5 95퍼센타일 | 상대해수면 Quy Nhon(중부 꾸이년) SSP5-8.5 중앙값 | 상대해수면 Vung Tau(남부 붕따우) SSP1-1.9 17퍼센타일 | 상대해수면 Vung Tau(남부 붕따우) SSP1-1.9 5퍼센타일 | 상대해수면 Vung Tau(남부 붕따우) SSP1-1.9 83퍼센타일 | 상대해수면 Vung Tau(남부 붕따우) SSP1-1.9 95퍼센타일 | 상대해수면 Vung Tau(남부 붕따우) SSP1-1.9 중앙값 | 상대해수면 Vung Tau(남부 붕따우) SSP1-2.6 17퍼센타일 | 상대해수면 Vung Tau(남부 붕따우) SSP1-2.6 5퍼센타일 | 상대해수면 Vung Tau(남부 붕따우) SSP1-2.6 83퍼센타일 | 상대해수면 Vung Tau(남부 붕따우) SSP1-2.6 95퍼센타일 | 상대해수면 Vung Tau(남부 붕따우) SSP1-2.6 중앙값 | 상대해수면 Vung Tau(남부 붕따우) SSP2-4.5 17퍼센타일 | 상대해수면 Vung Tau(남부 붕따우) SSP2-4.5 5퍼센타일 | 상대해수면 Vung Tau(남부 붕따우) SSP2-4.5 83퍼센타일 | 상대해수면 Vung Tau(남부 붕따우) SSP2-4.5 95퍼센타일 | 상대해수면 Vung Tau(남부 붕따우) SSP2-4.5 중앙값 | 상대해수면 Vung Tau(남부 붕따우) SSP3-7.0 17퍼센타일 | 상대해수면 Vung Tau(남부 붕따우) SSP3-7.0 5퍼센타일 | 상대해수면 Vung Tau(남부 붕따우) SSP3-7.0 83퍼센타일 | 상대해수면 Vung Tau(남부 붕따우) SSP3-7.0 95퍼센타일 | 상대해수면 Vung Tau(남부 붕따우) SSP3-7.0 중앙값 | 상대해수면 Vung Tau(남부 붕따우) SSP5-8.5 17퍼센타일 | 상대해수면 Vung Tau(남부 붕따우) SSP5-8.5 5퍼센타일 | 상대해수면 Vung Tau(남부 붕따우) SSP5-8.5 83퍼센타일 | 상대해수면 Vung Tau(남부 붕따우) SSP5-8.5 95퍼센타일 | 상대해수면 Vung Tau(남부 붕따우) SSP5-8.5 중앙값 | 상대해수면 상승속도 Da Nang(중부 다낭) SSP1-1.9 중앙값 | 상대해수면 상승속도 Da Nang(중부 다낭) SSP1-2.6 중앙값 | 상대해수면 상승속도 Da Nang(중부 다낭) SSP2-4.5 중앙값 | 상대해수면 상승속도 Da Nang(중부 다낭) SSP3-7.0 중앙값 | 상대해수면 상승속도 Da Nang(중부 다낭) SSP5-8.5 중앙값 | 상대해수면 상승속도 Hon Dau(북부 하이퐁) SSP1-1.9 중앙값 | 상대해수면 상승속도 Hon Dau(북부 하이퐁) SSP1-2.6 중앙값 | 상대해수면 상승속도 Hon Dau(북부 하이퐁) SSP2-4.5 중앙값 | 상대해수면 상승속도 Hon Dau(북부 하이퐁) SSP3-7.0 중앙값 | 상대해수면 상승속도 Hon Dau(북부 하이퐁) SSP5-8.5 중앙값 | 상대해수면 상승속도 Phu Quoc(남부 푸꾸옥) SSP1-1.9 중앙값 | 상대해수면 상승속도 Phu Quoc(남부 푸꾸옥) SSP1-2.6 중앙값 | 상대해수면 상승속도 Phu Quoc(남부 푸꾸옥) SSP2-4.5 중앙값 | 상대해수면 상승속도 Phu Quoc(남부 푸꾸옥) SSP3-7.0 중앙값 | 상대해수면 상승속도 Phu Quoc(남부 푸꾸옥) SSP5-8.5 중앙값 | 상대해수면 상승속도 Quy Nhon(중부 꾸이년) SSP1-1.9 중앙값 | 상대해수면 상승속도 Quy Nhon(중부 꾸이년) SSP1-2.6 중앙값 | 상대해수면 상승속도 Quy Nhon(중부 꾸이년) SSP2-4.5 중앙값 | 상대해수면 상승속도 Quy Nhon(중부 꾸이년) SSP3-7.0 중앙값 | 상대해수면 상승속도 Quy Nhon(중부 꾸이년) SSP5-8.5 중앙값 | 상대해수면 상승속도 Vung Tau(남부 붕따우) SSP1-1.9 중앙값 | 상대해수면 상승속도 Vung Tau(남부 붕따우) SSP1-2.6 중앙값 | 상대해수면 상승속도 Vung Tau(남부 붕따우) SSP2-4.5 중앙값 | 상대해수면 상승속도 Vung Tau(남부 붕따우) SSP3-7.0 중앙값 | 상대해수면 상승속도 Vung Tau(남부 붕따우) SSP5-8.5 중앙값 | 상대해수면(저신뢰도) Da Nang(중부 다낭) SSP1-2.6 17퍼센타일 | 상대해수면(저신뢰도) Da Nang(중부 다낭) SSP1-2.6 5퍼센타일 | 상대해수면(저신뢰도) Da Nang(중부 다낭) SSP1-2.6 83퍼센타일 | 상대해수면(저신뢰도) Da Nang(중부 다낭) SSP1-2.6 95퍼센타일 | 상대해수면(저신뢰도) Da Nang(중부 다낭) SSP1-2.6 중앙값 | 상대해수면(저신뢰도) Da Nang(중부 다낭) SSP5-8.5 17퍼센타일 | 상대해수면(저신뢰도) Da Nang(중부 다낭) SSP5-8.5 5퍼센타일 | 상대해수면(저신뢰도) Da Nang(중부 다낭) SSP5-8.5 83퍼센타일 | 상대해수면(저신뢰도) Da Nang(중부 다낭) SSP5-8.5 95퍼센타일 | 상대해수면(저신뢰도) Da Nang(중부 다낭) SSP5-8.5 중앙값 | 상대해수면(저신뢰도) Hon Dau(북부 하이퐁) SSP1-2.6 17퍼센타일 | 상대해수면(저신뢰도) Hon Dau(북부 하이퐁) SSP1-2.6 5퍼센타일 | 상대해수면(저신뢰도) Hon Dau(북부 하이퐁) SSP1-2.6 83퍼센타일 | 상대해수면(저신뢰도) Hon Dau(북부 하이퐁) SSP1-2.6 95퍼센타일 | 상대해수면(저신뢰도) Hon Dau(북부 하이퐁) SSP1-2.6 중앙값 | 상대해수면(저신뢰도) Hon Dau(북부 하이퐁) SSP5-8.5 17퍼센타일 | 상대해수면(저신뢰도) Hon Dau(북부 하이퐁) SSP5-8.5 5퍼센타일 | 상대해수면(저신뢰도) Hon Dau(북부 하이퐁) SSP5-8.5 83퍼센타일 | 상대해수면(저신뢰도) Hon Dau(북부 하이퐁) SSP5-8.5 95퍼센타일 | 상대해수면(저신뢰도) Hon Dau(북부 하이퐁) SSP5-8.5 중앙값 | 상대해수면(저신뢰도) Phu Quoc(남부 푸꾸옥) SSP1-2.6 17퍼센타일 | 상대해수면(저신뢰도) Phu Quoc(남부 푸꾸옥) SSP1-2.6 5퍼센타일 | 상대해수면(저신뢰도) Phu Quoc(남부 푸꾸옥) SSP1-2.6 83퍼센타일 | 상대해수면(저신뢰도) Phu Quoc(남부 푸꾸옥) SSP1-2.6 95퍼센타일 | 상대해수면(저신뢰도) Phu Quoc(남부 푸꾸옥) SSP1-2.6 중앙값 | 상대해수면(저신뢰도) Phu Quoc(남부 푸꾸옥) SSP5-8.5 17퍼센타일 | 상대해수면(저신뢰도) Phu Quoc(남부 푸꾸옥) SSP5-8.5 5퍼센타일 | 상대해수면(저신뢰도) Phu Quoc(남부 푸꾸옥) SSP5-8.5 83퍼센타일 | 상대해수면(저신뢰도) Phu Quoc(남부 푸꾸옥) SSP5-8.5 95퍼센타일 | 상대해수면(저신뢰도) Phu Quoc(남부 푸꾸옥) SSP5-8.5 중앙값 | 상대해수면(저신뢰도) Quy Nhon(중부 꾸이년) SSP1-2.6 17퍼센타일 | 상대해수면(저신뢰도) Quy Nhon(중부 꾸이년) SSP1-2.6 5퍼센타일 | 상대해수면(저신뢰도) Quy Nhon(중부 꾸이년) SSP1-2.6 83퍼센타일 | 상대해수면(저신뢰도) Quy Nhon(중부 꾸이년) SSP1-2.6 95퍼센타일 | 상대해수면(저신뢰도) Quy Nhon(중부 꾸이년) SSP1-2.6 중앙값 | 상대해수면(저신뢰도) Quy Nhon(중부 꾸이년) SSP5-8.5 17퍼센타일 | 상대해수면(저신뢰도) Quy Nhon(중부 꾸이년) SSP5-8.5 5퍼센타일 | 상대해수면(저신뢰도) Quy Nhon(중부 꾸이년) SSP5-8.5 83퍼센타일 | 상대해수면(저신뢰도) Quy Nhon(중부 꾸이년) SSP5-8.5 95퍼센타일 | 상대해수면(저신뢰도) Quy Nhon(중부 꾸이년) SSP5-8.5 중앙값 | 상대해수면(저신뢰도) Vung Tau(남부 붕따우) SSP1-2.6 17퍼센타일 | 상대해수면(저신뢰도) Vung Tau(남부 붕따우) SSP1-2.6 5퍼센타일 | 상대해수면(저신뢰도) Vung Tau(남부 붕따우) SSP1-2.6 83퍼센타일 | 상대해수면(저신뢰도) Vung Tau(남부 붕따우) SSP1-2.6 95퍼센타일 | 상대해수면(저신뢰도) Vung Tau(남부 붕따우) SSP1-2.6 중앙값 | 상대해수면(저신뢰도) Vung Tau(남부 붕따우) SSP5-8.5 17퍼센타일 | 상대해수면(저신뢰도) Vung Tau(남부 붕따우) SSP5-8.5 5퍼센타일 | 상대해수면(저신뢰도) Vung Tau(남부 붕따우) SSP5-8.5 83퍼센타일 | 상대해수면(저신뢰도) Vung Tau(남부 붕따우) SSP5-8.5 95퍼센타일 | 상대해수면(저신뢰도) Vung Tau(남부 붕따우) SSP5-8.5 중앙값 | 해수면 상승 전망(조위관측소 개체 목록),1,레코드 유형,m | mm/yr,null–null,측정항목,covered,true,verified-in-production-dom,true
B-009,생물다양성·기후 위험,score-trend,WWF BRF,접힌 원자료 표,"분석·유의사항 뒤, 출처·다운로드와 함께 제공",6,ND-GAIN 취약성 | WWF BRF | WWF BRF 물리적 위험(Scape Physical) | WWF BRF 제공 서비스(Provisioning) | WWF BRF 조절 | WWF BRF 조절 서비스(Mitigating),5,분류 | 세부 분류 | detail_2 | 기술 | 연도,지수 | 점,2026–2026,측정항목 | 세부 분류 | detail_2,covered,true,verified-in-production-dom,true
B-010,기후위험지수,score-trend,CRI 종합 순위,접힌 원자료 표,"분석·유의사항 뒤, 출처·다운로드와 함께 제공",9,2024년 최대 피해 극한기상 사건 | CRI 30년 누적 순위 | CRI 과거판 20년 누적 순위(구 방법론) | CRI 과거판 20년 누적 점수(구 방법론) | CRI 과거판 단년 순위(구 방법론) | CRI 과거판 단년 점수(구 방법론) | CRI 본문 수록 피해통계(2024년) | CRI 순위 | CRI 종합 순위,3,세부 분류 | detail_2 | 연도,사건 | 순위 | 점수 | —,2012–2024,측정항목 | 세부 분류 | detail_2 | 연도,covered,false,verified-in-production-dom,true
B-011,기후취약성지수,score-trend,ND-GAIN 종합점수 · 1995~2024년 추이,접힌 원자료 표,"분석·유의사항 뒤, 출처·다운로드와 함께 제공",12,ND-GAIN 종합점수 | ND-GAIN 준비도 | 물 하위지표 | 보건 하위지표 | 생태계 서비스 하위지표 | 식량 하위지표 | 인간 서식지 하위지표 | 인프라 하위지표 | 적응준비도(Readiness) | 취약성 구성요소 | 취약성 종합(Vulnerability) | 취약성 하위부문,2,세부 분류 | 연도,점 | 지수,1995–2024,측정항목 | 세부 분류 | 연도,covered,false,verified-in-production-dom,true
B-012,재해·재난 이력,policy-timeline,재해 유형별 사건 수 · 275건,접힌 원자료 표,"분석·유의사항 뒤, 출처·다운로드와 함께 제공",11,사건 단위 위치정보 확보 현황 | 연도별 자연재해 발생 건수 | 재해 | 재해 유형별 발생 건수 | 재해 유형별 부상자 | 재해 유형별 사망자 | 재해 유형별 이재민 | 재해 유형별 총피해액 | 재해 유형별 총피해액(물가조정) | 재해 유형별 총피해인구 | 지점(point) 단위 재해 이력,1,레코드 유형,건 | 명 | 천 US$,null–null,측정항목,not-required,true,verified-in-production-dom,true
B-013,탄소국경조정제도 영향,technology-comparison,EU 평균 탄소지불액,접힌 원자료 표,"분석·유의사항 뒤, 출처·다운로드와 함께 제공",7,EU 평균 탄소지불액 | 경제 노출지수(Economic Exposure Index) | 대EU 수출비중 | 대EU 수출액 | 무역 노출지수(Trade Exposure Index) | 생산 노출지수(Output Exposure Index) | 탄소지불액,3,세부 분류 | detail_2 | 연도,%,2022–2022,측정항목 | 세부 분류 | detail_2,covered,false,verified-in-production-dom,true
B-014,탄소세 도입 효과 전망,scenario-comparison,상세 데이터 · 12건,접힌 원자료 표,"분석·유의사항 뒤, 출처·다운로드와 함께 제공",11,GDP 변화율(기준선 대비) | GDP 영향 | 권고 탄소가격 경로 | 누적 추가 세수 | 배출 감소율 | 배출 변화율(기준선 대비) | 세수 누적액 | 연간 세수(GDP 대비) (범위 상한) | 연간 세수(GDP 대비) (범위 하한) | 탄소가격 | 탄소세 세수(GDP 대비),1,레코드 유형,% | USD/tCO₂e | 십억 USD | 십억 US$ | % of GDP/yr | US$/tCO2e,null–null,측정항목,not-required,false,verified-in-production-dom,true
B-015,탄소가격 수준,policy-timeline,시점별 기록 · 4건,접힌 원자료 표,"분석·유의사항 뒤, 출처·다운로드와 함께 제공",8,ETS 대상 시설 수 | 국가 크레딧 메커니즘 상태 | 국내 배출권거래제(ETS) 운영 상태 | 국내 배출권거래제(ETS) 운영 상태(연도별 주요 단계) | 배출권 할당량 | 탄소 가격(실효 가격) | 탄소세 | 파리협정 제6조 협력 체결 현황,2,세부 분류 | 연도,개소 | 상태 | tCO₂e | USD/tCO₂e,2020–2026,측정항목 | 세부 분류 | 연도,not-required,false,verified-in-production-dom,true
B-016,화석연료 의존도,kpi-trend,화석연료 소비 비중 · 1990~2015년 추이,접힌 원자료 표,"분석·유의사항 뒤, 출처·다운로드와 함께 제공",2,화석연료 소비 비중 | 화석연료 소비 비중(EI 기반 보완 산출),1,연도,%,1990–2025,측정항목 | 연도,not-required,false,verified-in-production-dom,true
B-017,물 스트레스,spatial-analysis,63개 성·시 · 평가구역 443개 분포,지역 선택 상세와 원자료 표,"분석·유의사항 뒤, 출처·다운로드와 함께 제공",12,가뭄 리스크 | 가뭄 위험(Drought Risk) | 기준 물 스트레스 | 기준 물스트레스 전망 | 기준 물스트레스(Baseline Water Stress) | 물 스트레스 기여 | 물 스트레스(SDG 6.4.2) | 물 스트레스(유역×성 개체 목록) | 물 스트레스(전국 순위표) | 물 스트레스(행정구역 순위표) | 하천 홍수 리스크 | 하천홍수 위험(Riverine Flood Risk),1,레코드 유형,점 | % | 비율 / 점수(0~5) / 등급 | 점수(0~5) / 순위,null–null,측정항목,covered,true,verified-in-production-dom,true
B-018,장기 국내총생산 전망,scenario-comparison,GDP(PPP) 전 구간 · 2020~2100년 추이,접힌 원자료 표,"분석·유의사항 뒤, 출처·다운로드와 함께 제공",7,1인당 GDP(PPP) | 1인당 GDP(PPP) 과거 실적(참고) | 1인당 GDP(PPP) 전 구간 | GDP(PPP) | GDP(PPP) 과거 실적(참고) | GDP(PPP) 전 구간 | GDP(PPP) 전망,2,세부 분류 | 연도,USD_2017/인 | 십억 USD_2017/yr,1980–2100,측정항목 | 세부 분류 | 연도,covered,false,verified-in-production-dom,true
B-019,장기 인구 전망,scenario-comparison,인구 전 구간 · 2020~2100년 추이,접힌 원자료 표,"분석·유의사항 뒤, 출처·다운로드와 함께 제공",3,인구 과거 실적(참고) | 인구 전 구간 | 인구 전망,2,세부 분류 | 연도,백만명,1950–2100,측정항목 | 세부 분류 | 연도,covered,false,verified-in-production-dom,true
B-020,복합 위험지수,score-trend,INFORM Risk 시계열(2017–2026) · 2017~2026년 추이,접힌 원자료 표,"분석·유의사항 뒤, 출처·다운로드와 함께 제공",11,INFORM Risk | INFORM Risk 세계 순위 | INFORM Risk 시계열(2017–2026) | INFORM Risk 위험등급 | INFORM 결측 지표 수 | INFORM 신뢰도 부족 지수 | INFORM 자료 최신성 | INFORM 추세 | INFORM 추세 | INFORM 하위지표 | 결측 지표 비율,3,세부 분류 | detail_2 | 연도,지수 | 순위 | 등급 | 개 | 점 | 년 | 원값 | %,2017–2026,측정항목 | 세부 분류 | detail_2 | 연도,covered,false,verified-in-production-dom,true
B-021,취약성지수,score-trend,6개 권역의 취약성 비교,접힌 원자료 표,"분석·유의사항 뒤, 출처·다운로드와 함께 제공",14,"GVI 7개 사회경제 차원 하위지수 | GVI 장래전망(PGVI, 2020–2100) | GVI 취약성 지수 | 구성지표 | 구성지표 | 구성지표 | 구성지표 | 구성지표 | 전망 구성지표 | 전망 구성지표 | 전망 구성지표 | 전망 구성지표 | 전망 구성지표 | 전망 구성지표",3,세부 분류 | detail_2 | 연도,지수 | % | log(USD_2017 PPP) | 년 | 세 | USD (2017 PPP) | 건/100명,1990–2100,측정항목 | 세부 분류 | detail_2 | 연도,covered,true,verified-in-production-dom,true
B-022,기후피해의 경제적 비용,score-trend,기후 투자 재원 구성,접힌 원자료 표,"분석·유의사항 뒤, 출처·다운로드와 함께 제공",7,기후 투자 재원 구성 | 기후 피해 GDP 손실(범위 상한) | 기후 피해 GDP 손실(범위 하한) | 적응 투자 필요액 | 총 투자 필요액(적응+완화) | 추가 극빈곤 인구 | 탈탄소 경로 투자 구성,2,세부 분류 | 연도,십억 US$ | % of GDP/yr | 명,2030–2050,측정항목 | 세부 분류 | 연도,not-required,false,verified-in-production-dom,true
B-023,건기/우기 유량 차이,kpi-trend,관측지점별 건기 최저·우기 최고유량,접힌 원자료 표,"분석·유의사항 뒤, 출처·다운로드와 함께 제공",11,건기 최저유량 | 건기／우기 유량 차이 - 보조 지표(문헌값: MRC 2009 | 건기／우기 유량 차이(하천 지점 개체 목록) | 메콩(Kratie) 건기 | 메콩델타 건기 유량 비중 | 메콩델타 우기 유량 비중 | 우기 최고유량 | 유역 단위 건우기 유량차(GIS 기반 산출) | 홍강(Sơn Tây) 건기 | 홍강(Sơn Tây) 우기 유량 비중 (범위 상한) | 홍강(Sơn Tây) 우기 유량 비중 (범위 하한),1,레코드 유형,m³/s | 지표별 상이(속성 열 참조) | 비(倍) | %,null–null,측정항목,not-required,true,verified-in-production-dom,true
B-024,농업 용수 비중,composition-trend,연도별 구성 변화,선택연도 구성 상세,"분석·유의사항 뒤, 출처·다운로드와 함께 제공",8,관개농업 용수생산성 (SDG 6.4.1) | 농업 용수 비중 - 지역(ADM1) 배분 추정 | 농업 용수 비중 - 지역(ADM1) 배분 추정 - 2025년 34개 체계 | 농업 용수 취수 비중 | 농업 용수 취수 비중(총 재생가능 수자원 대비) | 용수생산성 | 지역(ADM1) 관개면적 - 배분 기준 원값 | 지역(ADM1) 관개면적 - 배분 기준 원값 - 2025년 34개 체계,3,레코드 유형 | 기술 | 연도,US$/m³ | % | ha,1990–2023,측정항목 | 연도,not-required,false,verified-in-production-dom,true
B-025,유역 면적,spatial-analysis,유역 전체 면적과 베트남 내 면적,지역 선택 상세와 원자료 표,"분석·유의사항 뒤, 출처·다운로드와 함께 제공",7,유역 면적 | 유역 면적(HydroBASINS 기반 산출) | 유역 면적(베트남 국내분) | 유역 면적(유역 개체 목록) | 유역 총면적(국경 포함) | 전국 유역면적 | 전국 유역면적 집계,2,레코드 유형 | 개체 구분(Basin／Country),km²,null–null,측정항목 | 개체 구분(Basin／Country),not-required,true,verified-in-production-dom,true
B-026,유향(flow direction),spatial-analysis,선택 성·시의 8방향 비율,지역 선택 상세와 원자료 표,"분석·유의사항 뒤, 출처·다운로드와 함께 제공",6,D8 유향 분포(격자 비율) | 대권역 우세 유향 | 유향 D8 분포(성 단위 개체 목록) | 유향 D8 분포(성 단위 개체 목록) - 2025년 34개 체계 | 유향 D8 분포(성 단위 개체 목록) - 유역 단위(HydroBASINS lvl6) | 유향(전국,1,레코드 유형,% | 방위,null–null,측정항목,not-required,true,verified-in-production-dom,true
B-027,지하수 잠재량,spatial-analysis,이용가능(정규 재생) 지하수 · 2005~2023년 추이,지역 선택 상세와 원자료 표,"분석·유의사항 뒤, 출처·다운로드와 함께 제공",3,이용가능(정규 재생) 지하수 | 지하수 자원량 | 총 재생가능 지하수 자원량,4,분류 | 세부 분류 | 기술 | 연도,10⁹ m³/yr | mm/yr 또는 10⁹ m³/yr,1990–2026,측정항목 | 연도,not-required,false,verified-in-production-dom,true
B-028,하천 유량,spatial-analysis,관측지점별 유량 관측값,지역 선택 상세와 원자료 표,"분석·유의사항 뒤, 출처·다운로드와 함께 제공",14,"내부 재생가능 수자원(IRWR) | 메콩 연평균 유량 (범위 상한) | 메콩 연평균 유량 (범위 하한) | 수자원 국외 의존율 | 외부 유입 수자원 | 총 재생가능 수자원(TRWR) | 하천 유량 | 하천 유량 - 기본 지표(GloFAS 지점 연평균, 10개국 공통 원천) | 하천 유량 - 보조 지표(AQUASTAT 국가 수자원 통계 | 하천 유량 - 보조 지표(문헌 | 하천 유량 - 유역(GIS) 집계 지표(GloFAS v4 격자 → B-025 유역 출구 대표값) | 홍강(Sơn Tây) 연평균 유량 (범위 상한) | 홍강(Sơn Tây) 연평균 유량 (범위 하한) | 홍강–타이빈 수계 연유량",1,레코드 유형,km³/yr | % | m³/s | 지표별 상이(속성 열 참조),null–null,측정항목,not-required,true,verified-in-production-dom,true
B-029,산림 유형별 면적,spatial-analysis,63개 성·시 분포,지역 선택 상세와 원자료 표,"분석·유의사항 뒤, 출처·다운로드와 함께 제공",14,맹그로브 면적 | 맹그로브 면적 1996 | 맹그로브 면적(MODIS) | 맹그로브 면적(WorldCover) | 산림 유형별 면적(전국) | 습윤열대 1차림 면적 2001(ADM1 단위 개체 목록) | 습윤열대 1차림 면적 2001(ADM1 단위 개체 목록) - Province/City (2025년 34개 체계) | 습윤열대 1차림 면적(위성 기준) | 원시림 면적 | 이탄지 면적 | 이탄지 면적(성 단위 개체 목록) | 이탄지 면적(성 단위 개체 목록) - 2025년 34개 체계 | 자연재생림 면적 | 조림지 면적,1,레코드 유형,1000 ha | ha | 1000 ha / ha | ha / % | km² / 1000 ha,null–null,측정항목,not-required,true,verified-in-production-dom,true
B-030,산림 이득,spatial-analysis,63개 성·시 분포,지역 선택 상세와 원자료 표,"분석·유의사항 뒤, 출처·다운로드와 함께 제공",5,산림 이득 | 산림 이득(전국) | 수관 이득(누적) | 수관 이득(연도별) | 조림지 연간 순증(대리지표),1,레코드 유형,ha | ha/yr | 1000 ha/yr,null–null,측정항목,not-required,true,verified-in-production-dom,true
B-031,산림 총면적,spatial-analysis,산림 총면적 지역별 현황,지역 선택 상세와 원자료 표,"분석·유의사항 뒤, 출처·다운로드와 함께 제공",3,성(省)별 분석대상 면적 | 성(省)별 수관 면적(2000) | 성(省)별 수관 면적(2010),4,세부 분류 | 레코드 유형 | 기간 | 연도,ha,2000–2010,측정항목 | 세부 분류 | 기간 | 연도,not-required,true,verified-in-production-dom,true
B-032,수관 피복률,spatial-analysis,수관 피복률(%) 지역별 현황,지역 선택 상세와 원자료 표,"분석·유의사항 뒤, 출처·다운로드와 함께 제공",1,성(省)별 수관 피복률,4,세부 분류 | 레코드 유형 | 기간 | 연도,%,2000–2010,세부 분류 | 기간 | 연도,not-required,true,verified-in-production-dom,true
B-033,연간 산림손실,spatial-analysis,연간 산림손실 지역별 현황,지역 선택 상세와 원자료 표,"분석·유의사항 뒤, 출처·다운로드와 함께 제공",1,연간 수관 손실,5,세부 분류 | detail_2 | 레코드 유형 | 기간 | 연도,ha,2001–2024,detail_2 | 기간 | 연도,not-required,true,verified-in-production-dom,true
B-034,탄소 저장량,spatial-analysis,탄소 저장량 지역별 현황,지역 선택 상세와 원자료 표,"분석·유의사항 뒤, 출처·다운로드와 함께 제공",10,산림탄소 순플럭스(누계) | 산림탄소 순플럭스(연평균) | 산림탄소 총배출(누계) | 산림탄소 총배출(연간) | 산림탄소 총배출(연평균) | 산림탄소 총흡수(누계) | 산림탄소 총흡수(연평균) | 수관 면적 | 지상부 탄소밀도 | 지상부 탄소저장량,5,세부 분류 | detail_2 | 레코드 유형 | 기간 | 연도,Mg CO2e | Mg CO2e/yr | Mg CO2 | Mg CO2/yr | ha | Mg C/ha | Mg C,2000–2024,측정항목 | 세부 분류 | 기간 | 연도,not-required,true,verified-in-production-dom,true
B-035,LULUCF 관련 면적 변화,spatial-analysis,농업 총면적(Agriculture) · 1961~2024년 추이,지역 선택 상세와 원자료 표,"분석·유의사항 뒤, 출처·다운로드와 함께 제공",27,1인당 경작지 면적 | 가경지 비율(농지 대비) | 경작지 비율(농지 대비) | 경작지 비율(육지면적 대비) | 관개 정비면적 비율(경작지 대비) | 농업 총면적(Agriculture) | 농지 단위면적당 농업생산액 | 농지 비율(육지면적 대비) | 산림 비율(육지면적 대비) | 산림 탄소저장량(FAO) | 양식 | 영구 초지 | 영년생 작물 비율(농지 대비) | 유기농 경작지 | 유기농 농지 비율(농지 대비) | 유기농 인증 완료 경작지 | 유기농 인증 완료 농지 | 유기농 인증 완료 영구 초지 | 유기농 전환 | 유기농 전환 영구 초지 | 일년생 작물 재배면적 | 일년생 초지 | 일년생 휴경지 | 자연재생림 비율(산림 대비) | 조림지 비율(산림 대비) | 토지이용 면적 | 토지피복 기반 면적,5,분류 | 세부 분류 | 레코드 유형 | 기술 | 연도,ha/cap | % | 1000 ha | USD_PPP/ha | 백만 톤 C | 지표별 상이(속성 열 참조),1961–2025,측정항목 | 분류 | 세부 분류 | 연도,not-required,false,verified-in-production-dom,true
B-036,토지이용 변화율,spatial-analysis,토지이용 변화율,지역 선택 상세와 원자료 표,"분석·유의사항 뒤, 출처·다운로드와 함께 제공",6,"토지이용 변화율 | 토지피복 기반 변화율(성×기간 개체 목록) | 토지피복 기반 변화율(성×기간 개체 목록) - 2025년 34개 체계 | 토지피복 기반 변화율(전국, 성 합계) | 토지피복 변화율 | 토지피복 변화율(MODIS)",3,세부 분류 | 레코드 유형 | 연도,%/yr | 지표별 상이(속성 열 참조),2020–2024,측정항목 | 세부 분류 | 연도,not-required,false,verified-in-production-dom,true
B-037,토지피복 구성,spatial-analysis,63개 성·시 분포,지역 선택 상세와 원자료 표,"분석·유의사항 뒤, 출처·다운로드와 함께 제공",7,토지피복 면적 | 토지피복 면적(CGLS) | 토지피복 면적(MODIS) | 토지피복 면적(WorldCover) | 토지피복 분류별 면적(성 단위 개체 목록) | 토지피복 분류별 면적(성 단위 개체 목록) - 2025년 34개 체계 | 토지피복 분류별 면적(전국),1,레코드 유형,1000 ha | km²,null–null,측정항목,not-required,true,verified-in-production-dom,true
B-038,바이오매스 자원 가용량,spatial-analysis,1인당 도시폐기물 발생량 · 2015~2050년 추이,지역 선택 상세와 원자료 표,"분석·유의사항 뒤, 출처·다운로드와 함께 제공",23,"1인당 도시폐기물 발생량 | 농업잔재 자원량 | 도시폐기물 발생량 | 도시폐기물 수거율(참고) | 도시폐기물 수거율(참고, 인구 기준 | 도시폐기물 중 유기성 자원량(산출) | 도시폐기물 중 음식물 | 도시폐기물 처리경로별 비중 | 도시폐기물(MSW) 자원량 | 바이오매스 | 바이오매스 발전 설비목표(2030) | 바이오매스 에너지 잠재량 | 바이오매스 이론 부존량 | 바이오에너지 발전설비 용량(계통연계, 참고) | 바이오에너지 발전설비 용량(독립계통, 참고) | 사육두수 | 수집가능(bankable) 바이오매스 공급량 | 임업잔재 자원량 | 재생에너지 발전량 비중(참고) | 재생에너지 설비용량 비중(참고) | 전기 | 축산폐기물(가축분뇨) 자원량 | 폐자원 발전 설비목표(2030)",4,분류 | 세부 분류 | 기술 | 연도,kg/인/일 | Mt/yr | % 인구 | % 중량 | 백만 kW | MW | TJ/yr | 두 | % | t/yr | Mt VS/yr,1965–2050,측정항목 | 분류 | 세부 분류 | 기술 | 연도,not-required,false,verified-in-production-dom,true
B-039,수력 잠재량,spatial-analysis,63개 성·시 분포,지역 선택 상세와 원자료 표,"분석·유의사항 뒤, 출처·다운로드와 함께 제공",20,PDP8 개정 2030 목표 (범위 상한) | PDP8 개정 2030 목표 (범위 하한) | 개발 완료 잠재량 | 개발가능 잠재량(EVN 기준) (범위 상한) | 개발가능 잠재량(EVN 기준) (범위 하한) | 경제적 잠재량 (범위 상한) | 경제적 잠재량 (범위 하한) | 기술적 잠재량 | 설비용량 | 설비용량(참고) | 소수력 잠재량(<30MW) | 수력 설비용량 | 수력 이론 총잠재량(성 단위 개체 목록) | 수력 이론 총잠재량(성 단위 개체 목록) - 2025년 34개 체계 | 수력 잠재량 | 수력 잠재량 | 수력 잠재량(전국) - 잠재량 | 연간 수력 발전량 | 연간 수력 발전량 | 연간 수력 발전량(참고),1,레코드 유형,MW | 백만 kW | MW / TWh/yr / 백만 kW | TWh/yr · GWh/yr | MW / GWh/yr | TWh/yr | 십억 kWh/yr,null–null,측정항목,not-required,true,verified-in-production-dom,true
B-040,지열 잠재량,spatial-analysis,63개 성·시 분포,지역 선택 상세와 원자료 표,"분석·유의사항 뒤, 출처·다운로드와 함께 제공",17,기술 잠재량 | 발전 잠재량 (범위 상한) | 발전 잠재량 (범위 하한) | 심도 1km 지온 | 심도 2km 지온 | 심도 3km 지온 | 심도별 지온(성 단위 개체 목록) | 심도별 지온(성 단위 개체 목록) - 2025년 34개 체계 | 온천 | 이론 잠재량 | 지열 발전량 | 지열 발전설비 용량 | 지열 잠재량 | 지열 잠재량(전국) | 지열 저류층 온도 | 지온경사(GIS 기반 산출) | 직접이용(열) 잠재량,1,레코드 유형,MW | ℃ | ℃ / ℃·km⁻¹ | 개소 | 십억 kWh/yr | 백만 kW | ℃ / MW | MW / MWt / ℃ / 개소 | ℃/km | MWt,null–null,측정항목,not-required,true,verified-in-production-dom,true
B-041,태양광 자원,spatial-analysis,63개 성·시 분포,지역 선택 상세와 원자료 표,"분석·유의사항 뒤, 출처·다운로드와 함께 제공",17,"PVOUT 계절변동지수 | PVOUT 계절변동지수 (범위 상한) | PVOUT 계절변동지수 (범위 하한) | 기온(TEMP, PV 성능 보정용) | 산란 일사량(DIF) | 수평면 전일사량 | 수평면 전일사량(GHI) | 실용 발전량 잠재 | 실용 발전량 잠재(PVOUT Level 1) | 실용 발전량 잠재(PVOUT) | 직달 일사량 | 직달 일사량(DNI) | 최적 경사각(OPTA) | 최적경사면 일사량(GTI) | 태양광 자원(성 단위 개체 목록) (기준연도 2018) | 태양광 자원(성 단위 개체 목록) (기준연도 2018) - 2025년 34개 체계 | 태양광 자원(전국) (기준연도 2018)",1,레코드 유형,지수 | ℃ | kWh/m²/day | kWh/m²/yr | kWh/kWp/yr | kWh/kWp/day | ° | GHI·DNI kWh/m²/일 · PVOUT kWh/kWp/일 · OPTA ° · TEMP ℃ | 지표별 상이(속성 열 참조),null–null,측정항목,covered,true,verified-in-production-dom,true
B-042,풍력 자원,spatial-analysis,63개 성·시 분포,지역 선택 상세와 원자료 표,"분석·유의사항 뒤, 출처·다운로드와 함께 제공",9,평균 풍속(100m) | 풍력 에너지 장미도(방위별 에너지 비중) | 풍력 에너지밀도(100m) | 풍력 자원 | 풍력 자원(성 단위 개체 목록) (기준연도 2017) | 풍력 자원(성 단위 개체 목록) (기준연도 2017) - 2025년 34개 체계 | 풍력 자원(전국) (기준연도 2017) | 풍속 장미도(방위별 평균풍속 비중) | 풍향 빈도 장미도,1,레코드 유형,"m/s | % | W/m² | -(비율, 0~1) | m/s · W/m² | 지표별 상이(속성 열 참조)",null–null,측정항목,not-required,true,verified-in-production-dom,true
B-043,화석연료 자원량,spatial-analysis,석유 확인매장량 · 1980~2020년 추이,지역 선택 상세와 원자료 표,"분석·유의사항 뒤, 출처·다운로드와 함께 제공",13,가채연수(R/P ratio) | 가채연수(R/P) | 석유 확인매장량 | 석유 확인매장량(질량 기준) | 석탄 생산량 | 석탄 확인매장량 | 석탄 확인매장량 | 세계 확인매장량 비중 | 원유 생산량 | 천연가스 생산량 | 천연가스 확인매장량 | 천연가스 확인매장량(tcf 기준) | 확인매장량,4,세부 분류 | detail_2 | 기술 | 연도,년 | 십억 배럴 | 백만 톤 | 1000 t | 백만 단수톤 | % | 천 배럴/일 | 십억 ft³ | 조 m³ (tcm) | 조 ft³ (tcf) | —,1980–2026,측정항목 | 세부 분류 | detail_2 | 기술 | 연도,not-required,false,verified-in-production-dom,true
B-044,핵심 광물 종류,spatial-analysis,구조화된 확인 내용,지역 선택 상세와 원자료 표,"분석·유의사항 뒤, 출처·다운로드와 함께 제공",7,10개국 기준광물 목록 | 원광 수출규제 대상 광종 | 핵심광물 법 | 핵심광물 부존 상태 | 핵심광물 부존 상태 - 광종별 레코드(기준 광물 20종 + 기타) | 핵심광물 수출규제 체계(일반) - 광종별 수출규제 여부는 1.2 레코드 열 참조 | 현지조사 결과 반영,3,분류 | 레코드 유형 | 연도,— | 해당 여부 | 상태 | 열별 상이(부존 상태 텍스트 · 매장량·생산량·범위는 각 단위 열) | 텍스트,2024–2026,측정항목 | 연도,not-required,false,verified-in-production-dom,true
B-045,광물자원 국제순위,spatial-analysis,세계 매장량 비중 · 2019~2025년 추이,지역 선택 상세와 원자료 표,"분석·유의사항 뒤, 출처·다운로드와 함께 제공",5,세계 매장량 비중 | 세계 매장량 순위 | 세계 생산량 비중 | 세계 생산량 순위 | 인용 쪽,3,세부 분류 | 기술 | 연도,% | 순위 | 쪽(PDF),2019–2025,측정항목 | 세부 분류 | 연도,covered,false,verified-in-production-dom,true
B-046,광물 매장량,spatial-analysis,USGS 미수록 광종 · 5종,지역 선택 상세와 원자료 표,"분석·유의사항 뒤, 출처·다운로드와 함께 제공",10,핵심광물 매장량 미수록(리튬 | 확인 | 확인 매장량 | 확인 매장량 | 확인 매장량 | 확인 매장량 | 확인 매장량 | 확인 매장량 | 확인 매장량 | 확인 매장량,1,레코드 유형,t | 광종별 상이 - 「단위」 열 참조 (t REO / t (W 함량) / 천 t (건조 기준) / t (천연) / t (Sb 함량) / t (Sn 함량) / 천 t / 천 t (아파타이트) …) | t (Sb 함량) | t (Sn 함량) | t (W 함량) | t (천연) | t REO | 천 t | 천 t (건조 기준) | 천 t (아파타이트),null–null,측정항목,not-required,false,verified-in-production-dom,true
B-047,광물 생산량,spatial-analysis,원천 미보고 광종 · 2종,지역 선택 상세와 원자료 표,"분석·유의사항 뒤, 출처·다운로드와 함께 제공",11,광산 생산량 | 광산 생산량 | 광산 생산량 | 광산 생산량 | 광산 생산량 | 광산 생산량 | 광산 생산량 | 광산 생산량 | 생산량 미수록(구리 | 연간 생산량 - 광종별 레코드(국가×광종×연도) | 희토류 생산 급감(2024→2025) 사유,1,레코드 유형,t (Sn 함량) | t (W 함량) | t (천연) | t REO | 천 t | 천 t (건조) | 천 t (아파타이트) | 천 t (정제) | t | 광종별 상이 - 「단위」 열 참조 (t (W 함량) / 천 t (건조) / t (Sn 함량) / 천 t / t REO / t (천연) / 천 t (아파타이트) / t …) | —,null–null,측정항목,not-required,false,verified-in-production-dom,true
B-048,주요 광산 위치,spatial-analysis,상세 데이터 · 41건,지역 선택 상세와 원자료 표,"분석·유의사항 뒤, 출처·다운로드와 함께 제공",4,광산 경도 | 광산 위도 | 광종별 주요 광산 수 | 주요 광산 위치(개체 목록),1,레코드 유형,도(decimal degrees) | 개소,null–null,측정항목,not-required,true,verified-in-production-dom,true
C-001,국가 온실가스 감축목표(NDC),evidence-matrix,적응목표 과제1 · 재해 선제 대응·기후 모니터링 강화,접힌 원자료 표,"분석·유의사항 뒤, 출처·다운로드와 함께 제공",21,"2b. BAU 2030 부문별 배출량 (5개 부문) | BAU 배출 시나리오 (총량, 2014~2030 시계열) | NDC (국가 온실가스 감축 목표) | NDC-SDG 연계 | 기준정보 (기준연도 | 기준정보 (기준연도 | 무조건부 감축목표 (Unconditional Contribution, 2030) | 무조건부 감축목표 (Unconditional Contribution, 2030) | 무조건부 감축목표 (Unconditional Contribution, 2030) | 원본 링크 (URL) | 이행 재원 수요 (적응 부문 | 이행 재원 수요 (적응 부문 | 이행 재원 수요 (적응 부문 | 이행 재원 수요 (적응 부문 | 이행체계 및 모니터링 (MRV) | 이행체계 및 모니터링 (MRV) | 적응 기여 목표 (Climate Change Adaptation Contribution) | 제출 이력 (제출년도 / 문서) | 조건부 감축목표 (Conditional Contribution, 국제지원 시 2030) | 조건부 감축목표 (Conditional Contribution, 국제지원 시 2030) | 조건부 감축목표 (Conditional Contribution, 국제지원 시 2030)",1,레코드 유형,"MtCO₂e | 속성별, 1.2_entity 3행 머리글 괄호 표기 참조 | — | 년 | % | 백만 USD | URL | % of GDP | 억 USD | 억 USD(2021-2030 누적) | 년월",null–null,측정항목,covered,false,verified-in-production-dom,true
C-002,격년투명성보고서(BTR),evidence-matrix,격년투명성보고서 제출 이력·내용,접힌 원자료 표,"분석·유의사항 뒤, 출처·다운로드와 함께 제공",23,"2016년 부문×가스별 GHG 배출량 | BTR (격년투명성보고서, 舊 BUR) | GHG 순배출량 (incl. LULUCF) | GHG 총배출량 (excl. LULUCF) | 가스 종류별 배출량 (2016, 순배출 기준) | 관측 기후변화 추세 (실측) | 관측 기후변화 추세 (실측) | 기후 시나리오 전망 (SSP) | 기후 시나리오 전망 (SSP) | 기후 시나리오 전망 (SSP) | 기후변화 경제적 손실 전망 | 기후재원 (수요 | 보고서 제출 이력 (제출연도 | 보고서 제출 이력 (제출연도 | 보고서 제출 이력 (제출연도 | 보고서 제출 이력 (제출연도 | 부문별 배출량 | 원본 링크 (URL) | 인벤토리 재산정 (2006 IPCC | 적용 GWP(100년) 및 인벤토리 가이드라인 판 | 적용 GWP(100년) 및 인벤토리 가이드라인 판 | 적응 이행 및 NDC 감축 실적 | 적응 이행 및 NDC 감축 실적",1,레코드 유형,"ktCO2e | 속성별, 1.2_entity 3행 머리글 괄호 표기 참조 | ktCO₂e | mm/yr | °C/10년 | % | °C | % of GDP/yr | 백만 USD | USD | — | 년 | 년월일 | URL | 배수 | 건",null–null,측정항목,covered,false,verified-in-production-dom,true
C-003,국가적응계획(NAP),evidence-matrix,적응 재원 총 소요 2021-2030 하한,접힌 원자료 표,"분석·유의사항 뒤, 출처·다운로드와 함께 제공",30,NAP (국가 적응 계획) | 기후변화 취약성 평가 (부문별 위험도) | 모니터링 | 모니터링 | 모니터링 | 모니터링 | 부문별 취약성 평가 커버리지 | 부문별 취약성 평가 커버리지 | 수립 목적 및 법적 근거 | 수립 목적 및 법적 근거 | 원문 문서 정보 | 이해관계자 참여 및 젠더 | 이해관계자 참여 및 젠더 | 이행 단계 | 적응 과제 구성 (목표별 과제 수) | 적응 우선 분야 | 적응 재원 소요 (2021-2030) | 적응 재원 소요 (2021-2030) | 적응 재원 소요 (2021-2030) | 적응 재원 소요 세부 | 적응 재원 소요 세부 | 적응 재원 소요 세부(NAP Table 5.2) | 적응 재원 소요 세부(NAP Table 5.2) | 적응 조치 목록 | 제출 이력 (국내 승인 및 UNFCCC 등재) | 제출 이력 (국내 승인 및 UNFCCC 등재) | 제출 이력 (국내 승인 및 UNFCCC 등재) | 제출 이력 (국내 승인 및 UNFCCC 등재) | 제출 이력 (국내 승인 및 UNFCCC 등재) | 추진체계(거버넌스),1,레코드 유형,"속성별, 1.2_entity 3행 머리글 괄호 표기 참조 | 등급(정성) | — | 개 지표 | 공포일 | 주기 | 개 | 정성 목표 | 파일 | 개 절/과제군 | 정성 로드맵 | 개 과제 | 억USD(누적) | 억USD/년 | % of GDP | 10억 USD | 건 | 게재일 | 발표일 | 승인일 | 역할",null–null,측정항목,covered,false,verified-in-production-dom,true
C-004,장기 저탄소 발전전략,evidence-matrix,탈탄소 경로 2022-2040,접힌 원자료 표,"분석·유의사항 뒤, 출처·다운로드와 함께 제공",26,2030년 부문별 감축 경로 (NCCS 중간목표) | 2030년 부문별 감축 경로 (NCCS 중간목표) | 2030년 부문별 감축 경로 (NCCS 중간목표) | 2050년 부문별 감축 경로 (넷제로 경로) | 2050년 부문별 감축 경로 (넷제로 경로) | 2050년 부문별 감축 경로 (넷제로 경로) | LT-LEDS (장기 저탄소 발전 전략) | 공정전환(Just Transition) 및 국제 이니셔티브 | 공정전환(Just Transition) 및 국제 이니셔티브 | 공정전환(Just Transition) 및 국제 이니셔티브 | 넷제로 목표 및 배출 정점 | 넷제로 목표 및 배출 정점 | 부문별 탈탄소 전략 (7대 부문 주요 조치) | 산림피복 목표 | 산림피복 목표 | 에너지 전환 목표 (재생에너지 | 에너지 전환 목표 (재생에너지 | 에너지믹스 전망 세부 | 에너지믹스 전망 세부 | 원본 링크 (URL) | 이행체계 및 모니터링(MRV) | 장기 투자 | 장기 투자 | 제출 이력 및 법적 지위 | 제출 이력 및 법적 지위 | 핵심 감축 기술,1,레코드 유형,"MtCO2e | MtCO2e(순) | tCO2e/년 이상 | 속성별, 1.2_entity 3행 머리글 괄호 표기 참조 | — | 백만 USD | 십억 USD | % | 년 | %(유지) | %(이상) | 십억kWh | URL | 공포일",null–null,측정항목,covered,false,verified-in-production-dom,true
C-005,기후기술 수요 및 우선기술,evidence-matrix,"장벽 · LULUCF · 기술 · Lack of capital investment,…",접힌 원자료 표,"분석·유의사항 뒤, 출처·다운로드와 함께 제공",20,TNA (기술 수요 평가) | 감축 TAP(기술실행계획) 구조 | 감축 부문별 기술이전 장벽 | 감축 우선기술 MCDA 평가점수 | 감축 우선기술 목록 (에너지 | 감축 우선부문 평가 매트릭스 | 감축(Mitigation) 부문 우선순위 선정 (기준 | 결론 및 향후 전망 | 국제지원 프로젝트 아이디어 (감축 6건 | 국제지원 프로젝트 아이디어 (감축 6건 | 부문별 민감도 | 적응 TAP(기술실행계획) 구조 | 적응 부문별 기술이전 장벽 (사회경제 | 적응 우선기술 MCDA 평가점수 | 적응 우선기술 목록 (농업 | 적응 우선부문 평가 매트릭스 | 적응(Adaptation) 부문 우선순위 선정 (기준 | 제출 이력 및 사업 개요 (수행년도 | 제출 이력 및 사업 개요 (수행년도 | 제출 이력 및 사업 개요 (수행년도,1,레코드 유형,"속성별, 1.2_entity 3행 머리글 괄호 표기 참조 | — | 점 | 적용시기·규모 | 개 | 개소 | 등급 | 년(완료) | 코드",null–null,측정항목,covered,false,verified-in-production-dom,true
C-006,파리협정 제6조 양자협력 체계,capability-scorecard,"JCM VN001, Eco-Driving by Utilizing Digital Tachograph System",접힌 원자료 표,"분석·유의사항 뒤, 출처·다운로드와 함께 제공",19,"UNFCCC 국제 등록부 연동 현황 | 국내 이행 법적 근거 (파리협정 제6.2조 | 국내 이행 법적 근거 (파리협정 제6.2조 | 국내 이행 법적 근거 (파리협정 제6.2조 | 국내 이행 법적 근거 (파리협정 제6.2조 | 국내 탄소 레지스트리 | 상응조정(Corresponding Adjustment, CA) 체계 | 원본 링크 (URL) | 원본 링크 (URL) | 제6.2조 ITMO 이전실적 (Transfer) | 제6.2조 ITMO 이전실적 (Transfer) | 제6.2조 ITMO 이전실적 (Transfer) | 제6.2조 양자협력(ITMO) 협정 체결 현황 | 제6.2조 양자협력(ITMO) 협정 체결 현황 | 제6.2조 양자협력(ITMO) 협정 체결 현황 | 제6.4조(PACM) 이행 | 제6.4조(PACM) 이행 | 총괄 | 파리협정 제6.2조",1,레코드 유형,"— | 결정일 | 공포일 | 시행일 | 종료일 | URL | % | tCO₂e | 건 | 체결연도 | 체결일 | 속성별, 1.2_entity 3행 머리글 괄호 표기 참조",null–null,측정항목,not-required,false,verified-in-production-dom,true
C-007,파리협정 비시장 접근,portfolio-dashboard,Adaptation Benefits Mechanism (ABM),필터 가능한 개별 사업 목록,"분석·유의사항 뒤, 출처·다운로드와 함께 제공",13,"NMA 플랫폼 전체 현황 (글로벌 참고지표, GCNMA-8 기준) | NMA 플랫폼 전체 현황 (글로벌 참고지표, GCNMA-8 기준) | NMA 플랫폼 전체 현황 (글로벌 참고지표, GCNMA-8 기준) | NMA별 참여 지위 | NMA별 참여 지위 | NMA별 참여 지위 | NMA별 참여 지위 | 베트남 참여 현황 | 베트남 참여 현황 (Art 6.8 NMA 등록 | 원본 링크 (URL) | 참여 상태 코드 체계 | 파리협정 제6.8조 비시장 접근법 참여 현황 | 플랫폼 역량강화 활동 (글로벌 참고지표, Vietnam 특정 언급 없음)",1,레코드 유형,"개 | 개국 | 건 | date | — | URL | 속성별, 1.2_entity 3행 머리글 괄호 표기 참조 | 회",null–null,측정항목,not-required,false,verified-in-production-dom,true
C-008,국제 기후협력 이니셔티브,portfolio-dashboard,Can Tho City (City),필터 가능한 개별 사업 목록,"분석·유의사항 뒤, 출처·다운로드와 함께 제공",26,Cooperative Climate Initiative 참여 현황 | NAZCA 등재 개별 행위자 명부 | NAZCA 등재 행위자 | NAZCA 참여형태(Engagement) 집계 | UNFCCC Party 주요 일자 | 개별 행위자 목록 확보 가능성 | 개별 행위자 목록 확보 가능성 | 기후 분야 (감축 / 적응) | 원본 링크 (URL) | 이니셔티브 명 | 이니셔티브별 국내 이행조치 | 이니셔티브별 국내 이행조치 | 이니셔티브별 국내 이행조치 | 이니셔티브별 국내 이행조치 | 이니셔티브별 국내 이행조치 | 이니셔티브별 국내 이행조치 | 이니셔티브별 국내 이행조치 | 이니셔티브별 국내 이행조치 | 주제 (에너지 / 산림 / 수송 / 도시 등) | 주제 (에너지 / 산림 / 수송 / 도시 등) | 참여 국가 | 참여 국가 | 참여 국가 | 참여 상태 (Active / Completed) | 참여 연도 | 참여 연도,2,레코드 유형 | [이니셔티브] 운영 상태,"속성별, 1.2_entity 3행 머리글 괄호 표기 참조 | 건 | 일자 | — | URL | % | %(2020년 대비) | MtCO₂ | 만 ha | 백만 tCO₂e | 억 USD | 개 | 개국(베트남 포함)",null–null,측정항목 | [이니셔티브] 운영 상태,not-required,true,verified-in-production-dom,true
C-009,기후변화 법·제도,policy-timeline,전력법(구법),접힌 원자료 표,"분석·유의사항 뒤, 출처·다운로드와 함께 제공",40,GHG 감축 시행령 규정 내용 (Decree 06/2022 | GHG 감축 시행령 규정 내용 (Decree 06/2022 | GHG 감축 시행령 규정 내용 (Decree 06/2022 | GHG 감축 시행령 규정 내용 (Decree 06/2022 | GHG 감축 시행령 규정 내용 (Decree 06/2022 | GHG 인벤토리 대상 | GHG 인벤토리 대상 | 국가기후변화전략 2050 | 국가기후변화전략 2050 | 국가기후변화전략 2050 | 기후 법제도 현황 | 대상 분야 (감축 / 적응 / 에너지 / 산업) | 법령 제 | 법령 제정 | 법령명 | 상태 (시행중 / 폐지 / 계류) | 시행 연도 | 원본 링크 (URL) | 유형 (법률 / 시행령 / 규제 / 인센티브) | 전력법 | 전력법 | 전력부문 개발계획(PDP8) 목표 | 전력부문 개발계획(PDP8) 목표 | 전력부문 개발계획(PDP8) 목표 | 전력부문 개발계획(PDP8) 목표 | 전력부문 개발계획(PDP8) 목표 | 전력부문 개발계획(PDP8) 목표 | 전력부문 개발계획(PDP8) 목표 | 전력부문 개발계획(PDP8) 목표 | 주관 부처 | 지방 법규 문서 유형 | 지방 법규 수집 가능성 | 지방 법규 실례 | 지방행정 통합 | 탄소시장 설립 | 탄소시장 설립 | 탄소시장 설립 | 탄소시장 설립 | 탄소시장 설립 | 환경보호법 핵심 조항,1,레코드 유형,"— | 계획 | 업종(3개) | 제도 | 조항 | 6개 부문 | 개소 | %(2030년까지) | %·MtCO₂e | 목표년도 | 속성별, 1.2_entity 3행 머리글 괄호 표기 참조 | 일자 | 법령번호 | URL | 구성 | %(2030) | %(2050) | GW(2030 이후) | GW(2030) | MW | MW(2035) | MtCO₂e(2030) | 백만톤CO2e | 개 | 기간 | 기관 | 년",null–null,측정항목,not-required,false,verified-in-production-dom,true
C-010,환경 법·제도,policy-timeline,생물다양성법(2008),접힌 원자료 표,"분석·유의사항 뒤, 출처·다운로드와 함께 제공",28,"기타 환경 관련 법제도 현황 | 대기 | 대기 | 법제 개정 현황 | 법제 목록 개요 (환경보호 관련 법령 | 법제 목록 개요 (환경보호 관련 법령 | 법제 목록 개요 (환경보호 관련 법령 | 생물다양성 법제 (생물다양성법 20/2008/QH12 + 국가생물다양성전략 2030) | 생산자책임재활용(EPR) 제도 | 생산자책임재활용(EPR) 제도 (LEP 제54 | 생산자책임재활용(EPR) 제도 (LEP 제54 | 생산자책임재활용(EPR) 제도 (LEP 제54 | 생산자책임재활용(EPR) 제도 (LEP 제54 | 생산자책임재활용(EPR) 제도 (LEP 제54 | 수자원법 (Law on Water Resources, 28/2023/QH15) | 수자원법 (Law on Water Resources, 28/2023/QH15) | 수자원법 (Law on Water Resources, 28/2023/QH15) | 원본 링크 (URL) | 지방 법규 문서 유형 | 지방 법규 수집 가능성 | 지방 법규 실례 | 지방행정 통합 | 환경영향평가(EIA) | 환경영향평가(EIA) | 환경영향평가(EIA) | 환경영향평가(EIA) | 환경영향평가(EIA) | 환경영향평가(EIA)",1,레코드 유형,"속성별, 1.2_entity 3행 머리글 괄호 표기 참조 | 건 폐지 | 법령번호 | — | 근거조항 | 시행일 | % | VND | 동/kg, 동/20개비 | 부처 | 장/조 | URL | 개 | % 이상 증가 | 개정조항 | 명 | 신설조항 | 영업일",null–null,측정항목,covered,false,verified-in-production-dom,true
C-011,치안·안전 정보,score-trend,"고의살인율(UNODC/WDI), 2001년",접힌 원자료 표,"분석·유의사항 뒤, 출처·다운로드와 함께 제공",18,범죄 통계 (정량지표) | 범죄 통계 (정량지표) | 베트남 여행경보 현황 및 해외 비교 | 베트남 여행경보 현황 및 해외 비교 | 베트남 여행경보 현황 및 해외 비교 | 베트남 여행경보 현황 및 해외 비교 | 베트남 현지 긴급신고 번호 | 성 단위 치안지표 | 성 단위 치안지표 공표 여부 | 여행경보 등급 체계 (외교부 4단계 정의) | 여행경보 등급 체계 (외교부 4단계 정의) | 원본 링크 (URL) | 재외공관 연락처 | 최근 안전공지 (2026-07 기준) | 치안 | 현지 치안 상황 서술 (OSAC/미 국무부) | 현지 치안 상황 서술 (OSAC/미 국무부) | 현지 치안 상황 서술 (OSAC/미 국무부),1,레코드 유형,"건/10만명 | 지수 | — | 년월 | 등급 | 등급(1~4) | 전화번호 | 경보색상 | URL | 전화 | 공지일 | 속성별, 1.2_entity 3행 머리글 괄호 표기 참조 | OSAC 대미기준 등급 | 위협등급",null–null,측정항목,covered,false,verified-in-production-dom,true
C-012,민관협력·조달 제도,evidence-matrix,PPP 제도 국가 요약,접힌 원자료 표,"분석·유의사항 뒤, 출처·다운로드와 함께 제공",25,PPP 법률 유무 | PPP 법률 유무 | PPP 법률 유무 | PPP 법률 유무 | PPP 법제도 | PPP 전담 기관 | PPP 전담 기관 | PPP 프로젝트 이력 (건수) | PPP 프로젝트 이력 (건수) | PPP 프로젝트 이력 (건수) | PPP 프로젝트 이력 (건수) | VfM(Value for Money) 평가 의무 여부 | 계약 유형 (BOT / BOO / Concession 등) | 계약 유형 (BOT / BOO / Concession 등) | 법령 제 | 법령 제 | 분쟁해결 | 원본 링크 (URL) | 재무 요건 (자기자본 | 재무 요건 (자기자본 | 적용대상 분야 및 프로젝트 분류 | 적용대상 분야 및 프로젝트 분류 | 조달 방식 (경쟁입찰 / 협상 / 지명) | 조달 방식 (경쟁입찰 / 협상 / 지명) | 투자자 인센티브,1,레코드 유형,"문서번호 | 법률 | 시행령번호 | 일자 | 속성별, 1.2_entity 3행 머리글 괄호 표기 참조 | — | 기관 | 건 | 백만 USD | 행 | 계약유형 | 종 | 시행일 | 관할 | URL | % | 비율 | 단계 | 방식",null–null,측정항목,not-required,true,verified-in-production-dom,true
C-013,외국인 투자제도,evidence-matrix,일반 원칙(조건부 업종 외),접힌 원자료 표,"분석·유의사항 뒤, 출처·다운로드와 함께 제공",35,(참고) 소액투자자 보호 | (참고) 창업 소요일수 | (참고) 창업 절차 수 | FTA 건수 | 미-베트남 BIT 체결 여부 | 발효 BIT 건수 | 법인세 50% 감면기간 | 법인세 면제기간 | 법인세 우대세율 | 법인세 표준세율 | 부실은행 인수 | 성 | 성 | 성 | 성 | 성 비조세 투자지원 실례 | 송금 전 SBV 사전통지 기한 | 송금 통화 | 수익 송금 조건 | 수입관세 면제 여부 | 시장접근 조건부 업종 수 | 외국인 지분 한도(일반 원칙) | 외국인 투자 규정 | 은행업 개인 외국인투자자 한도 | 은행업 기관 외국인투자자 한도 | 은행업 외국인 지분 총한도 | 은행업 전략적 투자자 한도 | 인센티브 우대 분야 | 인센티브 우대 지역 | 지방 인센티브 권한 | 지방 인센티브 권한 | 토지 | 통신(OTT | 투자조항 포함 협정(TIP) 건수 | 항공,1,레코드 유형,"점 | 일 | 절차 | 건 | — | 년 | % | 십억 VND(tỷ đồng) | 영업일 | 개 업종 | 속성별, 1.2_entity 3행 머리글 괄호 표기 참조 | 개",null–null,측정항목,covered,true,verified-in-production-dom,true
C-014,사업 인허가 절차,evidence-matrix,"건설 관련 허가(construction-related permit), B-READY 지표 · B-READY 2024",접힌 원자료 표,"분석·유의사항 뒤, 출처·다운로드와 함께 제공",30,건축 허가 절차 | 건축 허가 절차 | 건축 허가 절차 | 건축 허가 절차 | 데이터 출처 및 산정 방법 | 데이터 출처 및 산정 방법 | 데이터 출처 및 산정 방법 | 원본 링크 (URL) | 인허가 유형별 비교 (절차 수 | 인허가 유형별 비교 (절차 수 | 인허가 유형별 비교 (절차 수 | 인허가 프로세스 | 전력 사업 허가 절차 | 전력 사업 허가 절차 | 전력 사업 허가 절차 | 전력 사업 허가 절차 | 전력 사업 허가 절차 | 전력 사업 허가 절차 | 토지 취득 절차 | 토지 취득 절차 | 토지 취득 절차 | 토지 취득 절차 | 토지 취득 절차 | 품질 | 품질 | 환경영향평가(EIA) 절차 | 환경영향평가(EIA) 절차 | 환경영향평가(EIA) 절차 | 환경영향평가(EIA) 절차 | 환경영향평가(EIA) 절차,1,레코드 유형,"% (창고가치 대비) | VND | 일 | 절차 | — | 통화 | URL | 속성별, 1.2_entity 3행 머리글 괄호 표기 참조 | % (1인당 소득 대비) | 년 | % (재산가치 대비) | 일(온라인, 1일 미만) | /15 | /8 | 백만 VND",null–null,측정항목,covered,false,verified-in-production-dom,true
C-015,정책·제도 원문자료,evidence-matrix,수출입관세법(2016),접힌 원자료 표,"분석·유의사항 뒤, 출처·다운로드와 함께 제공",3,재생에너지 법제도 원본 링크 | 정책 문서 원본 링크 레지스트리 | 지정 출처 상태 및 데이터 보완 이력,1,레코드 유형,"속성별, 1.2_entity 3행 머리글 괄호 표기 참조 | URL | —",null–null,측정항목,not-required,false,verified-in-production-dom,true
C-016,재생에너지 발주·확대계획,spatial-analysis,발전원·계획기간별 지역 비교,지역 선택 상세와 원자료 표,"분석·유의사항 뒤, 출처·다운로드와 함께 제공",8,바이오매스발전(điện sinh khối) 계획용량 | 소수력(thủy điện nhỏ) 계획용량 | 수력 30MW초과~50MW미만 계획용량 | 양수발전(thủy điện tích năng) 계획용량 | 옥상태양광(ĐMT mái nhà) 계획용량 | 육상 근해 풍력(điện gió trên bờ và gần bờ) 계획용량 | 집중형 태양광(ĐMT tập trung) 계획용량 | 폐기물발전(điện rác) 계획용량,3,세부 분류 | 레코드 유형 | 기간,MW,null–null,측정항목 | 세부 분류 | 기간,not-required,true,verified-in-production-dom,true
C-017,재생에너지 투자 인센티브,evidence-matrix,"수입관세 면제 - 원자재, 부품 5년(특별우대분야, 특별곤란지역)",접힌 원자료 표,"분석·유의사항 뒤, 출처·다운로드와 함께 제공",13,미도입 인센티브 유형 | 성별 재생에너지 지원제도 | 성별 재생에너지 지원제도 | 인센티브 유형 | 인센티브 유형 | 인센티브 유형 | 인센티브 유형 | 인센티브 유형 | 인센티브 유형 | 인센티브 유형 | 인센티브 조건 (가격 / 기간 / 용량) | 인센티브 조건 (가격 / 기간 / 용량) | 재생에너지 투자 인센티브,1,레코드 유형,"— | 건 | % (총발전량 상한) | %(15년) | VND/kWh | đồng/kWh | 년 | 년(최대) | % | 속성별, 1.2_entity 3행 머리글 괄호 표기 참조",null–null,측정항목,not-required,false,verified-in-production-dom,true
C-018,중장기 에너지 전망,scenario-comparison,개정 PDP8의 전원별 설비 계획과 수요 전망,접힌 원자료 표,"분석·유의사항 뒤, 출처·다운로드와 함께 제공",16,RE 비중 목표 | 도매 전력시장 가격 공표 | 발전 설비 확충 계획 | 실적 전력가격 | 실적 전력가격 | 실적 전력가격 | 에너지 수요 전망 | 에너지 수요 전망 | 전력 수요 성장률 | 전력 수출입 계획 | 전력 수출입 계획 | 전력부문 온실가스(GHG) 배출 전망 | 전망 기관 | 전망 기관 | 중장기 에너지 전망 | 표준 PPA 근거,1,레코드 유형,"% | — | MW | UScent/kWh | VND/kWh | đồng/kWh | 십억kWh | %/년 | 백만톤CO₂ | 기관 | 속성별, 1.2_entity 3행 머리글 괄호 표기 참조",null–null,측정항목,covered,false,verified-in-production-dom,true
C-019,탄소시장 법·제도와 예산,policy-timeline,탄소시장 제도·세율·시행 일정,접힌 원자료 표,"분석·유의사항 뒤, 출처·다운로드와 함께 제공",34,C-019 | C-019 | C-019 ① | C-019 ① | C-019 ① | C-019 ① | C-019 ① | C-019 ① | C-019 ② | C-019 ② | C-019 ② | C-019 ② | C-019 ② | C-019 ② | C-019 ② | C-019 ② | C-019 ② | C-019 ② | C-019 ② | C-019 ③ | C-019 ③ | C-019 ③ | C-019 ④ | ETS 유연성 | ETS 유연성 | ETS 유연성 | MRV(모니터링 | MRV(모니터링 | 법적 근거 체계 (모법 | 법적 근거 체계 (모법 | 법적 근거 체계 (모법 | 시장 규제 | 원본 링크 (URL) | 탄소 시장 관련 법률,1,레코드 유형,"— | 개사 | USD/tCO₂e | VND/L | đồng/L | đồng/kg | đồng/t | % | MtCO₂e | VND | VND/tCO₂e | tCO₂e | 개 | 기간 | 년월 | 년월일 | VND/kWh | 시행령번호 | 년 | 결정번호 | 법률번호 | URL | 속성별, 1.2_entity 3행 머리글 괄호 표기 참조",null–null,측정항목,covered,false,verified-in-production-dom,true
C-020,온실가스 감축사업 기초정보,status-only,온실가스 감축사업 타당성 기초 정보,없음,"분석·유의사항 뒤, 출처·다운로드와 함께 제공",0,,0,,,null–null,,not-required,false,verified-in-production-dom,true
C-021,자발적 탄소시장 사업목록,status-only,자발적 탄소시장(VCM) 사업 파이프라인,없음,"분석·유의사항 뒤, 출처·다운로드와 함께 제공",0,,0,,,null–null,,not-required,false,verified-in-production-dom,true
C-022,탄소시장 준비도,capability-scorecard,현장 확인 — 1. Legal & Regulatory,접힌 원자료 표,"분석·유의사항 뒤, 출처·다운로드와 함께 제공",20,ETS 시범사업 로드맵 | MRV(모니터링 | 배출허용총량(배출예산) | 법적 | 법적 | 상쇄배출권(오프셋) 적격기준 | 소관기관 | 수집 상태 및 보완 경로 | 시장 규제 및 시장설계 | 원본 링크 (URL) | 유연성 메커니즘 | 유연성 메커니즘 | 유연성 메커니즘 | 이행의무 및 제재 | 이행의무 및 제재 | 적용대상 부문 및 시설 | 탄소시장 준비도 | 탄소시장 준비도 | 탄소시장 준비도 | 할당 방식,1,레코드 유형,"기간 | — | MtCO₂e | % | URL | %(배분기간별 상쇄의무 대비) | %(익기 배분량 대비) | 백만 đồng | 개 | 속성별, 1.2_entity 3행 머리글 괄호 표기 참조 | 점",null–null,측정항목,covered,true,verified-in-production-dom,true
C-023,한계저감비용,status-only,상태와 향후 수집방향,없음,"분석·유의사항 뒤, 출처·다운로드와 함께 제공",0,,0,,,null–null,,not-required,false,verified-in-production-dom,true
C-024,산림전용 방지 및 산림보전(REDD+),capability-scorecard,"FCPF ERPA 대상 성, Thanh Hóa",접힌 원자료 표,"분석·유의사항 뒤, 출처·다운로드와 함께 제공",10,FREL/FRL 제출 여부 | RBP 검증 배출감축량 | REDD+ 결과기반지불 | REDD+ 결과기반지불 | REDD+ 결과기반지불 | REDD+ 국가전략 수립 여부 | REDD+ 현황 | 세이프가드 정보시스템(SIS) 구축 여부 | 수정 FRL 값 | 참여 기금,1,레코드 유형,"— | MtCO₂e | USD/tCO₂e | 백만 USD | 속성별, 1.2_entity 3행 머리글 괄호 표기 참조 | tCO₂e/yr",null–null,측정항목,not-required,true,verified-in-production-dom,true
C-025,탄소크레딧 사업 및 발행실적,portfolio-dashboard,사업 목록,필터 가능한 개별 사업 목록,"분석·유의사항 뒤, 출처·다운로드와 함께 제공",17,CDM 크레딧 소각량 | GCC 등록 심사중 프로젝트 수 | GCC 등록 프로젝트 검증 연간 감축량 합계 | GCC 등록 프로젝트 수 | Gold Standard 등록 프로젝트 수 | Gold Standard 연간 예상 크레딧 합계 | Gold Standard 인증 완료 | JCM 등록 프로젝트 수 | JCM 베트남 배분량 | JCM 크레딧 발행량 | JCM 크레딧 소각량 | VCM 프로젝트 총계(Verra+GS) | Verra VCS 등록 프로젝트 수 | Verra VCS 등록완료(Registered) | Verra VCS 연간 예상 감축량 합계 | 탄소크레딧 발행 | 탄소크레딧 프로젝트 레지스트리 (Verra VCS,2,레코드 유형 | status,"tCO₂e | 건 | tCO₂e/년 | tCO₂e/yr | 속성별, 1.2_entity 3행 머리글 괄호 표기 참조 | —",null–null,측정항목 | status,not-required,true,verified-in-production-dom,true
D-001,단위 사업당 CAPEX,technology-comparison,기술별 설비용량당 투자비 · 2024년 자료,접힌 원자료 표,"분석·유의사항 뒤, 출처·다운로드와 함께 제공",1,단위 사업당 CAPEX,5,분류 | 세부 분류 | detail_2 | 기술 | 연도,USD/kW,2024–2024,분류 | 세부 분류 | detail_2 | 기술,not-required,false,verified-in-production-dom,true
D-002,시장 성장률,technology-comparison,시장 성장률,접힌 원자료 표,"분석·유의사항 뒤, 출처·다운로드와 함께 제공",1,시장 성장률,4,분류 | 세부 분류 | 기술 | 연도,%,2000–2030,분류 | 기술 | 연도,not-required,false,verified-in-production-dom,true
D-003,예상 감축량,technology-comparison,예상 감축량,접힌 원자료 표,"분석·유의사항 뒤, 출처·다운로드와 함께 제공",4,예상 감축량 | 예상 감축량 | 예상 감축량 | 예상 감축량,5,분류 | 세부 분류 | 레코드 유형 | 기술 | 연도,tCO2/20년·MW | tCO2/y | tCO2/년·MW | 건,2023–2025,측정항목 | 분류 | 세부 분류 | 기술 | 연도,not-required,false,verified-in-production-dom,true
D-004,크레딧 가격 연동 수익성,technology-comparison,크레딧 가격 연동 수익성,접힌 원자료 표,"분석·유의사항 뒤, 출처·다운로드와 함께 제공",1,크레딧 가격 연동 수익성,4,분류 | 세부 분류 | 기술 | 연도,%,2026–2026,분류 | 기술,covered,false,verified-in-production-dom,true
D-005,감축/적응 구분별 예산 배분 비율,composition-trend,대표 예산 배분 구조,선택연도 구성 상세,"분석·유의사항 뒤, 출처·다운로드와 함께 제공",1,감축/적응 구분별 예산 배분 비율,3,분류 | 세부 분류 | 연도,%,2010–2020,분류 | 세부 분류 | 연도,covered,false,verified-in-production-dom,true
D-006,기후 관련 조세 수입,multi-metric-trend,기후 관련 조세 수입 · 2019~2024년 추이,접힌 원자료 표,"분석·유의사항 뒤, 출처·다운로드와 함께 제공",7,기후 관련 조세 수입 | 기후 관련 조세 수입 | 기후 관련 조세 수입 | 기후 관련 조세 수입 | 기후 관련 조세 수입 | 기후 관련 조세 수입 | 기후 관련 조세 수입,3,분류 | 세부 분류 | 연도,% | % of GDP | USD/tCO2e | VND | VND/L | VND/t | 현지통화,1995–2026,측정항목 | 분류 | 세부 분류 | 연도,not-required,false,verified-in-production-dom,true
D-007,"기후예산태깅(CBT, Climate Budget Tagging) 도입 여부 및 수준",policy-timeline,시점별 기록 · 1건,접힌 원자료 표,"분석·유의사항 뒤, 출처·다운로드와 함께 제공",1,기후예산태깅(CBT),3,분류 | 세부 분류 | 연도,구분,2015–2022,분류 | 세부 분류 | 연도,not-required,false,verified-in-production-dom,true
D-008,주관 부처별 기후 예산 규모,multi-metric-trend,주관 부처별 기후 예산 규모,접힌 원자료 표,"분석·유의사항 뒤, 출처·다운로드와 함께 제공",2,주관 부처별 기후 예산 규모 | 주관 부처별 기후 예산 규모,3,분류 | 세부 분류 | 연도,% | VND,2012–2020,측정항목 | 분류 | 세부 분류 | 연도,not-required,true,verified-in-production-dom,true
D-009,기후대응·기후기술 관련 정부 예산,multi-metric-trend,기후대응 정부 예산,접힌 원자료 표,"분석·유의사항 뒤, 출처·다운로드와 함께 제공",5,D-009_environmental_protection_expenditure_lcu | D-009_environmental_protection_expenditure_pct_gdp | 기후대응 정부 예산 | 기후대응 정부 예산 | 기후대응 정부 예산,3,분류 | 세부 분류 | 연도,LCU | % of GDP | % | USD | VND,2013–2020,측정항목 | 분류 | 세부 분류 | 연도,not-required,false,verified-in-production-dom,true
D-010,화석연료 보조금 규모,multi-metric-trend,화석연료 보조금 규모 · 2021~2024년 추이,접힌 원자료 표,"분석·유의사항 뒤, 출처·다운로드와 함께 제공",3,화석연료 보조금 규모 | 화석연료 보조금 규모 | 화석연료 보조금 규모,3,분류 | 세부 분류 | 연도,% | USD | USD/L,2020–2024,측정항목 | 분류 | 세부 분류 | 연도,covered,false,verified-in-production-dom,true
D-011,개도국 내 각국별 ODA 규모,technology-comparison,연도별 총 ODA,접힌 원자료 표,"분석·유의사항 뒤, 출처·다운로드와 함께 제공",1,개도국 내 각국별 ODA 규모,4,분류 | 세부 분류 | 기술 | 연도,USD,2020–2024,분류 | 세부 분류 | 연도,not-required,false,verified-in-production-dom,true
D-012,경쟁국 민간기업의 개도국 진출 현황,technology-comparison,연도별 진출 사례 수,접힌 원자료 표,"분석·유의사항 뒤, 출처·다운로드와 함께 제공",2,경쟁국 민간기업의 개도국 진출 현황 | 경쟁국 민간기업의 개도국 진출 현황,1,레코드 유형,MW | 건,null–null,측정항목,not-required,true,verified-in-production-dom,true
D-013,녹색성장지수,score-trend,GGGI Green Growth Index,접힌 원자료 표,"분석·유의사항 뒤, 출처·다운로드와 함께 제공",1,GGGI Green Growth Index,3,분류 | 세부 분류 | 연도,점,2024–2026,분류 | 세부 분류 | 연도,covered,false,verified-in-production-dom,true
D-014,대외경제협력기금 사업,portfolio-dashboard,연도별 사업 수,필터 가능한 개별 사업 목록,"분석·유의사항 뒤, 출처·다운로드와 함께 제공",2,EDCF 프로젝트 | EDCF 프로젝트,1,레코드 유형,USD | 건,null–null,측정항목,not-required,true,verified-in-production-dom,true
D-015,한국 공적개발원조 사업,portfolio-dashboard,연도별 사업 기록 수,필터 가능한 개별 사업 목록,"분석·유의사항 뒤, 출처·다운로드와 함께 제공",2,ODA Korea 프로젝트 | ODA Korea 프로젝트,1,레코드 유형,USD | 건,null–null,측정항목,not-required,true,verified-in-production-dom,true
D-016,정부·지방자치단체 협력사업,portfolio-dashboard,연도별 사업 기록 수,필터 가능한 개별 사업 목록,"분석·유의사항 뒤, 출처·다운로드와 함께 제공",2,지자체 | 지자체,1,레코드 유형,USD | 건,null–null,측정항목,not-required,true,verified-in-production-dom,true
D-017,한국 ODA 사업기획·입찰,portfolio-dashboard,연도별 사업 수,필터 가능한 개별 사업 목록,"분석·유의사항 뒤, 출처·다운로드와 함께 제공",2,한국 ODA 기관 PCP/입찰 현황 | 한국 ODA 기관 PCP/입찰 현황,1,레코드 유형,USD | 건,null–null,측정항목,not-required,true,verified-in-production-dom,true
D-018,적응기금 사업,portfolio-dashboard,연도별 사업 수,필터 가능한 개별 사업 목록,"분석·유의사항 뒤, 출처·다운로드와 함께 제공",2,Adaptation Fund 프로젝트 | Adaptation Fund 프로젝트,3,분류 | 세부 분류 | 레코드 유형,USD | 건,null–null,측정항목 | 분류 | 세부 분류,not-required,true,verified-in-production-dom,true
D-019,CTCN 기술지원,portfolio-dashboard,연도별 기술지원 요청 수,필터 가능한 개별 사업 목록,"분석·유의사항 뒤, 출처·다운로드와 함께 제공",2,CTCN 기술지원 요청 | CTCN 기술지원 요청,2,레코드 유형 | 기술분야,USD | 건,null–null,측정항목 | 기술분야,not-required,true,verified-in-production-dom,true
D-020,녹색기후기금 사업,portfolio-dashboard,연도별 사업 수,필터 가능한 개별 사업 목록,"분석·유의사항 뒤, 출처·다운로드와 함께 제공",3,GCF 승인 프로젝트 건수 | GCF 승인 프로젝트 레지스트리 | GCF 승인액 총계,1,레코드 유형,건 | USD,null–null,측정항목,not-required,true,verified-in-production-dom,true
D-021,국제기구·개발은행 사업,portfolio-dashboard,연도별 지원 활동 수,필터 가능한 개별 사업 목록,"분석·유의사항 뒤, 출처·다운로드와 함께 제공",2,주요 국제기구 | 주요 국제기구,1,레코드 유형,USD | 건,null–null,측정항목,not-required,true,verified-in-production-dom,true
D-022,개발금융·민관협력 투자사업,portfolio-dashboard,연도별 사업 수,필터 가능한 개별 사업 목록,"분석·유의사항 뒤, 출처·다운로드와 함께 제공",3,MDB | MDB/DFI/PPP 투자 프로젝트 | MDB/DFI/PPP 투자 프로젝트,1,레코드 유형,건 | USD,null–null,측정항목,not-required,true,verified-in-production-dom,true
D-023,국제협력·기후재원 사업,portfolio-dashboard,연도별 사업 수,필터 가능한 개별 사업 목록,"분석·유의사항 뒤, 출처·다운로드와 함께 제공",3,ODA 및 기후기금 재원 | ODA 및 기후기금 재원 | ODA 및 기후기금 재원,3,분류 | 레코드 유형 | 연도,USD | USD 백만 | 건,2025–2025,측정항목 | 분류,not-required,true,verified-in-production-dom,true
D-024,벤처·임팩트 투자,portfolio-dashboard,연도별 투자 거래 수,필터 가능한 개별 사업 목록,"분석·유의사항 뒤, 출처·다운로드와 함께 제공",3,VC | VC | VC,3,분류 | 레코드 유형 | 연도,USD | 개사 | 건,2026–2026,측정항목,not-required,false,verified-in-production-dom,true
D-025,민간 인프라 투자,portfolio-dashboard,연도별 사업 수,필터 가능한 개별 사업 목록,"분석·유의사항 뒤, 출처·다운로드와 함께 제공",2,민간 인프라 투자(PPI) | 민간 인프라 투자(PPI),1,레코드 유형,USD | 건,null–null,측정항목,not-required,true,verified-in-production-dom,true
D-026,정치적 위험 보증사업,portfolio-dashboard,연도별 보증사업 수,필터 가능한 개별 사업 목록,"분석·유의사항 뒤, 출처·다운로드와 함께 제공",2,MIGA 정치적 리스크 보증 | MIGA 정치적 리스크 보증,1,레코드 유형,USD | 건,null–null,측정항목,not-required,true,verified-in-production-dom,true
E-001,CTCN 국가지정기구,directory,기관 디렉터리 · 18곳,필터 가능한 기관 목록,"분석·유의사항 뒤, 출처·다운로드와 함께 제공",1,CTCN NDE(국가지정기구),2,레코드 유형 | orgCategory,해당없음,null–null,orgCategory,not-required,true,verified-in-production-dom,true
E-002,파리협정 국가지정기관,directory,기관 디렉터리 · 46곳,필터 가능한 기관 목록,"분석·유의사항 뒤, 출처·다운로드와 함께 제공",2,DNA(국가지정기관) | DNA(국가지정기관),3,a64Status | 레코드 유형 | recordStatus,건 | 해당없음,null–null,측정항목 | a64Status | recordStatus,not-required,true,verified-in-production-dom,true
E-003,녹색기후기금 국가지정기관,directory,기관 디렉터리 · 기관 3곳 · 담당자 8명,필터 가능한 기관 목록,"분석·유의사항 뒤, 출처·다운로드와 함께 제공",1,GCF NDA(국가지정기관),2,레코드 유형 | role,해당없음,null–null,role,not-required,false,verified-in-production-dom,true
E-004,국제기구 현지사무소,directory,기관 디렉터리 · 현지 사무소 17곳,필터 가능한 기관 목록,"분석·유의사항 뒤, 출처·다운로드와 함께 제공",1,국제기구 현지사무소 담당자,6,city | collectionStatus | contactType | 레코드 유형 | orgType | recordStatus,해당없음,null–null,city | collectionStatus | contactType | orgType | recordStatus,not-required,true,verified-in-production-dom,true
E-005,대학·연구기관·시민사회,directory,기관 디렉터리 · 20곳,필터 가능한 기관 목록,"분석·유의사항 뒤, 출처·다운로드와 함께 제공",1,대학,4,city | 레코드 유형 | orgType | 국제협력 실적 구분,기관(건),null–null,city | orgType | 국제협력 실적 구분,not-required,true,verified-in-production-dom,true
E-006,현지 투자자 네트워크,directory,베트남 소재 기관 · 8곳 · 도시 단위,필터 가능한 기관 목록,"분석·유의사항 뒤, 출처·다운로드와 함께 제공",1,현지 투자자 네트워크,10,amountStatus | amountType | city | collectionStatus | 레코드 유형 | fundOrAffiliate | hqCountryIso3 | investSector | recordSourceType | 좌표 소재 구분,USD(백만),null–null,amountStatus | amountType | city | collectionStatus | fundOrAffiliate | hqCountryIso3 | investSector | recordSourceType | 좌표 소재 구분,not-required,true,verified-in-production-dom,true
E-007,온실가스 산정·보고·검증 체계,evidence-matrix,항목별 내용과 기준,접힌 원자료 표,"분석·유의사항 뒤, 출처·다운로드와 함께 제공",6,BTR(격년투명성보고서) 제출 이력 | CBIT(투명성역량강화이니셔티브) 지원 수혜 여부 | GHG 인벤토리 작성 역량(Tier) | MRV 제도 | 국가 인벤토리 | 제3자 검증 체계 보유 여부,5,분류 | 레코드 유형 | 부문별 Tier | 표준 분류 | 확인 상태 구분,제출 여부(제출/미제출) | 유무(Y/N) | 등급(Tier) | 건(제도·근거 문서),null–null,측정항목 | 분류 | 부문별 Tier | 표준 분류 | 확인 상태 구분,covered,false,verified-in-production-dom,true
E-008,기후기술 논문·특허,status-only,기후기술 논문·특허 실적,없음,"분석·유의사항 뒤, 출처·다운로드와 함께 제공",7,"논문 | 논문 | 논문 | 논문 | 논문 | 논문,특허 | 논문,특허",2,레코드 유형 | 연도,건 | 건/문헌 | 비율(0-1) | 위 | 지수 | %,2026–2026,측정항목,covered,false,verified-in-production-dom,true
E-009,과학기술 인력,kpi-trend,성별 STEM 전공 졸업 비중,접힌 원자료 표,"분석·유의사항 뒤, 출처·다운로드와 함께 제공",6,STEM 졸업 비중(남성) | STEM 졸업 비중(여성) | STEM 졸업 비중(전체) | STEM 졸업자 수(절대수) | 연구자 수(백만명당) | 연구자 수(절대수),1,연도,% | 명 | 명/백만명(FTE) | 명(FTE),2002–2023,측정항목 | 연도,not-required,false,verified-in-production-dom,true
E-010,연구개발·혁신 역량,score-trend,GERD · 2002~2023년 추이,접힌 원자료 표,"분석·유의사항 뒤, 출처·다운로드와 함께 제공",4,GERD | GERD | GII 2025 | GII 2025,2,세부 분류 | 연도,% | USD | 순위 | 점수,2002–2025,측정항목 | 세부 분류 | 연도,covered,false,verified-in-production-dom,true
E-011,기술준비수준,kpi-trend,NRI 2025 · 2021~2025년 추이,접힌 원자료 표,"분석·유의사항 뒤, 출처·다운로드와 함께 제공",3,NRI 2025 | NRI 2025 | 기술준비수준(TRL),2,세부 분류 | 연도,순위 | 점수 | 등급,2021–2025,측정항목 | 세부 분류 | 연도,covered,false,verified-in-production-dom,true
E-012,기술인력과 임금,multi-metric-trend,직군별 종사자 수와 월평균 임금,접힌 원자료 표,"분석·유의사항 뒤, 출처·다운로드와 함께 제공",10,고용 구성비 | 고용률 | 직군 내 여성 비중 | 직군별 월평균 임금 | 직군별 월평균 임금 | 직군별 월평균 임금 | 직군별 종사자 수 | 총 취업자 수 | 평균 월임금 | 평균 월임금,6,분류체계 | 통화 | 직군 | 성별 | source | 연도,% | USD | VND | 천VND | 천명,1996–2024,측정항목 | 통화 | 직군 | 성별 | source | 연도,not-required,false,verified-in-production-dom,true
E-013,운영·유지보수 역량,status-only,상태와 향후 수집방향,없음,"분석·유의사항 뒤, 출처·다운로드와 함께 제공",5,A/S 인프라(서비스센터 | 과거 유사시설 O&M 실적 | 부품 조달 가능성(국내생산/수입의존) | 숙련 기술인력 가용성(등급) | 예방정비 체계 수준(등급),0,,유무(Y/N) | 구분(국내생산/수입의존) | 등급,null–null,측정항목,covered,false,verified-in-production-dom,true
E-014,기후·녹색성장 양자협정,policy-timeline,시점별 기록 · 10건,접힌 원자료 표,"분석·유의사항 뒤, 출처·다운로드와 함께 제공",1,양자협정 현황,5,agreementType | 레코드 유형 | status | 문서 유형 | 협력 상대 구분,건(협정),null–null,agreementType | status | 문서 유형 | 협력 상대 구분,covered,false,verified-in-production-dom,true
E-015,NDC 파트너십 참여,evidence-matrix,항목별 내용과 기준,접힌 원자료 표,"분석·유의사항 뒤, 출처·다운로드와 함께 제공",2,NDC Partnership 회원 여부 | NDC Partnership 회원 여부,1,레코드 유형,해당없음 | 회원 여부(Y/N),null–null,측정항목,not-required,false,verified-in-production-dom,true
E-016,한국 기후기술 성숙도,status-only,한국 기후기술 성숙도(TRL),없음,"분석·유의사항 뒤, 출처·다운로드와 함께 제공",1,한국 기후기술 TRL(분야별 기술수준,3,레코드 유형 | referenceYear | 부문,건(분야),null–null,referenceYear | 부문,not-required,false,verified-in-production-dom,true
E-017,한국 기후기술 비교우위,status-only,한국 기후기술 비교우위(RCA),없음,"분석·유의사항 뒤, 출처·다운로드와 함께 제공",2,기후기술 수준 순위 | 기후기술 수준(최고국 대비),1,연도,위 | %,2020–2020,측정항목,covered,false,verified-in-production-dom,true
E-018,한국 기업의 현지 진출,portfolio-dashboard,수록 기업 목록,필터 가능한 개별 사업 목록,"분석·유의사항 뒤, 출처·다운로드와 함께 제공",1,국내 기업 개도국 진출 현황,2,레코드 유형 | 좌표 구분,개사(기업),null–null,좌표 구분,not-required,true,verified-in-production-dom,true
E-019,한국 기관 현지사무소,directory,기관 디렉터리 · 현지 사무소 6곳,필터 가능한 기관 목록,"분석·유의사항 뒤, 출처·다운로드와 함께 제공",1,개도국 내 한국 기관 사무소,4,city | 레코드 유형 | 기후·에너지 담당 판정 | 행 유형,개소(사무소),null–null,city | 기후·에너지 담당 판정 | 행 유형,not-required,true,verified-in-production-dom,true
E-020,한국의 공공·민간 지원제도,portfolio-dashboard,활용 사례 목록,필터 가능한 개별 사업 목록,"분석·유의사항 뒤, 출처·다운로드와 함께 제공",3,한국 공공 | 한국 공공 | 한국 공공 기후기술 지원사업 예산 규모,6,레코드 유형 | supportType | 금액 종류 | 신청시기 구분 | 지원 유형 표준 | 지원대상 구분,건(프로그램) | 건(프로그램) / 건(사업) | 건(사업),null–null,측정항목 | supportType | 금액 종류 | 지원 유형 표준 | 지원대상 구분,not-required,true,verified-in-production-dom,true
