elementId,publicTitle,primaryPublicQuestion,primaryVisualization,secondaryVisualization,selectableDimensions,yearBehavior,unitBehavior,mapBehavior,listTableBehavior,benchmarkReference,runtimeVerified
A-001,부패인식지수(CPI),부패인식지수(CPI)의 핵심 값과 시간 변화는 어떠한가,핵심 점수와 연도별 추이,접힌 원자료 표,측정항목 | 세부 분류 | 연도,1997–2025년 비연속 단면·분포 비교,단위별 분리: 건 · 위 · 점,데이터 상세 분석만 제공,접힌 원자료 표,World Bank DataBank / World Development Indicators,false
A-002,국가 정책·제도 평가(CPIA),국가 정책·제도 평가(CPIA)의 핵심 값과 시간 변화는 어떠한가,핵심 점수와 연도별 추이,접힌 원자료 표,측정항목 | 분류 | 연도,1996–2024년 전체 추이와 기간 선택,단위별 분리: 점 · 백분위,데이터 상세 분석만 제공,접힌 원자료 표,World Bank DataBank / World Development Indicators,false
A-003,국내총생산 및 경제성장,국내총생산 및 경제성장의 핵심 값과 시간 변화는 어떠한가,측정항목별 연도 추이,접힌 원자료 표,측정항목 | 분류 | 세부 분류 | 연도,1985–2025년 전체 추이와 기간 선택,단위별 분리: USD · 국제달러 · %,데이터 상세 분석만 제공,접힌 원자료 표,World Bank DataBank / World Development Indicators,false
A-004,빈곤율 및 극빈곤율,빈곤율 및 극빈곤율의 핵심 값과 시간 변화는 어떠한가,핵심현황과 연도별 추이,접힌 원자료 표,측정항목 | 분류 | 세부 분류 | 연도,1992–2022년 전체 추이와 기간 선택,% 단일 축,데이터 상세 분석만 제공,접힌 원자료 표,World Bank DataBank / World Development Indicators,false
A-005,산업구조,산업구조의 절대량과 구성비가 시간에 따라 어떻게 달라졌는가,연도별 구성 변화,선택연도 구성 상세,분류 | 세부 분류 | 연도,1986–2025년 전체 추이와 기간 선택,% 단일 축,데이터 상세 분석만 제공,접힌 원자료 표,Our World in Data,false
A-006,고용 및 실업,고용 및 실업의 핵심 값과 시간 변화는 어떠한가,핵심현황과 연도별 추이,접힌 원자료 표,측정항목 | 분류 | 세부 분류 | 연도,1991–2025년 전체 추이와 기간 선택,% 단일 축,데이터 상세 분석만 제공,접힌 원자료 표,World Bank DataBank / World Development Indicators,false
A-007,인구 및 도시화,인구 및 도시화의 핵심 값과 시간 변화는 어떠한가,핵심현황과 연도별 추이,접힌 원자료 표,측정항목 | 세부 분류 | 연도,1960–2025년 전체 추이와 기간 선택,단위별 분리: 명 · %,데이터 상세 분석만 제공,접힌 원자료 표,World Bank DataBank / World Development Indicators,false
A-008,소득 불평등(지니계수),소득 불평등(지니계수)의 핵심 값과 시간 변화는 어떠한가,핵심 점수와 연도별 추이,접힌 원자료 표,연도,1992–2022년 전체 추이와 기간 선택,지수 단일 축,데이터 상세 분석만 제공,접힌 원자료 표,World Bank DataBank / World Development Indicators,false
A-009,온실가스 배출집약도,온실가스 배출집약도의 핵심 값과 시간 변화는 어떠한가,핵심현황과 연도별 추이,접힌 원자료 표,측정항목 | 분류 | 세부 분류 | 연도,1970–2024년 전체 추이와 기간 선택,"단위별 분리: tCO2eq/1,000 국제달러 · tCO2eq/인",데이터 상세 분석만 제공,접힌 원자료 표,World Bank DataBank / World Development Indicators,false
A-010,온실가스 종류별 배출량,온실가스 종류별 배출량의 총량과 세부 구성이 시간에 따라 어떻게 달라졌는가,총량 추이와 세부 구성,최신연도 구성 상세,측정항목 | 분류 | 세부 분류 | 연도,1970–2024년 전체 추이와 기간 선택,단위별 분리: Gg · Mt CO2eq,데이터 상세 분석만 제공,접힌 원자료 표,Climate Watch / World Resources Institute,false
A-011,부문별 온실가스 배출량,부문별 온실가스 배출량의 총량과 세부 구성이 시간에 따라 어떻게 달라졌는가,총량 추이와 세부 구성,최신연도 구성 상세,분류 | 세부 분류 | 연도,1970–2024년 전체 추이와 기간 선택,Mt CO2eq 단일 축,데이터 상세 분석만 제공,접힌 원자료 표,Climate Watch / World Resources Institute,false
A-012,온실가스 총배출량,온실가스 총배출량의 핵심 값과 시간 변화는 어떠한가,핵심현황과 연도별 추이,접힌 원자료 표,측정항목 | 분류 | 세부 분류 | 연도,1970–2024년 전체 추이와 기간 선택,Mt CO2eq 단일 축,데이터 상세 분석만 제공,접힌 원자료 표,World Bank DataBank / World Development Indicators,false
A-013,NDC와 지속가능발전목표 연계,NDC와 지속가능발전목표 연계의 핵심 값과 시간 변화는 어떠한가,상태·근거 매트릭스,접힌 원자료 표,측정항목 | typeOfInformation,0년 단면 비교,건 단일 축,데이터 상세 분석만 제공,분석 뒤 접힌 개별 목록·원자료 표,World Bank DataBank / World Development Indicators,false
A-014,지속가능발전목표 지수,지속가능발전목표 지수의 핵심 값과 시간 변화는 어떠한가,핵심 점수와 연도별 추이,접힌 원자료 표,측정항목 | 분류 | 세부 분류 | 연도,2000–2025년 전체 추이와 기간 선택,단위별 분리: 위 · 점,데이터 상세 분석만 제공,접힌 원자료 표,World Bank DataBank / World Development Indicators,false
A-015,지속가능발전목표 세부 달성도,지속가능발전목표 세부 달성도의 핵심 값과 시간 변화는 어떠한가,상태·근거 매트릭스,접힌 원자료 표,측정항목 | 분류 | 세부 분류 | 연도,2011–2026년 비연속 단면·분포 비교,점 단일 축,데이터 상세 분석만 제공,접힌 원자료 표,World Bank DataBank / World Development Indicators,false
A-016,1차 에너지 소비구조,1차 에너지 소비구조의 절대량과 구성비가 시간에 따라 어떻게 달라졌는가,에너지원별 절대량 누적영역과 총공급량,100% 구성비 추이와 선택연도 상세,분류 | 세부 분류 | 기술 | 연도,1965–2025년 전체 추이와 기간 선택,EJ 단일 축,데이터 상세 분석만 제공,접힌 원자료 표,Our World in Data,false
A-017,발전원별 균등화 발전비용,발전원별 균등화 발전비용의 핵심 값과 시간 변화는 어떠한가,기술별 비교,접힌 원자료 표,분류 | 기술 | 연도,2023–2050년 비연속 단면·분포 비교,USD/MWh 단일 축,데이터 상세 분석만 제공,접힌 원자료 표,Our World in Data,false
A-018,발전설비 용량,발전설비 용량의 절대량과 구성비가 시간에 따라 어떻게 달라졌는가,연도별 구성 변화,선택연도 구성 상세,분류 | 기술 | 연도,2000–2025년 전체 추이와 기간 선택,MW 단일 축,데이터 상세 분석만 제공,접힌 원자료 표,Our World in Data,false
A-019,송배전 손실률,송배전 손실률의 핵심 값과 시간 변화는 어떠한가,핵심현황과 연도별 추이,접힌 원자료 표,연도,1990–2023년 전체 추이와 기간 선택,% 단일 축,데이터 상세 분석만 제공,접힌 원자료 표,World Bank DataBank / World Development Indicators,false
A-020,재생에너지 비중,재생에너지 비중의 핵심 값과 시간 변화는 어떠한가,핵심현황과 연도별 추이,접힌 원자료 표,분류 | 연도,2000–2025년 전체 추이와 기간 선택,% 단일 축,데이터 상세 분석만 제공,접힌 원자료 표,World Bank DataBank / World Development Indicators,false
A-021,전력 접근률,전력 접근률의 핵심 값과 시간 변화는 어떠한가,핵심현황과 연도별 추이,접힌 원자료 표,분류 | 연도,1997–2024년 전체 추이와 기간 선택,% 단일 축,데이터 상세 분석만 제공,접힌 원자료 표,World Bank DataBank / World Development Indicators,false
A-022,정전 빈도와 지속시간,정전 빈도와 지속시간의 핵심 값과 시간 변화는 어떠한가,핵심현황과 연도별 추이,접힌 원자료 표,측정항목 | 분류 | 세부 분류 | 연도,2015–2026년 전체 추이와 기간 선택,단위별 분리: 회/고객 · 분/고객,데이터 상세 분석만 제공,접힌 원자료 표,World Bank DataBank / World Development Indicators,false
A-023,발전소 현황,발전소 현황이 어느 지역에 분포하고 시간에 따라 어떻게 달라졌는가,지역 분포와 지역별 변화,지역 선택 상세와 원자료 표,capacityBand | commissioningYear | 레코드 유형 | fuelType | fuelTypeRaw,0년 단면 비교,MW 단일 축,cluster · 1889개 feature/scope · 지도 선택 연계,분석 뒤 접힌 개별 목록·원자료 표,Global Forest Watch,false
A-024,베트남 송전망,베트남 송전망이 어느 지역에 분포하고 시간에 따라 어떻게 달라졌는가,지역 분포와 지역별 변화,지역 선택 상세와 원자료 표,측정항목,2016년 단면 비교,단위별 분리: % · 건 · kV,line · 606개 feature/scope · 지도 선택 연계,분석 뒤 접힌 개별 목록·원자료 표,Global Forest Watch,false
A-025,탄소포집·저장 시설,탄소포집·저장 시설이 어느 지역에 분포하고 시간에 따라 어떻게 달라졌는가,지역 분포와 지역별 변화,지역 선택 상세와 원자료 표,측정항목,2026년 단면 비교,건 단일 축,point · 1개 feature/scope · 지도 선택 연계,분석 뒤 접힌 개별 목록·원자료 표,Global Forest Watch,false
A-026,건물 분포,건물 분포이 어느 지역에 분포하고 시간에 따라 어떻게 달라졌는가,지역 분포와 지역별 변화,지역 선택 상세와 원자료 표,측정항목 | 분류 | 연도,2023–2026년 비연속 단면·분포 비교,단위별 분리: EPSG 코드 · m2 · score · 개 · 건 · %,데이터 상세 분석만 제공,접힌 원자료 표,Global Forest Watch,false
A-027,육상교통 인프라,육상교통 인프라이 어느 지역에 분포하고 시간에 따라 어떻게 달라졌는가,지역 분포와 지역별 변화,지역 선택 상세와 원자료 표,측정항목 | 분류 | 세부 분류,2026년 단면 비교,단위별 분리: % · EPSG 코드 · km · 개 · 건,line · 8114개 feature/scope · 지도 선택 연계,접힌 원자료 표,Global Forest Watch,false
A-028,해안·수자원 인프라,해안·수자원 인프라이 어느 지역에 분포하고 시간에 따라 어떻게 달라졌는가,지역 분포와 지역별 변화,지역 선택 상세와 원자료 표,측정항목 | 분류 | 세부 분류,2026년 단면 비교,단위별 분리: 건 · % · EPSG 코드 · km · 개,point · 1558개 feature/scope · 지도 선택 연계,분석 뒤 접힌 개별 목록·원자료 표,Global Forest Watch,false
A-029,자유무역협정 체결 현황,자유무역협정 체결 현황의 주요 제도 변화는 언제 발생했는가,정책 연표,접힌 원자료 표,측정항목,2026년 단면 비교,건 단일 축,데이터 상세 분석만 제공,분석 뒤 접힌 개별 목록·원자료 표,World Bank DataBank / World Development Indicators,false
A-030,한국과의 교역 규모,한국과의 교역 규모의 핵심 값과 시간 변화는 어떠한가,기술별 비교,접힌 원자료 표,측정항목 | 분류 | 세부 분류 | 연도,1991–2024년 비연속 단면·분포 비교,10억 USD 단일 축,데이터 상세 분석만 제공,접힌 원자료 표,Our World in Data,false
A-031,물류성과지수,물류성과지수의 핵심 값과 시간 변화는 어떠한가,핵심 점수와 연도별 추이,접힌 원자료 표,분류 | 세부 분류 | 연도,2007–2022년 전체 추이와 기간 선택,점 단일 축,데이터 상세 분석만 제공,접힌 원자료 표,World Bank DataBank / World Development Indicators,false
A-032,중간재 교역 규모,중간재 교역 규모의 핵심 값과 시간 변화는 어떠한가,기술별 비교,접힌 원자료 표,측정항목 | 분류 | 세부 분류 | 연도,1995–2023년 비연속 단면·분포 비교,단위별 분리: % · 천 USD,데이터 상세 분석만 제공,접힌 원자료 표,Our World in Data,false
A-033,해운 연결성,해운 연결성의 핵심 값과 시간 변화는 어떠한가,핵심 점수와 연도별 추이,접힌 원자료 표,분류 | 세부 분류 | 연도,2006–2026년 전체 추이와 기간 선택,지수 단일 축,데이터 상세 분석만 제공,접힌 원자료 표,World Bank DataBank / World Development Indicators,false
B-001,건기와 우기,건기와 우기의 핵심 값과 시간 변화는 어떠한가,월·계절별 패턴,접힌 원자료 표,측정항목 | 세부 분류,1991년 단면 비교,단위별 분리: mm · ℃ · 구분,데이터 상세 분석만 제공,접힌 원자료 표,World Bank Climate Change Knowledge Portal,false
B-002,기후대,기후대이 어느 지역에 분포하고 시간에 따라 어떻게 달라졌는가,지역 분포와 지역별 변화,지역 선택 상세와 원자료 표,측정항목 | 세부 분류 | detail_2 | 연도,1930–2099년 비연속 단면·분포 비교,단위별 분리: 구분·% · 구분 · km² · % · % · km²,데이터 상세 분석만 제공,분석 뒤 접힌 개별 목록·원자료 표,Global Forest Watch,false
B-003,평균 기온과 강수량,평균 기온과 강수량의 핵심 값과 시간 변화는 어떠한가,측정항목별 연도 추이,접힌 원자료 표,측정항목,0년 단면 비교,단위별 분리: mm · ℃ / mm · ℃,choropleth · 63개 feature/scope · 지도 선택 연계,분석 뒤 접힌 개별 목록·원자료 표,World Bank DataBank / World Development Indicators,false
B-004,과거·미래 기후전망(CMIP6),과거·미래 기후전망(CMIP6)의 핵심 값과 시간 변화는 어떠한가,변수·시나리오별 범위와 추이,접힌 원자료 표,측정항목,0년 단면 비교,단위별 분리: 지표별 상이(속성 열 참조) · % · mm · kWh/m²/day · ℃ · m/s,choropleth · 63개 feature/scope · 지도 선택 연계,분석 뒤 접힌 개별 목록·원자료 표,World Bank Climate Change Knowledge Portal,false
B-005,가뭄 위험,가뭄 위험의 핵심 값과 시간 변화는 어떠한가,기술별 비교,접힌 원자료 표,측정항목 | 연도,1991–2025년 비연속 단면·분포 비교,단위별 분리: 지수 · 지표별 상이(속성 열 참조) · 일 · m³/m³,choropleth · 63개 feature/scope · 지도 선택 연계,분석 뒤 접힌 개별 목록·원자료 표,Our World in Data,false
B-006,폭염 위험,폭염 위험의 핵심 값과 시간 변화는 어떠한가,기술별 비교,접힌 원자료 표,측정항목,0년 단면 비교,단위별 분리: 일 · 지표별 상이(속성 열 참조),choropleth · 63개 feature/scope · 지도 선택 연계,분석 뒤 접힌 개별 목록·원자료 표,Our World in Data,false
B-007,홍수·호우 위험,홍수·호우 위험의 핵심 값과 시간 변화는 어떠한가,기술별 비교,접힌 원자료 표,측정항목,0년 단면 비교,단위별 분리: 일 · mm · 지표별 상이(속성 열 참조),choropleth · 63개 feature/scope · 지도 선택 연계,분석 뒤 접힌 개별 목록·원자료 표,Our World in Data,false
B-008,해수면 상승 전망,해수면 상승 전망의 핵심 값과 시간 변화는 어떠한가,변수·시나리오별 범위와 추이,접힌 원자료 표,측정항목,0년 단면 비교,단위별 분리: m · mm/yr,point · 5개 feature/scope · 지도 선택 연계,분석 뒤 접힌 개별 목록·원자료 표,World Bank Climate Change Knowledge Portal,false
B-009,생물다양성·기후 위험,생물다양성·기후 위험의 핵심 값과 시간 변화는 어떠한가,핵심 점수와 연도별 추이,접힌 원자료 표,측정항목 | 세부 분류 | detail_2,2026년 단면 비교,단위별 분리: 지수 · 점,region-choropleth · 63개 feature/scope · 지도 선택 연계,접힌 원자료 표,World Bank DataBank / World Development Indicators,false
B-010,기후위험지수,기후위험지수의 핵심 값과 시간 변화는 어떠한가,핵심 점수와 연도별 추이,접힌 원자료 표,측정항목 | 세부 분류 | detail_2 | 연도,2012–2024년 전체 추이와 기간 선택,단위별 분리: 사건 · 순위 · 점수 · —,데이터 상세 분석만 제공,접힌 원자료 표,World Bank DataBank / World Development Indicators,false
B-011,기후취약성지수,기후취약성지수의 핵심 값과 시간 변화는 어떠한가,핵심 점수와 연도별 추이,접힌 원자료 표,측정항목 | 세부 분류 | 연도,1995–2024년 전체 추이와 기간 선택,단위별 분리: 점 · 지수,데이터 상세 분석만 제공,접힌 원자료 표,World Bank DataBank / World Development Indicators,false
B-012,재해·재난 이력,재해·재난 이력의 주요 제도 변화는 언제 발생했는가,정책 연표,접힌 원자료 표,측정항목,0년 단면 비교,단위별 분리: 건 · 명 · 천 US$,cluster · 265개 feature/scope · 지도 선택 연계,분석 뒤 접힌 개별 목록·원자료 표,World Bank DataBank / World Development Indicators,false
B-013,탄소국경조정제도 영향,탄소국경조정제도 영향의 핵심 값과 시간 변화는 어떠한가,기술별 비교,접힌 원자료 표,측정항목 | 세부 분류 | detail_2,2022년 단면 비교,% 단일 축,데이터 상세 분석만 제공,접힌 원자료 표,Our World in Data,false
B-014,탄소세 도입 효과 전망,탄소세 도입 효과 전망의 핵심 값과 시간 변화는 어떠한가,변수·시나리오별 범위와 추이,접힌 원자료 표,측정항목,0년 단면 비교,단위별 분리: % · USD/tCO₂e · 십억 USD · 십억 US$ · % of GDP/yr · US$/tCO2e,데이터 상세 분석만 제공,분석 뒤 접힌 개별 목록·원자료 표,World Bank Climate Change Knowledge Portal,false
B-015,탄소가격 수준,탄소가격 수준의 주요 제도 변화는 언제 발생했는가,정책 연표,접힌 원자료 표,측정항목 | 세부 분류 | 연도,2020–2026년 비연속 단면·분포 비교,단위별 분리: 개소 · 상태 · tCO₂e · USD/tCO₂e,데이터 상세 분석만 제공,접힌 원자료 표,World Bank DataBank / World Development Indicators,false
B-016,화석연료 의존도,화석연료 의존도의 핵심 값과 시간 변화는 어떠한가,핵심현황과 연도별 추이,접힌 원자료 표,측정항목 | 연도,1990–2025년 전체 추이와 기간 선택,% 단일 축,데이터 상세 분석만 제공,접힌 원자료 표,World Bank DataBank / World Development Indicators,false
B-017,물 스트레스,물 스트레스이 어느 지역에 분포하고 시간에 따라 어떻게 달라졌는가,지역 분포와 지역별 변화,지역 선택 상세와 원자료 표,측정항목,0년 단면 비교,단위별 분리: 점 · % · 비율 / 점수(0~5) / 등급 · 점수(0~5) / 순위,choropleth · 442개 feature/scope · 지도 선택 연계,분석 뒤 접힌 개별 목록·원자료 표,Global Forest Watch,false
B-018,장기 국내총생산 전망,장기 국내총생산 전망의 핵심 값과 시간 변화는 어떠한가,변수·시나리오별 범위와 추이,접힌 원자료 표,측정항목 | 세부 분류 | 연도,1980–2100년 전체 추이와 기간 선택,단위별 분리: USD_2017/인 · 십억 USD_2017/yr,데이터 상세 분석만 제공,접힌 원자료 표,World Bank Climate Change Knowledge Portal,false
B-019,장기 인구 전망,장기 인구 전망의 핵심 값과 시간 변화는 어떠한가,변수·시나리오별 범위와 추이,접힌 원자료 표,측정항목 | 세부 분류 | 연도,1950–2100년 전체 추이와 기간 선택,백만명 단일 축,데이터 상세 분석만 제공,접힌 원자료 표,World Bank Climate Change Knowledge Portal,false
B-020,복합 위험지수,복합 위험지수의 핵심 값과 시간 변화는 어떠한가,핵심 점수와 연도별 추이,접힌 원자료 표,측정항목 | 세부 분류 | detail_2 | 연도,2017–2026년 전체 추이와 기간 선택,단위별 분리: 지수 · 순위 · 등급 · 개 · 점 · 년 · 원값 · %,데이터 상세 분석만 제공,접힌 원자료 표,World Bank DataBank / World Development Indicators,false
B-021,취약성지수,취약성지수의 핵심 값과 시간 변화는 어떠한가,핵심 점수와 연도별 추이,접힌 원자료 표,측정항목 | 세부 분류 | detail_2 | 연도,1990–2100년 전체 추이와 기간 선택,단위별 분리: 지수 · % · log(USD_2017 PPP) · 년 · 세 · USD (2017 PPP) · 건/100명,region-choropleth · 63개 feature/scope · 지도 선택 연계,접힌 원자료 표,World Bank DataBank / World Development Indicators,false
B-022,기후피해의 경제적 비용,기후피해의 경제적 비용의 핵심 값과 시간 변화는 어떠한가,핵심 점수와 연도별 추이,접힌 원자료 표,측정항목 | 세부 분류 | 연도,2030–2050년 비연속 단면·분포 비교,단위별 분리: 십억 US$ · % of GDP/yr · 명,데이터 상세 분석만 제공,접힌 원자료 표,World Bank DataBank / World Development Indicators,false
B-023,건기/우기 유량 차이,건기/우기 유량 차이의 핵심 값과 시간 변화는 어떠한가,핵심현황과 연도별 추이,접힌 원자료 표,측정항목,0년 단면 비교,단위별 분리: m³/s · 지표별 상이(속성 열 참조) · 비(倍) · %,point · 4개 feature/scope · 지도 선택 연계,분석 뒤 접힌 개별 목록·원자료 표,World Bank DataBank / World Development Indicators,false
B-024,농업 용수 비중,농업 용수 비중의 절대량과 구성비가 시간에 따라 어떻게 달라졌는가,연도별 구성 변화,선택연도 구성 상세,측정항목 | 연도,1990–2023년 전체 추이와 기간 선택,단위별 분리: US$/m³ · % · ha,데이터 상세 분석만 제공,분석 뒤 접힌 개별 목록·원자료 표,Our World in Data,false
B-025,유역 면적,유역 면적이 어느 지역에 분포하고 시간에 따라 어떻게 달라졌는가,지역 분포와 지역별 변화,지역 선택 상세와 원자료 표,측정항목 | 개체 구분(Basin／Country),0년 단면 비교,km² 단일 축,point · 110개 feature/scope · 지도 선택 연계,분석 뒤 접힌 개별 목록·원자료 표,Global Forest Watch,false
B-026,유향(flow direction),유향(flow direction)이 어느 지역에 분포하고 시간에 따라 어떻게 달라졌는가,지역 분포와 지역별 변화,지역 선택 상세와 원자료 표,측정항목,0년 단면 비교,단위별 분리: % · 방위,choropleth · 63개 feature/scope · 지도 선택 연계,분석 뒤 접힌 개별 목록·원자료 표,Global Forest Watch,false
B-027,지하수 잠재량,지하수 잠재량이 어느 지역에 분포하고 시간에 따라 어떻게 달라졌는가,지역 분포와 지역별 변화,지역 선택 상세와 원자료 표,측정항목 | 연도,1990–2026년 비연속 단면·분포 비교,단위별 분리: 10⁹ m³/yr · mm/yr 또는 10⁹ m³/yr,데이터 상세 분석만 제공,접힌 원자료 표,Global Forest Watch,false
B-028,하천 유량,하천 유량이 어느 지역에 분포하고 시간에 따라 어떻게 달라졌는가,지역 분포와 지역별 변화,지역 선택 상세와 원자료 표,측정항목,0년 단면 비교,단위별 분리: km³/yr · % · m³/s · 지표별 상이(속성 열 참조),point · 13개 feature/scope · 지도 선택 연계,분석 뒤 접힌 개별 목록·원자료 표,Global Forest Watch,false
B-029,산림 유형별 면적,산림 유형별 면적이 어느 지역에 분포하고 시간에 따라 어떻게 달라졌는가,지역 분포와 지역별 변화,지역 선택 상세와 원자료 표,측정항목,0년 단면 비교,단위별 분리: 1000 ha · ha · 1000 ha / ha · ha / % · km² / 1000 ha,choropleth · 63개 feature/scope · 지도 선택 연계,분석 뒤 접힌 개별 목록·원자료 표,Global Forest Watch,false
B-030,산림 이득,산림 이득이 어느 지역에 분포하고 시간에 따라 어떻게 달라졌는가,지역 분포와 지역별 변화,지역 선택 상세와 원자료 표,측정항목,0년 단면 비교,단위별 분리: ha · ha/yr · 1000 ha/yr,choropleth · 63개 feature/scope · 지도 선택 연계,분석 뒤 접힌 개별 목록·원자료 표,Global Forest Watch,false
B-031,산림 총면적,산림 총면적이 어느 지역에 분포하고 시간에 따라 어떻게 달라졌는가,지역 분포와 지역별 변화,지역 선택 상세와 원자료 표,측정항목 | 세부 분류 | 기간 | 연도,2000–2010년 비연속 단면·분포 비교,ha 단일 축,choropleth · 63개 feature/scope · 지도 선택 연계,분석 뒤 접힌 개별 목록·원자료 표,Global Forest Watch,false
B-032,수관 피복률,수관 피복률이 어느 지역에 분포하고 시간에 따라 어떻게 달라졌는가,지역 분포와 지역별 변화,지역 선택 상세와 원자료 표,세부 분류 | 기간 | 연도,2000–2010년 비연속 단면·분포 비교,% 단일 축,choropleth · 63개 feature/scope · 지도 선택 연계,분석 뒤 접힌 개별 목록·원자료 표,Global Forest Watch,false
B-033,연간 산림손실,연간 산림손실이 어느 지역에 분포하고 시간에 따라 어떻게 달라졌는가,지역 분포와 지역별 변화,지역 선택 상세와 원자료 표,detail_2 | 기간 | 연도,2001–2024년 비연속 단면·분포 비교,ha 단일 축,choropleth · 63개 feature/scope · 지도 선택 연계,분석 뒤 접힌 개별 목록·원자료 표,Global Forest Watch,false
B-034,탄소 저장량,탄소 저장량이 어느 지역에 분포하고 시간에 따라 어떻게 달라졌는가,지역 분포와 지역별 변화,지역 선택 상세와 원자료 표,측정항목 | 세부 분류 | 기간 | 연도,2000–2024년 비연속 단면·분포 비교,단위별 분리: Mg CO2e · Mg CO2e/yr · Mg CO2 · Mg CO2/yr · ha · Mg C/ha · Mg C,choropleth · 63개 feature/scope · 지도 선택 연계,분석 뒤 접힌 개별 목록·원자료 표,Global Forest Watch,false
B-035,LULUCF 관련 면적 변화,LULUCF 관련 면적 변화이 어느 지역에 분포하고 시간에 따라 어떻게 달라졌는가,지역 분포와 지역별 변화,지역 선택 상세와 원자료 표,측정항목 | 분류 | 세부 분류 | 연도,1961–2025년 비연속 단면·분포 비교,단위별 분리: ha/cap · % · 1000 ha · USD_PPP/ha · 백만 톤 C · 지표별 상이(속성 열 참조),데이터 상세 분석만 제공,분석 뒤 접힌 개별 목록·원자료 표,Global Forest Watch,false
B-036,토지이용 변화율,토지이용 변화율이 어느 지역에 분포하고 시간에 따라 어떻게 달라졌는가,지역 분포와 지역별 변화,지역 선택 상세와 원자료 표,측정항목 | 세부 분류 | 연도,2020–2024년 비연속 단면·분포 비교,단위별 분리: %/yr · 지표별 상이(속성 열 참조),데이터 상세 분석만 제공,분석 뒤 접힌 개별 목록·원자료 표,Global Forest Watch,false
B-037,토지피복 구성,토지피복 구성이 어느 지역에 분포하고 시간에 따라 어떻게 달라졌는가,지역 분포와 지역별 변화,지역 선택 상세와 원자료 표,측정항목,0년 단면 비교,단위별 분리: 1000 ha · km²,choropleth · 63개 feature/scope · 지도 선택 연계,분석 뒤 접힌 개별 목록·원자료 표,Global Forest Watch,false
B-038,바이오매스 자원 가용량,바이오매스 자원 가용량이 어느 지역에 분포하고 시간에 따라 어떻게 달라졌는가,지역 분포와 지역별 변화,지역 선택 상세와 원자료 표,측정항목 | 분류 | 세부 분류 | 기술 | 연도,1965–2050년 비연속 단면·분포 비교,단위별 분리: kg/인/일 · % 인구 · % 중량 · MW · 두 · Mt/yr · 백만 kW · TJ/yr · % · t/yr · Mt VS/yr,데이터 상세 분석만 제공,접힌 원자료 표,Global Forest Watch,false
B-039,수력 잠재량,수력 잠재량이 어느 지역에 분포하고 시간에 따라 어떻게 달라졌는가,지역 분포와 지역별 변화,지역 선택 상세와 원자료 표,측정항목,0년 단면 비교,단위별 분리: MW · 백만 kW · MW / TWh/yr / 백만 kW · TWh/yr · GWh/yr · MW / GWh/yr · TWh/yr · 십억 kWh/yr,choropleth · 63개 feature/scope · 지도 선택 연계,분석 뒤 접힌 개별 목록·원자료 표,Global Forest Watch,false
B-040,지열 잠재량,지열 잠재량이 어느 지역에 분포하고 시간에 따라 어떻게 달라졌는가,지역 분포와 지역별 변화,지역 선택 상세와 원자료 표,측정항목,0년 단면 비교,단위별 분리: MW · ℃ · ℃ / ℃·km⁻¹ · 개소 · 십억 kWh/yr · 백만 kW · ℃ / MW · MW / MWt / ℃ / 개소 · ℃/km · MWt,choropleth · 63개 feature/scope · 지도 선택 연계,분석 뒤 접힌 개별 목록·원자료 표,Global Forest Watch,false
B-041,태양광 자원,태양광 자원이 어느 지역에 분포하고 시간에 따라 어떻게 달라졌는가,지역 분포와 지역별 변화,지역 선택 상세와 원자료 표,측정항목,0년 단면 비교,단위별 분리: 지수 · ℃ · kWh/m²/day · kWh/m²/yr · kWh/kWp/yr · kWh/kWp/day · ° · GHI·DNI kWh/m²/일 · PVOUT kWh/kWp/일 · OPTA ° · TEMP ℃ · 지표별 상이(속성 열 참조),choropleth · 63개 feature/scope · 지도 선택 연계,분석 뒤 접힌 개별 목록·원자료 표,Global Forest Watch,false
B-042,풍력 자원,풍력 자원이 어느 지역에 분포하고 시간에 따라 어떻게 달라졌는가,지역 분포와 지역별 변화,지역 선택 상세와 원자료 표,측정항목,0년 단면 비교,"단위별 분리: m/s · % · W/m² · -(비율, 0~1) · m/s · W/m² · 지표별 상이(속성 열 참조)",choropleth · 63개 feature/scope · 지도 선택 연계,분석 뒤 접힌 개별 목록·원자료 표,Global Forest Watch,false
B-043,화석연료 자원량,화석연료 자원량이 어느 지역에 분포하고 시간에 따라 어떻게 달라졌는가,지역 분포와 지역별 변화,지역 선택 상세와 원자료 표,측정항목 | 세부 분류 | detail_2 | 기술 | 연도,1980–2026년 비연속 단면·분포 비교,단위별 분리: 년 · 십억 배럴 · 백만 톤 · 1000 t · 백만 단수톤 · % · 천 배럴/일 · 십억 ft³ · 조 m³ (tcm) · 조 ft³ (tcf) · —,데이터 상세 분석만 제공,접힌 원자료 표,Global Forest Watch,false
B-044,핵심 광물 종류,핵심 광물 종류이 어느 지역에 분포하고 시간에 따라 어떻게 달라졌는가,지역 분포와 지역별 변화,지역 선택 상세와 원자료 표,측정항목 | 연도,2024–2026년 비연속 단면·분포 비교,단위별 분리: — · 해당 여부 · 상태 · 열별 상이(부존 상태 텍스트 · 매장량·생산량·범위는 각 단위 열) · 텍스트,데이터 상세 분석만 제공,분석 뒤 접힌 개별 목록·원자료 표,Global Forest Watch,false
B-045,광물자원 국제순위,광물자원 국제순위이 어느 지역에 분포하고 시간에 따라 어떻게 달라졌는가,지역 분포와 지역별 변화,지역 선택 상세와 원자료 표,측정항목 | 세부 분류 | 연도,2019–2025년 비연속 단면·분포 비교,단위별 분리: % · 순위 · 쪽(PDF),데이터 상세 분석만 제공,접힌 원자료 표,Global Forest Watch,false
B-046,광물 매장량,광물 매장량이 어느 지역에 분포하고 시간에 따라 어떻게 달라졌는가,지역 분포와 지역별 변화,지역 선택 상세와 원자료 표,측정항목,0년 단면 비교,단위별 분리: t · 광종별 상이 - 「단위」 열 참조 (t REO / t (W 함량) / 천 t (건조 기준) / t (천연) / t (Sb 함량) / t (Sn 함량) / 천 t / 천 t (아파타이트) …) · t (Sb 함량) · t (Sn 함량) · t (W 함량) · t (천연) · t REO · 천 t · 천 t (건조 기준) · 천 t (아파타이트),데이터 상세 분석만 제공,분석 뒤 접힌 개별 목록·원자료 표,Global Forest Watch,false
B-047,광물 생산량,광물 생산량이 어느 지역에 분포하고 시간에 따라 어떻게 달라졌는가,지역 분포와 지역별 변화,지역 선택 상세와 원자료 표,측정항목,0년 단면 비교,단위별 분리: t (Sn 함량) · t (W 함량) · t (천연) · t REO · 천 t · 천 t (건조) · 천 t (아파타이트) · 천 t (정제) · t · 광종별 상이 - 「단위」 열 참조 (t (W 함량) / 천 t (건조) / t (Sn 함량) / 천 t / t REO / t (천연) / 천 t (아파타이트) / t …) · —,데이터 상세 분석만 제공,분석 뒤 접힌 개별 목록·원자료 표,Global Forest Watch,false
B-048,주요 광산 위치,주요 광산 위치이 어느 지역에 분포하고 시간에 따라 어떻게 달라졌는가,지역 분포와 지역별 변화,지역 선택 상세와 원자료 표,측정항목,0년 단면 비교,단위별 분리: 도(decimal degrees) · 개소,point · 37개 feature/scope · 지도 선택 연계,분석 뒤 접힌 개별 목록·원자료 표,Global Forest Watch,false
C-001,국가 온실가스 감축목표(NDC),국가 온실가스 감축목표(NDC)의 핵심 값과 시간 변화는 어떠한가,상태·근거 매트릭스,접힌 원자료 표,측정항목,0년 단면 비교,"단위별 분리: MtCO₂e · 속성별, 1.2_entity 3행 머리글 괄호 표기 참조 · — · 년 · % · 백만 USD · URL · % of GDP · 억 USD · 억 USD(2021-2030 누적) · 년월",데이터 상세 분석만 제공,분석 뒤 접힌 개별 목록·원자료 표,World Bank DataBank / World Development Indicators,false
C-002,격년투명성보고서(BTR),격년투명성보고서(BTR)의 핵심 값과 시간 변화는 어떠한가,상태·근거 매트릭스,접힌 원자료 표,측정항목,0년 단면 비교,"단위별 분리: ktCO2e · 속성별, 1.2_entity 3행 머리글 괄호 표기 참조 · ktCO₂e · mm/yr · °C/10년 · % · °C · % of GDP/yr · 백만 USD · USD · — · 년 · 년월일 · URL · 배수 · 건",데이터 상세 분석만 제공,분석 뒤 접힌 개별 목록·원자료 표,World Bank DataBank / World Development Indicators,false
C-003,국가적응계획(NAP),국가적응계획(NAP)의 핵심 값과 시간 변화는 어떠한가,상태·근거 매트릭스,접힌 원자료 표,측정항목,0년 단면 비교,"단위별 분리: 속성별, 1.2_entity 3행 머리글 괄호 표기 참조 · 등급(정성) · — · 개 지표 · 공포일 · 주기 · 개 · 정성 목표 · 파일 · 개 절/과제군 · 정성 로드맵 · 개 과제 · 억USD(누적) · 억USD/년 · % of GDP · 10억 USD · 건 · 게재일 · 발표일 · 승인일 · 역할",데이터 상세 분석만 제공,분석 뒤 접힌 개별 목록·원자료 표,World Bank DataBank / World Development Indicators,false
C-004,장기 저탄소 발전전략,장기 저탄소 발전전략의 핵심 값과 시간 변화는 어떠한가,상태·근거 매트릭스,접힌 원자료 표,측정항목,0년 단면 비교,"단위별 분리: MtCO2e · MtCO2e(순) · tCO2e/년 이상 · 속성별, 1.2_entity 3행 머리글 괄호 표기 참조 · — · 백만 USD · 십억 USD · % · 년 · %(유지) · %(이상) · 십억kWh · URL · 공포일",데이터 상세 분석만 제공,분석 뒤 접힌 개별 목록·원자료 표,World Bank DataBank / World Development Indicators,false
C-005,기후기술 수요 및 우선기술,기후기술 수요 및 우선기술의 핵심 값과 시간 변화는 어떠한가,상태·근거 매트릭스,접힌 원자료 표,측정항목,0년 단면 비교,"단위별 분리: 속성별, 1.2_entity 3행 머리글 괄호 표기 참조 · — · 점 · 적용시기·규모 · 개 · 개소 · 등급 · 년(완료) · 코드",데이터 상세 분석만 제공,분석 뒤 접힌 개별 목록·원자료 표,World Bank DataBank / World Development Indicators,false
C-006,파리협정 제6조 양자협력 체계,파리협정 제6조 양자협력 체계의 핵심 값과 시간 변화는 어떠한가,역량 항목별 점수판,접힌 원자료 표,측정항목,0년 단면 비교,"단위별 분리: — · 결정일 · 공포일 · 시행일 · 종료일 · URL · % · tCO₂e · 건 · 체결연도 · 체결일 · 속성별, 1.2_entity 3행 머리글 괄호 표기 참조",데이터 상세 분석만 제공,분석 뒤 접힌 개별 목록·원자료 표,World Bank DataBank / World Development Indicators,false
C-007,파리협정 비시장 접근,파리협정 비시장 접근의 규모·금액·연도·분야 분포는 어떠한가,사업·재원 요약 대시보드,필터 가능한 개별 사업 목록,측정항목,0년 단면 비교,"단위별 분리: 개 · 개국 · 건 · date · — · URL · 속성별, 1.2_entity 3행 머리글 괄호 표기 참조 · 회",데이터 상세 분석만 제공,요약 뒤 필터 가능한 카드·표,World Bank Projects / d-portal,false
C-008,국제 기후협력 이니셔티브,국제 기후협력 이니셔티브의 규모·금액·연도·분야 분포는 어떠한가,사업·재원 요약 대시보드,필터 가능한 개별 사업 목록,측정항목 | [이니셔티브] 운영 상태,0년 단면 비교,"단위별 분리: 속성별, 1.2_entity 3행 머리글 괄호 표기 참조 · 건 · 일자 · — · URL · % · %(2020년 대비) · MtCO₂ · 만 ha · 백만 tCO₂e · 억 USD · 개 · 개국(베트남 포함)",region-choropleth · 17개 feature/scope · 지도 선택 연계,요약 뒤 필터 가능한 카드·표,World Bank Projects / d-portal,false
C-009,기후변화 법·제도,기후변화 법·제도의 주요 제도 변화는 언제 발생했는가,정책 연표,접힌 원자료 표,측정항목,0년 단면 비교,"단위별 분리: — · 계획 · 업종(3개) · 제도 · 조항 · 6개 부문 · 개소 · %(2030년까지) · %·MtCO₂e · 목표년도 · 속성별, 1.2_entity 3행 머리글 괄호 표기 참조 · 일자 · 법령번호 · URL · 구성 · %(2030) · %(2050) · GW(2030 이후) · GW(2030) · MW · MW(2035) · MtCO₂e(2030) · 백만톤CO2e · 개 · 기간 · 기관 · 년",데이터 상세 분석만 제공,분석 뒤 접힌 개별 목록·원자료 표,World Bank DataBank / World Development Indicators,false
C-010,환경 법·제도,환경 법·제도의 주요 제도 변화는 언제 발생했는가,정책 연표,접힌 원자료 표,측정항목,0년 단면 비교,"단위별 분리: 속성별, 1.2_entity 3행 머리글 괄호 표기 참조 · 건 폐지 · 법령번호 · — · 근거조항 · 시행일 · % · VND · 동/kg, 동/20개비 · 부처 · 장/조 · URL · 개 · % 이상 증가 · 개정조항 · 명 · 신설조항 · 영업일",데이터 상세 분석만 제공,분석 뒤 접힌 개별 목록·원자료 표,World Bank DataBank / World Development Indicators,false
C-011,치안·안전 정보,치안·안전 정보의 핵심 값과 시간 변화는 어떠한가,핵심 점수와 연도별 추이,접힌 원자료 표,측정항목,0년 단면 비교,"단위별 분리: 건/10만명 · 지수 · — · 년월 · 등급 · 등급(1~4) · 전화번호 · 경보색상 · URL · 전화 · 공지일 · 속성별, 1.2_entity 3행 머리글 괄호 표기 참조 · OSAC 대미기준 등급 · 위협등급",데이터 상세 분석만 제공,분석 뒤 접힌 개별 목록·원자료 표,World Bank DataBank / World Development Indicators,false
C-012,민관협력·조달 제도,민관협력·조달 제도의 핵심 값과 시간 변화는 어떠한가,상태·근거 매트릭스,접힌 원자료 표,측정항목,0년 단면 비교,"단위별 분리: 문서번호 · 법률 · 시행령번호 · 일자 · 속성별, 1.2_entity 3행 머리글 괄호 표기 참조 · — · 기관 · 건 · 백만 USD · 행 · 계약유형 · 종 · 시행일 · 관할 · URL · % · 비율 · 단계 · 방식",region-choropleth · 56개 feature/scope · 지도 선택 연계,분석 뒤 접힌 개별 목록·원자료 표,World Bank DataBank / World Development Indicators,false
C-013,외국인 투자제도,외국인 투자제도의 핵심 값과 시간 변화는 어떠한가,상태·근거 매트릭스,접힌 원자료 표,측정항목,0년 단면 비교,"단위별 분리: 점 · 일 · 절차 · 건 · — · 년 · % · 십억 VND(tỷ đồng) · 영업일 · 개 업종 · 속성별, 1.2_entity 3행 머리글 괄호 표기 참조 · 개",region-choropleth · 14개 feature/scope · 지도 선택 연계,분석 뒤 접힌 개별 목록·원자료 표,World Bank DataBank / World Development Indicators,false
C-014,사업 인허가 절차,사업 인허가 절차의 핵심 값과 시간 변화는 어떠한가,상태·근거 매트릭스,접힌 원자료 표,측정항목,0년 단면 비교,"단위별 분리: % (창고가치 대비) · VND · 일 · 절차 · — · 통화 · URL · 속성별, 1.2_entity 3행 머리글 괄호 표기 참조 · % (1인당 소득 대비) · 년 · % (재산가치 대비) · 일(온라인, 1일 미만) · /15 · /8 · 백만 VND",데이터 상세 분석만 제공,분석 뒤 접힌 개별 목록·원자료 표,World Bank DataBank / World Development Indicators,false
C-015,정책·제도 원문자료,정책·제도 원문자료의 핵심 값과 시간 변화는 어떠한가,상태·근거 매트릭스,접힌 원자료 표,측정항목,0년 단면 비교,"단위별 분리: 속성별, 1.2_entity 3행 머리글 괄호 표기 참조 · URL · —",데이터 상세 분석만 제공,분석 뒤 접힌 개별 목록·원자료 표,World Bank DataBank / World Development Indicators,false
C-016,재생에너지 발주·확대계획,재생에너지 발주·확대계획이 어느 지역에 분포하고 시간에 따라 어떻게 달라졌는가,지역 분포와 지역별 변화,지역 선택 상세와 원자료 표,측정항목 | 세부 분류 | 기간,0년 단면 비교,MW 단일 축,choropleth · 63개 feature/scope · 지도 선택 연계,분석 뒤 접힌 개별 목록·원자료 표,Global Forest Watch,false
C-017,재생에너지 투자 인센티브,재생에너지 투자 인센티브의 핵심 값과 시간 변화는 어떠한가,상태·근거 매트릭스,접힌 원자료 표,측정항목,0년 단면 비교,"단위별 분리: — · 건 · % (총발전량 상한) · %(15년) · VND/kWh · đồng/kWh · 년 · 년(최대) · % · 속성별, 1.2_entity 3행 머리글 괄호 표기 참조",데이터 상세 분석만 제공,분석 뒤 접힌 개별 목록·원자료 표,World Bank DataBank / World Development Indicators,false
C-018,중장기 에너지 전망,중장기 에너지 전망의 핵심 값과 시간 변화는 어떠한가,변수·시나리오별 범위와 추이,접힌 원자료 표,측정항목,0년 단면 비교,"단위별 분리: % · — · MW · UScent/kWh · VND/kWh · đồng/kWh · 십억kWh · %/년 · 백만톤CO₂ · 기관 · 속성별, 1.2_entity 3행 머리글 괄호 표기 참조",데이터 상세 분석만 제공,분석 뒤 접힌 개별 목록·원자료 표,World Bank Climate Change Knowledge Portal,false
C-019,탄소시장 법·제도와 예산,탄소시장 법·제도와 예산의 주요 제도 변화는 언제 발생했는가,정책 연표,접힌 원자료 표,측정항목,0년 단면 비교,"단위별 분리: — · 개사 · USD/tCO₂e · VND/L · đồng/L · đồng/kg · đồng/t · % · MtCO₂e · VND · VND/tCO₂e · tCO₂e · 개 · 기간 · 년월 · 년월일 · VND/kWh · 시행령번호 · 년 · 결정번호 · 법률번호 · URL · 속성별, 1.2_entity 3행 머리글 괄호 표기 참조",데이터 상세 분석만 제공,분석 뒤 접힌 개별 목록·원자료 표,World Bank DataBank / World Development Indicators,false
C-020,온실가스 감축사업 기초정보,온실가스 감축사업 기초정보의 현재 수집 상태는 무엇인가,상태와 향후 수집방향,없음,,0년 단면 비교,텍스트 또는 단위 없음,데이터 상세 분석만 제공,접힌 원자료 표,World Bank DataBank / World Development Indicators,false
C-021,자발적 탄소시장 사업목록,자발적 탄소시장 사업목록의 현재 수집 상태는 무엇인가,상태와 향후 수집방향,없음,,0년 단면 비교,텍스트 또는 단위 없음,데이터 상세 분석만 제공,접힌 원자료 표,World Bank DataBank / World Development Indicators,false
C-022,탄소시장 준비도,탄소시장 준비도의 핵심 값과 시간 변화는 어떠한가,역량 항목별 점수판,접힌 원자료 표,측정항목,0년 단면 비교,"단위별 분리: 기간 · — · MtCO₂e · % · URL · %(배분기간별 상쇄의무 대비) · %(익기 배분량 대비) · 백만 đồng · 개 · 속성별, 1.2_entity 3행 머리글 괄호 표기 참조 · 점",region-choropleth · 63개 feature/scope · 지도 선택 연계,분석 뒤 접힌 개별 목록·원자료 표,World Bank DataBank / World Development Indicators,false
C-023,한계저감비용,한계저감비용의 현재 수집 상태는 무엇인가,상태와 향후 수집방향,없음,,0년 단면 비교,텍스트 또는 단위 없음,데이터 상세 분석만 제공,접힌 원자료 표,World Bank DataBank / World Development Indicators,false
C-024,산림전용 방지 및 산림보전(REDD+),산림전용 방지 및 산림보전(REDD+)의 핵심 값과 시간 변화는 어떠한가,역량 항목별 점수판,접힌 원자료 표,측정항목,0년 단면 비교,"단위별 분리: — · MtCO₂e · USD/tCO₂e · 백만 USD · 속성별, 1.2_entity 3행 머리글 괄호 표기 참조 · tCO₂e/yr",choropleth · 6개 feature/scope · 지도 선택 연계,분석 뒤 접힌 개별 목록·원자료 표,World Bank DataBank / World Development Indicators,false
C-025,탄소크레딧 사업 및 발행실적,탄소크레딧 사업 및 발행실적의 규모·금액·연도·분야 분포는 어떠한가,사업·재원 요약 대시보드,필터 가능한 개별 사업 목록,측정항목 | status,0년 단면 비교,"단위별 분리: tCO₂e · 건 · tCO₂e/년 · tCO₂e/yr · 속성별, 1.2_entity 3행 머리글 괄호 표기 참조 · —",point · 1106개 feature/scope · 지도 선택 연계,요약 뒤 필터 가능한 카드·표,World Bank Projects / d-portal,false
D-001,단위 사업당 CAPEX,단위 사업당 CAPEX의 핵심 값과 시간 변화는 어떠한가,기술별 비교,접힌 원자료 표,분류 | 세부 분류 | detail_2 | 기술,2024년 단면 비교,USD/kW 단일 축,데이터 상세 분석만 제공,접힌 원자료 표,Our World in Data,false
D-002,시장 성장률,시장 성장률의 핵심 값과 시간 변화는 어떠한가,기술별 비교,접힌 원자료 표,분류 | 기술 | 연도,2000–2030년 비연속 단면·분포 비교,% 단일 축,데이터 상세 분석만 제공,접힌 원자료 표,Our World in Data,false
D-003,예상 감축량,예상 감축량의 핵심 값과 시간 변화는 어떠한가,기술별 비교,접힌 원자료 표,측정항목 | 분류 | 세부 분류 | 기술 | 연도,2023–2025년 비연속 단면·분포 비교,단위별 분리: tCO2/20년·MW · tCO2/y · tCO2/년·MW · 건,데이터 상세 분석만 제공,분석 뒤 접힌 개별 목록·원자료 표,Our World in Data,false
D-004,크레딧 가격 연동 수익성,크레딧 가격 연동 수익성의 핵심 값과 시간 변화는 어떠한가,기술별 비교,접힌 원자료 표,분류 | 기술,2026년 단면 비교,% 단일 축,데이터 상세 분석만 제공,접힌 원자료 표,Our World in Data,false
D-005,감축/적응 구분별 예산 배분 비율,감축/적응 구분별 예산 배분 비율의 절대량과 구성비가 시간에 따라 어떻게 달라졌는가,연도별 구성 변화,선택연도 구성 상세,분류 | 세부 분류 | 연도,2010–2020년 비연속 단면·분포 비교,% 단일 축,데이터 상세 분석만 제공,접힌 원자료 표,Our World in Data,false
D-006,기후 관련 조세 수입,기후 관련 조세 수입의 핵심 값과 시간 변화는 어떠한가,측정항목별 연도 추이,접힌 원자료 표,측정항목 | 분류 | 세부 분류 | 연도,1995–2026년 전체 추이와 기간 선택,단위별 분리: % · % of GDP · USD/tCO2e · VND · VND/L · VND/t · 현지통화,데이터 상세 분석만 제공,접힌 원자료 표,World Bank DataBank / World Development Indicators,false
D-007,"기후예산태깅(CBT, Climate Budget Tagging) 도입 여부 및 수준","기후예산태깅(CBT, Climate Budget Tagging) 도입 여부 및 수준의 주요 제도 변화는 언제 발생했는가",정책 연표,접힌 원자료 표,분류 | 세부 분류 | 연도,2015–2022년 비연속 단면·분포 비교,구분 단일 축,데이터 상세 분석만 제공,접힌 원자료 표,World Bank DataBank / World Development Indicators,false
D-008,주관 부처별 기후 예산 규모,주관 부처별 기후 예산 규모의 핵심 값과 시간 변화는 어떠한가,측정항목별 연도 추이,접힌 원자료 표,측정항목 | 분류 | 세부 분류 | 연도,2012–2020년 비연속 단면·분포 비교,단위별 분리: % · VND,choropleth · 3개 feature/scope · 지도 선택 연계,접힌 원자료 표,World Bank DataBank / World Development Indicators,false
D-009,기후대응·기후기술 관련 정부 예산,기후대응·기후기술 관련 정부 예산의 핵심 값과 시간 변화는 어떠한가,측정항목별 연도 추이,접힌 원자료 표,측정항목 | 분류 | 세부 분류 | 연도,2013–2020년 비연속 단면·분포 비교,단위별 분리: LCU · % of GDP · % · USD · VND,데이터 상세 분석만 제공,접힌 원자료 표,World Bank DataBank / World Development Indicators,false
D-010,화석연료 보조금 규모,화석연료 보조금 규모의 핵심 값과 시간 변화는 어떠한가,측정항목별 연도 추이,접힌 원자료 표,측정항목 | 분류 | 세부 분류 | 연도,2020–2024년 전체 추이와 기간 선택,단위별 분리: % · USD · USD/L,데이터 상세 분석만 제공,접힌 원자료 표,World Bank DataBank / World Development Indicators,false
D-011,개도국 내 각국별 ODA 규모,개도국 내 각국별 ODA 규모의 핵심 값과 시간 변화는 어떠한가,기술별 비교,접힌 원자료 표,분류 | 세부 분류 | 연도,2020–2024년 비연속 단면·분포 비교,USD 단일 축,데이터 상세 분석만 제공,접힌 원자료 표,Our World in Data,false
D-012,경쟁국 민간기업의 개도국 진출 현황,경쟁국 민간기업의 개도국 진출 현황의 핵심 값과 시간 변화는 어떠한가,기술별 비교,접힌 원자료 표,측정항목,0년 단면 비교,단위별 분리: MW · 건,region-choropleth · 62개 feature/scope · 지도 선택 연계,분석 뒤 접힌 개별 목록·원자료 표,Our World in Data,false
D-013,녹색성장지수,녹색성장지수의 핵심 값과 시간 변화는 어떠한가,핵심 점수와 연도별 추이,접힌 원자료 표,분류 | 세부 분류 | 연도,2024–2026년 비연속 단면·분포 비교,점 단일 축,데이터 상세 분석만 제공,접힌 원자료 표,World Bank DataBank / World Development Indicators,false
D-014,대외경제협력기금 사업,대외경제협력기금 사업의 규모·금액·연도·분야 분포는 어떠한가,사업·재원 요약 대시보드,필터 가능한 개별 사업 목록,측정항목,0년 단면 비교,단위별 분리: USD · 건,region-choropleth · 31개 feature/scope · 지도 선택 연계,요약 뒤 필터 가능한 카드·표,World Bank Projects / d-portal,false
D-015,한국 공적개발원조 사업,한국 공적개발원조 사업의 규모·금액·연도·분야 분포는 어떠한가,사업·재원 요약 대시보드,필터 가능한 개별 사업 목록,측정항목,0년 단면 비교,단위별 분리: USD · 건,region-choropleth · 52개 feature/scope · 지도 선택 연계,요약 뒤 필터 가능한 카드·표,World Bank Projects / d-portal,false
D-016,정부·지방자치단체 협력사업,정부·지방자치단체 협력사업의 규모·금액·연도·분야 분포는 어떠한가,사업·재원 요약 대시보드,필터 가능한 개별 사업 목록,측정항목,0년 단면 비교,단위별 분리: USD · 건,region-choropleth · 25개 feature/scope · 지도 선택 연계,요약 뒤 필터 가능한 카드·표,World Bank Projects / d-portal,false
D-017,한국 ODA 사업기획·입찰,한국 ODA 사업기획·입찰의 규모·금액·연도·분야 분포는 어떠한가,사업·재원 요약 대시보드,필터 가능한 개별 사업 목록,측정항목,0년 단면 비교,단위별 분리: USD · 건,region-choropleth · 38개 feature/scope · 지도 선택 연계,요약 뒤 필터 가능한 카드·표,World Bank Projects / d-portal,false
D-018,적응기금 사업,적응기금 사업의 규모·금액·연도·분야 분포는 어떠한가,사업·재원 요약 대시보드,필터 가능한 개별 사업 목록,측정항목 | 분류 | 세부 분류,0년 단면 비교,단위별 분리: USD · 건,regional-scope · 4개 feature/scope · 지도 선택 연계,요약 뒤 필터 가능한 카드·표,World Bank Projects / d-portal,false
D-019,CTCN 기술지원,CTCN 기술지원의 규모·금액·연도·분야 분포는 어떠한가,사업·재원 요약 대시보드,필터 가능한 개별 사업 목록,측정항목 | 기술분야,0년 단면 비교,단위별 분리: USD · 건,region-choropleth · 2개 feature/scope · 지도 선택 연계,요약 뒤 필터 가능한 카드·표,World Bank Projects / d-portal,false
D-020,녹색기후기금 사업,녹색기후기금 사업의 규모·금액·연도·분야 분포는 어떠한가,사업·재원 요약 대시보드,필터 가능한 개별 사업 목록,측정항목,0년 단면 비교,단위별 분리: 건 · USD,region-choropleth · 11개 feature/scope · 지도 선택 연계,요약 뒤 필터 가능한 카드·표,World Bank Projects / d-portal,false
D-021,국제기구·개발은행 사업,국제기구·개발은행 사업의 규모·금액·연도·분야 분포는 어떠한가,사업·재원 요약 대시보드,필터 가능한 개별 사업 목록,측정항목,0년 단면 비교,단위별 분리: USD · 건,region-choropleth · 49개 feature/scope · 지도 선택 연계,요약 뒤 필터 가능한 카드·표,World Bank Projects / d-portal,false
D-022,개발금융·민관협력 투자사업,개발금융·민관협력 투자사업의 규모·금액·연도·분야 분포는 어떠한가,사업·재원 요약 대시보드,필터 가능한 개별 사업 목록,측정항목,0년 단면 비교,단위별 분리: 건 · USD,region-choropleth · 12개 feature/scope · 지도 선택 연계,요약 뒤 필터 가능한 카드·표,World Bank Projects / d-portal,false
D-023,국제협력·기후재원 사업,국제협력·기후재원 사업의 규모·금액·연도·분야 분포는 어떠한가,사업·재원 요약 대시보드,필터 가능한 개별 사업 목록,측정항목 | 분류,2025년 단면 비교,단위별 분리: USD · USD 백만 · 건,region-choropleth · 18개 feature/scope · 지도 선택 연계,요약 뒤 필터 가능한 카드·표,World Bank Projects / d-portal,false
D-024,벤처·임팩트 투자,벤처·임팩트 투자의 규모·금액·연도·분야 분포는 어떠한가,사업·재원 요약 대시보드,필터 가능한 개별 사업 목록,측정항목,2026년 단면 비교,단위별 분리: USD · 개사 · 건,데이터 상세 분석만 제공,요약 뒤 필터 가능한 카드·표,World Bank Projects / d-portal,false
D-025,민간 인프라 투자,민간 인프라 투자의 규모·금액·연도·분야 분포는 어떠한가,사업·재원 요약 대시보드,필터 가능한 개별 사업 목록,측정항목,0년 단면 비교,단위별 분리: USD · 건,region-choropleth · 56개 feature/scope · 지도 선택 연계,요약 뒤 필터 가능한 카드·표,World Bank Projects / d-portal,false
D-026,정치적 위험 보증사업,정치적 위험 보증사업의 규모·금액·연도·분야 분포는 어떠한가,사업·재원 요약 대시보드,필터 가능한 개별 사업 목록,측정항목,0년 단면 비교,단위별 분리: USD · 건,region-choropleth · 3개 feature/scope · 지도 선택 연계,요약 뒤 필터 가능한 카드·표,World Bank Projects / d-portal,false
E-001,CTCN 국가지정기구,CTCN 국가지정기구에서 어떤 기관과 연락망을 찾을 수 있는가,기관·연락망 탐색,필터 가능한 기관 목록,orgCategory,0년 단면 비교,해당없음 단일 축,region-choropleth · 1개 feature/scope · 지도 선택 연계,검색 가능한 기관 카드·표,World Bank DataBank / World Development Indicators,false
E-002,파리협정 국가지정기관,파리협정 국가지정기관에서 어떤 기관과 연락망을 찾을 수 있는가,기관·연락망 탐색,필터 가능한 기관 목록,측정항목 | a64Status | recordStatus,0년 단면 비교,단위별 분리: 건 · 해당없음,region-choropleth · 32개 feature/scope · 지도 선택 연계,검색 가능한 기관 카드·표,World Bank DataBank / World Development Indicators,false
E-003,녹색기후기금 국가지정기관,녹색기후기금 국가지정기관에서 어떤 기관과 연락망을 찾을 수 있는가,기관·연락망 탐색,필터 가능한 기관 목록,role,0년 단면 비교,해당없음 단일 축,데이터 상세 분석만 제공,검색 가능한 기관 카드·표,World Bank DataBank / World Development Indicators,false
E-004,국제기구 현지사무소,국제기구 현지사무소에서 어떤 기관과 연락망을 찾을 수 있는가,기관·연락망 탐색,필터 가능한 기관 목록,city | collectionStatus | contactType | orgType | recordStatus,0년 단면 비교,해당없음 단일 축,point · 17개 feature/scope · 지도 선택 연계,검색 가능한 기관 카드·표,World Bank DataBank / World Development Indicators,false
E-005,대학·연구기관·시민사회,대학·연구기관·시민사회에서 어떤 기관과 연락망을 찾을 수 있는가,기관·연락망 탐색,필터 가능한 기관 목록,city | orgType | 국제협력 실적 구분,0년 단면 비교,기관(건) 단일 축,point · 20개 feature/scope · 지도 선택 연계,검색 가능한 기관 카드·표,World Bank DataBank / World Development Indicators,false
E-006,현지 투자자 네트워크,현지 투자자 네트워크에서 어떤 기관과 연락망을 찾을 수 있는가,기관·연락망 탐색,필터 가능한 기관 목록,amountStatus | amountType | city | collectionStatus | fundOrAffiliate | hqCountryIso3 | investSector | recordSourceType | 좌표 소재 구분,0년 단면 비교,USD(백만) 단일 축,point · 8개 feature/scope · 지도 선택 연계,검색 가능한 기관 카드·표,World Bank DataBank / World Development Indicators,false
E-007,온실가스 산정·보고·검증 체계,온실가스 산정·보고·검증 체계의 핵심 값과 시간 변화는 어떠한가,상태·근거 매트릭스,접힌 원자료 표,측정항목 | 분류 | 부문별 Tier | 표준 분류 | 확인 상태 구분,0년 단면 비교,단위별 분리: 제출 여부(제출/미제출) · 유무(Y/N) · 등급(Tier) · 건(제도·근거 문서),데이터 상세 분석만 제공,분석 뒤 접힌 개별 목록·원자료 표,World Bank DataBank / World Development Indicators,false
E-008,기후기술 논문·특허,기후기술 논문·특허의 핵심 값과 시간 변화는 어떠한가,논문·특허 연도별 추이,분야·협력구조 분해와 필터 목록,측정항목,2026년 단면 비교,단위별 분리: 건 · 건/문헌 · 비율(0-1) · 위 · 지수 · %,데이터 상세 분석만 제공,분석 뒤 접힌 개별 목록·원자료 표,WIPO IP Statistics Data Center,false
E-009,과학기술 인력,과학기술 인력의 핵심 값과 시간 변화는 어떠한가,핵심현황과 연도별 추이,접힌 원자료 표,측정항목 | 연도,2002–2023년 전체 추이와 기간 선택,단위별 분리: % · 명 · 명/백만명(FTE) · 명(FTE),데이터 상세 분석만 제공,접힌 원자료 표,World Bank DataBank / World Development Indicators,false
E-010,연구개발·혁신 역량,연구개발·혁신 역량의 핵심 값과 시간 변화는 어떠한가,핵심 점수와 연도별 추이,접힌 원자료 표,측정항목 | 세부 분류 | 연도,2002–2025년 전체 추이와 기간 선택,단위별 분리: % · USD · 순위 · 점수,데이터 상세 분석만 제공,접힌 원자료 표,World Bank DataBank / World Development Indicators,false
E-011,기술준비수준,기술준비수준의 현재 수집 상태는 무엇인가,상태와 향후 수집방향,없음,측정항목 | 세부 분류 | 연도,2021–2025년 비연속 단면·분포 비교,단위별 분리: 순위 · 점수 · 등급,데이터 상세 분석만 제공,접힌 원자료 표,World Bank DataBank / World Development Indicators,false
E-012,기술인력과 임금,기술인력과 임금의 핵심 값과 시간 변화는 어떠한가,측정항목별 연도 추이,접힌 원자료 표,측정항목 | 통화 | 직군 | 성별 | source | 연도,1996–2024년 비연속 단면·분포 비교,단위별 분리: % · USD · VND · 천VND · 천명,데이터 상세 분석만 제공,접힌 원자료 표,World Bank DataBank / World Development Indicators,false
E-013,운영·유지보수 역량,운영·유지보수 역량의 현재 수집 상태는 무엇인가,상태와 향후 수집방향,없음,측정항목,0년 단면 비교,단위별 분리: 유무(Y/N) · 구분(국내생산/수입의존) · 등급,데이터 상세 분석만 제공,접힌 원자료 표,World Bank DataBank / World Development Indicators,false
E-014,기후·녹색성장 양자협정,기후·녹색성장 양자협정의 주요 제도 변화는 언제 발생했는가,정책 연표,접힌 원자료 표,agreementType | status | 문서 유형 | 협력 상대 구분,0년 단면 비교,건(협정) 단일 축,데이터 상세 분석만 제공,분석 뒤 접힌 개별 목록·원자료 표,World Bank DataBank / World Development Indicators,false
E-015,NDC 파트너십 참여,NDC 파트너십 참여의 핵심 값과 시간 변화는 어떠한가,상태·근거 매트릭스,접힌 원자료 표,측정항목,0년 단면 비교,단위별 분리: 해당없음 · 회원 여부(Y/N),데이터 상세 분석만 제공,분석 뒤 접힌 개별 목록·원자료 표,World Bank DataBank / World Development Indicators,false
E-016,한국 기후기술 성숙도,한국 기후기술 성숙도의 핵심 값과 시간 변화는 어떠한가,역량 항목별 점수판,접힌 원자료 표,referenceYear | 부문,0년 단면 비교,건(분야) 단일 축,데이터 상세 분석만 제공,분석 뒤 접힌 개별 목록·원자료 표,World Bank DataBank / World Development Indicators,false
E-017,한국 기후기술 비교우위,한국 기후기술 비교우위의 핵심 값과 시간 변화는 어떠한가,상태·근거 매트릭스,접힌 원자료 표,측정항목,2020년 단면 비교,단위별 분리: 위 · %,데이터 상세 분석만 제공,접힌 원자료 표,World Bank DataBank / World Development Indicators,false
E-018,한국 기업의 현지 진출,한국 기업의 현지 진출의 규모·금액·연도·분야 분포는 어떠한가,사업·재원 요약 대시보드,필터 가능한 개별 사업 목록,좌표 구분,0년 단면 비교,개사(기업) 단일 축,point · 33개 feature/scope · 지도 선택 연계,요약 뒤 필터 가능한 카드·표,World Bank Projects / d-portal,false
E-019,한국 기관 현지사무소,한국 기관 현지사무소에서 어떤 기관과 연락망을 찾을 수 있는가,기관·연락망 탐색,필터 가능한 기관 목록,city | 기후·에너지 담당 판정 | 행 유형,0년 단면 비교,개소(사무소) 단일 축,point · 6개 feature/scope · 지도 선택 연계,검색 가능한 기관 카드·표,World Bank DataBank / World Development Indicators,false
E-020,한국의 공공·민간 지원제도,한국의 공공·민간 지원제도의 규모·금액·연도·분야 분포는 어떠한가,사업·재원 요약 대시보드,필터 가능한 개별 사업 목록,측정항목 | supportType | 금액 종류 | 지원 유형 표준 | 지원대상 구분,0년 단면 비교,단위별 분리: 건(프로그램) · 건(프로그램) / 건(사업) · 건(사업),region-choropleth · 3개 feature/scope · 지도 선택 연계,요약 뒤 필터 가능한 카드·표,World Bank Projects / d-portal,false
