elementId,title,question,kpiLabels,selectors,sourcePanel,decision,replacement,reason
A-001,부패인식지수(CPI)의 수준과 장기 변화,"세부 분류국제투명성기구 부패인식지수 점수(0=매우 부패, 100=매우 청렴)",제공기관 / 자료기간 / 단위 / 자료 범위 / 이용조건,항목CPI 산출 원천 수 · 건CPI 순위 · 위CPI 순위(구 척도) · 위CPI 신뢰구간 상한 · 점CPI 신뢰구간 하한 · 점CPI 점수 · 점CPI 점수(구 척도) · 점CPI 표준오차 · 점 / 연도20252024202320222021202020192018201720162015201420132012,자료정보·이용조건,KEEP,,states the data and its reading in reader-facing Korean
A-002,거버넌스 여섯 부문의 수준과 장기 변화,,제공기관 / 자료기간 / 단위 / 자료 범위 / 이용조건,기준연도20242023202220212020201920182017201620152014201320122011201020092008200720062005200420032002200019981996 / 표시 값백분위(같은 해 조사대상국 중 위치)표준값(Estimate),자료정보·이용조건,KEEP,,states the data and its reading in reader-facing Korean
A-003,국내총생산 및 경제성장의 추세와 최근 수준,분류명목,제공기관 / 자료기간 / 단위 / 자료 범위 / 이용조건,항목1인당 GDP · USD1인당 GDP · 국제달러1인당 GDP 성장률 · %GDP 성장률 · %GDP 총액 · USDGDP 총액 · 국제달러GNI 총액 · 국제달러 / 연도20252024202320222021202020192018201720162015201420132012201120102009200820072006200520042003200220012000199919981997199619951994199319921991199019891988198719861985,자료정보·이용조건,KEEP,,states the data and its reading in reader-facing Korean
A-004,빈곤율 및 극빈곤율의 추세와 최근 수준,분류국제빈곤선,제공기관 / 자료기간 / 단위 / 자료 범위 / 이용조건,항목극빈곤율 · %빈곤율 · % / 연도2022202120202019201820172016201520142013201220112010200920082007200620052004200320022001200019991998199719961995199419931992,자료정보·이용조건,KEEP,,states the data and its reading in reader-facing Korean
A-005,산업구조의 항목별 비중과 연도별 흐름,동일한 항목과 단위의 계열만 한 축에서 비교합니다.,제공기관 / 자료기간 / 단위 / 자료 범위 / 이용조건,기준연도2025년2024년2023년2022년2021년2020년2019년2018년2017년2016년2015년2014년2013년2012년2011년2010년2009년2008년2007년2006년2005년2004년2003년2002년2001년2000년1999년1998년1997년1996년1995년1994년1993년1992년1991년1990년1989년1988년1987년1986년,자료정보·이용조건,KEEP,,states the data and its reading in reader-facing Korean
A-006,전체·청년 실업률과 연도별 변화,,제공기관 / 자료기간 / 단위 / 자료 범위 / 이용조건,항목전체 실업률 · %청년 실업률 · % / 분류전체ILO 추정치베트남 통계 / 연도20252024202320222021202020192018201720162015201420132012201120102009200820072006200520042003200220012000199919981997199619951994199319921991,자료정보·이용조건,KEEP,,states the data and its reading in reader-facing Korean
A-007,인구 및 도시화의 추세와 최근 수준,세부 분류연중 거주 인구,제공기관 / 자료기간 / 단위 / 자료 범위 / 이용조건,항목도시인구 · 명도시인구 증가율 · %도시화율 · %총인구 · 명 / 연도202520242023202220212020201920182017201620152014201320122011201020092008200720062005200420032002200120001999199819971996199519941993199219911990198919881987198619851984198319821981198019791978197719761975197419731972197119701969196819671966196519641963196219611960,자료정보·이용조건,KEEP,,states the data and its reading in reader-facing Korean
A-008,소득 불평등(지니계수)의 수준과 장기 변화,,제공기관 / 자료기간 / 단위 / 자료 범위 / 이용조건,연도2022202120202019201820172016201520142013201220112010200920082007200620052004200320022001200019991998199719961995199419931992,자료정보·이용조건,KEEP,,states the data and its reading in reader-facing Korean
A-009,온실가스 배출집약도의 추세와 최근 수준,분류GDP 대비,제공기관 / 자료기간 / 단위 / 자료 범위 / 이용조건,"항목GHG 배출 강도 · tCO2eq/1,000 국제달러GHG 배출 강도 · tCO2eq/인 / 연도20242023202220212020201920182017201620152014201320122011201020092008200720062005200420032002200120001999199819971996199519941993199219911990",자료정보·이용조건,KEEP,,states the data and its reading in reader-facing Korean
A-010,온실가스 종류별 배출량의 항목별 비중과 연도별 흐름,"같은 단위의 계열만 비교하며, 공개되지 않은 값은 합계에 포함하지 않습니다.",제공기관 / 자료기간 / 단위 / 자료 범위 / 산정기준 / 이용조건,측정 기준가스별 CO₂ 환산 배출량 · MtCO₂e가스별 질량 · Gg / 기준연도2024년2023년2022년2021년2020년2019년2018년2017년2016년2015년2014년2013년2012년2011년2010년2009년2008년2007년2006년2005년2004년2003년2002년2001년2000년1999년1998년1997년1996년1995년1994년1993년1992년1991년1990년,자료정보·이용조건,KEEP,,states the data and its reading in reader-facing Korean
A-011,부문별 온실가스 배출량의 항목별 비중과 연도별 흐름,"같은 단위의 계열만 비교하며, 공개되지 않은 값은 합계에 포함하지 않습니다.",제공기관 / 자료기간 / 단위 / 자료 범위 / 이용조건,기준연도2024년2023년2022년2021년2020년2019년2018년2017년2016년2015년2014년2013년2012년2011년2010년2009년2008년2007년2006년2005년2004년2003년2002년2001년2000년1999년1998년1997년1996년1995년1994년1993년1992년1991년1990년1989년1988년1987년1986년1985년1984년1983년1982년1981년1980년1979년1978년1977년1976년1975년1974년1973년1972년1971년1970년,자료정보·이용조건,KEEP,,states the data and its reading in reader-facing Korean
A-012,온실가스 총배출량의 추세와 최근 수준,분류LULUCF 제외,제공기관 / 자료기간 / 단위 / 자료 범위 / 이용조건,항목LULUCF 순플럭스 · Mt CO2eq순 GHG 배출량 · Mt CO2eq총 GHG 배출량 · Mt CO2eq / 연도2024202320222021202020192018201720162015201420132012201120102009200820072006200520042003200220012000199919981997199619951994199319921991199019891988198719861985198419831982198119801979197819771976197519741973197219711970,자료정보·이용조건,KEEP,,states the data and its reading in reader-facing Korean
A-013,기후목표와 지속가능발전목표의 연결,연도2016,제공기관 / 자료기간 / 단위 / 자료 범위 / 이용조건,정보 유형전체ActionNeeds & Gaps / 검색어,자료정보·이용조건,KEEP,,states the data and its reading in reader-facing Korean
A-014,지속가능발전목표 지수의 수준과 장기 변화,세부 분류17개 목표 평균 달성도(0~100),제공기관 / 자료기간 / 단위 / 자료 범위 / 이용조건,항목SDG Index 종합순위 · 위SDG Index 종합점수 · 점목표별 달성도 · 점 / 연도20252024202320222021202020192018201720162015201420132012201120102009200820072006200520042003200220012000,자료정보·이용조건,KEEP,,states the data and its reading in reader-facing Korean
A-015,목표별 세부지표 달성도,"원자료의 0~100점 환산 점수를 비교합니다. 지표별 기준연도가 다르며, 점수는 빈곤율·농도 같은 원래 측정값이 아닙니다.",제공기관 / 자료기간 / 단위 / 자료 범위 / 이용조건,목표SDG1 세부지표 달성도SDG2 세부지표 달성도SDG3 세부지표 달성도SDG4 세부지표 달성도SDG5 세부지표 달성도SDG6 세부지표 달성도SDG7 세부지표 달성도SDG8 세부지표 달성도SDG9 세부지표 달성도SDG10 세부지표 달성도SDG11 세부지표 달성도SDG12 세부지표 달성도SDG13 세부지표 달성도SDG14 세부지표 달성도SDG15 세부지표 달성도SDG16 세부지표 달성도SDG17 세부지표 달성도 / 정렬점수 낮은 순점수 높은 순지표명 순,자료정보·이용조건,KEEP,,states the data and its reading in reader-facing Korean
A-016,1차 에너지 소비구조의 항목별 비중과 연도별 흐름,공급 총계는 구성항목과 중복되므로 면적 합계에 포함하지 않습니다.,제공기관 / 자료기간 / 단위 / 자료 범위 / 산정기준 / 이용조건,기준연도2025년2024년2023년2022년2021년2020년2019년2018년2017년2016년2015년2014년2013년2012년2011년2010년2009년2008년2007년2006년2005년2004년2003년2002년2001년2000년1999년1998년1997년1996년1995년1994년1993년1992년1991년1990년1989년1988년1987년1986년1985년1984년1983년1982년1981년1980년1979년1978년1977년1976년1975년1974년1973년1972년1971년1970년1969년1968년1967년1966년1965년,자료정보·이용조건,KEEP,,states the data and its reading in reader-facing Korean
A-018,발전설비 용량의 항목별 비중과 연도별 흐름,2017–2025년 · 모든 23개 계열이(가) 제공된 연도만 쌓았습니다. 비중은 같은 단위의 계열별 합계를 분모로 합니다. 차트를 누르면 2025년 상세가 바뀝니다.,제공기관 / 자료기간 / 단위 / 자료 범위 / 이용조건,계열 보기주요 8개 함께 보기재생에너지 합계(계통연계)비재생에너지 합계(계통연계)화석연료(계통연계)석탄(계통연계)재생 수력(계통연계)태양광(계통연계)태양에너지(계통연계)천연가스(계통연계)풍력(계통연계)육상풍력(계통연계)석유(계통연계)해상풍력(계통연계)바이오에너지(계통연계)고체 바이오연료(계통연계)기타 비재생에너지(계통연계)폐기물에너지(계통연계)재생에너지 합계(독립형)재생 수력(독립형)바이오에너지(독립형)바이오가스(계통연계)고체 바이오연료(독립형)육상풍력(독립형)풍력(독립형)태양광(독립형)태양에너지(독립형)바이오가스(독립형) / 기준연도2025년2024년2023년2022년2021년2020년2019년2018년2017년2016년2015년2014년2013년2012년2011년2010년2009년2008년2007년2006년2005년2004년2003년2002년2001년2000년,자료정보·이용조건,KEEP,,states the data and its reading in reader-facing Korean
A-019,송배전 손실률의 추세와 최근 수준,,제공기관 / 자료기간 / 단위 / 자료 범위 / 이용조건,연도2023202220212020201920182017201620152014201320122011201020092008200720062005200420032002200120001999199819971996199519941993199219911990,자료정보·이용조건,KEEP,,states the data and its reading in reader-facing Korean
A-020,재생에너지 비중의 추세와 최근 수준,,제공기관 / 자료기간 / 단위 / 자료 범위 / 이용조건,분류전체발전량 기준설비용량 기준 / 연도20252024202320222021202020192018201720162015201420132012201120102009200820072006200520042003200220012000,자료정보·이용조건,KEEP,,states the data and its reading in reader-facing Korean
A-021,전력 접근률의 추세와 최근 수준,,제공기관 / 자료기간 / 단위 / 자료 범위 / 이용조건,분류전체농촌도시전체 / 연도2024202320222021202020192018201720162015201420132012201120102009200820072006200520042003200220012000199919981997,자료정보·이용조건,KEEP,,states the data and its reading in reader-facing Korean
A-022,정전 빈도와 지속시간의 추세와 최근 수준,세부 분류연간 고객당 순간정전 횟수,제공기관 / 자료기간 / 단위 / 자료 범위 / 이용조건,"항목MAIFI · 회/고객SAIDI · 분/고객SAIFI · 회/고객 / 분류전체EVN 그룹 전체EVNCPC(중부)EVNHANOI(하노이)EVNHCMC(호치민, 구 시가지 관할)EVNHCMC(호치민, 현행 확대 관할)EVNNPC(북부)EVNSPC(남부) / 연도202620252024202320222021202020192018201720162015",자료정보·이용조건,KEEP,,states the data and its reading in reader-facing Korean
A-023,발전원별 시설 수·설비용량과 위치,"발전원별로 시설이 얼마나 많고 설비용량이 얼마나 큰지 비교할 수 있습니다. 같은 발전소가 두 출처에 중복될 수 있어, 출처를 나누어 집계합니다.",제공기관 / 자료기간 / 단위 / 자료 범위 / 이용조건,자료 출처 WRI GPPD · 2021년OpenStreetMap · 2026년 추출두 출처 함께 · 따로 집계 / 발전원 전체 발전원가스가스·석유바이오매스석유석탄수력태양광폐기물풍력 / 설비용량 전체 용량10MW 미만10~99MW100~499MW500MW 이상 / 시설명 검색,자료정보·이용조건,KEEP,,states the data and its reading in reader-facing Korean
A-024,베트남 송전망의 지역별 차이와 범위,"2016년 송전선은 경로가 있는 606개 구간이고, 개정 PDP8 선로 목록 116행(계획 68행 포함)은 전압만 있고 경로 좌표가 없어 지도에는 없습니다. 두 목록은 서로 더하지 않습니다.",제공기관 / 자료기간 / 단위 / 자료 범위 / 이용조건,지역·대상 선택지도 또는 목록에서 선택110 kV 선로 1110 kV 선로 2110 kV 선로 3110 kV 선로 4110 kV 선로 5110 kV 선로 6110 kV 선로 7110 kV 선로 8110 kV 선로 9110 kV 선로 10110 kV 선로 11110 kV 선로 12110 kV 선로 13110 kV 선로 14110 kV 선로 15110 kV 선로 16110 kV 선로 17110 kV 선로 18110 kV 선로 19110 kV 선로 20110 kV 선로 21110 kV 선로 22110 kV 선로 23110 kV 선로 24110 kV 선로 25110 kV 선로 26110 kV 선로 27110 kV 선로 28110 kV 선로 29110 kV 선로 30110 kV 선로 31110 kV 선로 32110 kV 선로 33110 kV 선로 34110 kV 선로 35110 kV 선로 36110 kV 선로 37110 kV 선로 38110 kV 선로 39110 kV 선로 40110 kV 선로 41110 kV 선로 42110 kV 선로 43110 kV 선로 44110 kV 선로 45110 kV 선로 46110 kV 선로 47110 kV 선로 48110 kV 선로 49110 kV 선로 50110 kV 선로 51110 kV 선로 52110 kV 선로 53110 kV 선로 54110 kV 선로 55110 kV 선로 56110 kV 선로 57110 kV 선로 58110 kV 선로 59110 kV 선로 60110 kV 선로 61110 kV 선로 62110 kV 선로 63110 kV 선로 64110 kV 선로 65110 kV 선로 66110 kV 선로 67110 kV 선로 68110 kV 선로 69110 kV 선로 70110 kV 선로 71110 kV 선로 72110 kV 선로 73110 kV 선로 74110 kV 선로 75110 kV 선로 76110 kV 선로 77110 kV 선로 78110 kV 선로 79110 kV 선로 80110 kV 선로 81110 kV 선로 82110 kV 선로 83110 kV 선로 84110 kV 선로 85110 kV 선로 86110 kV 선로 87110 kV 선로 88110 kV 선로 89110 kV 선로 90110 kV 선로 91110 kV 선로 92110 kV 선로 93110 kV 선로 94110 kV 선로 95110 kV 선로 96110 kV 선로 97110 kV 선로 98110 kV 선로 99110 kV 선로 100110 kV 선로 101110 kV 선로 102110 kV 선로 103110 kV 선로 104110 kV 선로 105110 kV 선로 106110 kV 선로 107110 kV 선로 108110 kV 선로 109110 kV 선로 110110 kV 선로 111110 kV 선로 112110 kV 선로 113110 kV 선로 114110 kV 선로 115110 kV 선로 116110 kV 선로 117110 kV 선로 118110 kV 선로 119110 kV 선로 120110 kV 선로 121110 kV 선로 122110 kV 선로 123110 kV 선로 124110 kV 선로 125110 kV 선로 126110 kV 선로 127110 kV 선로 128110 kV 선로 129110 kV 선로 130110 kV 선로 131110 kV 선로 132110 kV 선로 133110 kV 선로 134110 kV 선로 135110 kV 선로 136110 kV 선로 137110 kV 선로 138110 kV 선로 139110 kV 선로 140110 kV 선로 141110 kV 선로 142110 kV 선로 143110 kV 선로 144110 kV 선로 145110 kV 선로 146110 kV 선로 147110 kV 선로 148110 kV 선로 149110 kV 선로 150110 kV 선로 151110 kV 선로 152110 kV 선로 153110 kV 선로 154110 kV 선로 155110 kV 선로 156110 kV 선로 157110 kV 선로 158110 kV 선로 159110 kV 선로 160110 kV 선로 161110 kV 선로 162110 kV 선로 163110 kV 선로 164110 kV 선로 165110 kV 선로 166110 kV 선로 167110 kV 선로 168110 kV 선로 169110 kV 선로 170110 kV 선로 171110 kV 선로 172110 kV 선로 173110 kV 선로 174110 kV 선로 175110 kV 선로 176110 kV 선로 177110 kV 선로 178110 kV 선로 179110 kV 선로 180110 kV 선로 181110 kV 선로 182110 kV 선로 183110 kV 선로 184110 kV 선로 185110 kV 선로 186110 kV 선로 187110 kV 선로 188110 kV 선로 189110 kV 선로 190110 kV 선로 191110 kV 선로 192110 kV 선로 193110 kV 선로 194110 kV 선로 195110 kV 선로 196110 kV 선로 197110 kV 선로 198110 kV 선로 199110 kV 선로 200110 kV 선로 201110 kV 선로 202110 kV 선로 203110 kV 선로 204110 kV 선로 205110 kV 선로 206110 kV 선로 207110 kV 선로 208110 kV 선로 209110 kV 선로 210110 kV 선로 211110 kV 선로 212110 kV 선로 213110 kV 선로 214110 kV 선로 215110 kV 선로 216110 kV 선로 217110 kV 선로 218110 kV 선로 219110 kV 선로 220110 kV 선로 221110 kV 선로 222110 kV 선로 223110 kV 선로 224110 kV 선로 225110 kV 선로 226110 kV 선로 227110 kV 선로 228110 kV 선로 229110 kV 선로 230110 kV 선로 231110 kV 선로 232110 kV 선로 233110 kV 선로 234110 kV 선로 235110 kV 선로 236110 kV 선로 237110 kV 선로 238110 kV 선로 239110 kV 선로 240110 kV 선로 241110 kV 선로 242110 kV 선로 243110 kV 선로 244110 kV 선로 245110 kV 선로 246110 kV 선로 247110 kV 선로 248110 kV 선로 249110 kV 선로 250110 kV 선로 251110 kV 선로 252110 kV 선로 253110 kV 선로 254110 kV 선로 255110 kV 선로 256110 kV 선로 257110 kV 선로 258110 kV 선로 259110 kV 선로 260110 kV 선로 261110 kV 선로 262110 kV 선로 263110 kV 선로 264110 kV 선로 265110 kV 선로 266110 kV 선로 267110 kV 선로 268110 kV 선로 269110 kV 선로 270110 kV 선로 271110 kV 선로 272110 kV 선로 273110 kV 선로 274110 kV 선로 275110 kV 선로 276110 kV 선로 277110 kV 선로 278110 kV 선로 279110 kV 선로 280110 kV 선로 281110 kV 선로 282110 kV 선로 283110 kV 선로 284110 kV 선로 285110 kV 선로 286110 kV 선로 287110 kV 선로 288110 kV 선로 289110 kV 선로 290110 kV 선로 291110 kV 선로 292110 kV 선로 293110 kV 선로 294110 kV 선로 295110 kV 선로 296110 kV 선로 297110 kV 선로 298110 kV 선로 299110 kV 선로 300110 kV 선로 301110 kV 선로 302110 kV 선로 303110 kV 선로 304110 kV 선로 305110 kV 선로 306110 kV 선로 307110 kV 선로 308110 kV 선로 309110 kV 선로 310110 kV 선로 311110 kV 선로 312110 kV 선로 313110 kV 선로 314110 kV 선로 315110 kV 선로 316110 kV 선로 317110 kV 선로 318110 kV 선로 319110 kV 선로 320110 kV 선로 321110 kV 선로 322110 kV 선로 323110 kV 선로 324110 kV 선로 325110 kV 선로 326110 kV 선로 327110 kV 선로 328110 kV 선로 329110 kV 선로 330110 kV 선로 331110 kV 선로 332110 kV 선로 333110 kV 선로 334110 kV 선로 335110 kV 선로 336110 kV 선로 337110 kV 선로 338110 kV 선로 339110 kV 선로 340110 kV 선로 341110 kV 선로 342110 kV 선로 343110 kV 선로 344110 kV 선로 345110 kV 선로 346110 kV 선로 347110 kV 선로 348110 kV 선로 349110 kV 선로 350110 kV 선로 351110 kV 선로 352110 kV 선로 353110 kV 선로 354110 kV 선로 355110 kV 선로 356110 kV 선로 357110 kV 선로 358110 kV 선로 359110 kV 선로 360110 kV 선로 361110 kV 선로 362110 kV 선로 363110 kV 선로 364110 kV 선로 365110 kV 선로 366110 kV 선로 367110 kV 선로 368110 kV 선로 369110 kV 선로 370110 kV 선로 371110 kV 선로 372110 kV 선로 373110 kV 선로 374110 kV 선로 375110 kV 선로 376110 kV 선로 377110 kV 선로 378110 kV 선로 379110 kV 선로 380110 kV 선로 381110 kV 선로 382110 kV 선로 383110 kV 선로 384110 kV 선로 385110 kV 선로 386110 kV 선로 387110 kV 선로 388110 kV 선로 389110 kV 선로 390110 kV 선로 391110 kV 선로 392110 kV 선로 393110 kV 선로 394110 kV 선로 395110 kV 선로 396110 kV 선로 397110 kV 선로 398110 kV 선로 399110 kV 선로 400110 kV 선로 401110 kV 선로 402110 kV 선로 403110 kV 선로 404110 kV 선로 405110 kV 선로 406110 kV 선로 407110 kV 선로 408110 kV 선로 409110 kV 선로 410110 kV 선로 411110 kV 선로 412110 kV 선로 413110 kV 선로 414110 kV 선로 415110 kV 선로 416110 kV 선로 417110 kV 선로 418110 kV 선로 419110 kV 선로 420110 kV 선로 421110 kV 선로 422110 kV 선로 423110 kV 선로 424220 kV 선로 425220 kV 선로 426220 kV 선로 427220 kV 선로 428220 kV 선로 429220 kV 선로 430220 kV 선로 431220 kV 선로 432220 kV 선로 433220 kV 선로 434220 kV 선로 435220 kV 선로 436220 kV 선로 437220 kV 선로 438220 kV 선로 439220 kV 선로 440220 kV 선로 441220 kV 선로 442220 kV 선로 443220 kV 선로 444220 kV 선로 445220 kV 선로 446220 kV 선로 447220 kV 선로 448220 kV 선로 449220 kV 선로 450220 kV 선로 451220 kV 선로 452220 kV 선로 453220 kV 선로 454220 kV 선로 455220 kV 선로 456220 kV 선로 457220 kV 선로 458220 kV 선로 459220 kV 선로 460220 kV 선로 461220 kV 선로 462220 kV 선로 463220 kV 선로 464220 kV 선로 465220 kV 선로 466220 kV 선로 467220 kV 선로 468220 kV 선로 469220 kV 선로 470220 kV 선로 471220 kV 선로 472220 kV 선로 473220 kV 선로 474220 kV 선로 475220 kV 선로 476220 kV 선로 477220 kV 선로 478220 kV 선로 479220 kV 선로 480220 kV 선로 481220 kV 선로 482220 kV 선로 483110 kV 선로 484220 kV 선로 485220 kV 선로 486220 kV 선로 487220 kV 선로 488220 kV 선로 489220 kV 선로 490220 kV 선로 491220 kV 선로 492220 kV 선로 493220 kV 선로 494220 kV 선로 495220 kV 선로 496220 kV 선로 497220 kV 선로 498220 kV 선로 499220 kV 선로 500220 kV 선로 501220 kV 선로 502220 kV 선로 503220 kV 선로 504220 kV 선로 505220 kV 선로 506220 kV 선로 507220 kV 선로 508220 kV 선로 509220 kV 선로 510220 kV 선로 511220 kV 선로 512220 kV 선로 513220 kV 선로 514220 kV 선로 515110 kV 선로 516220 kV 선로 517220 kV 선로 518220 kV 선로 519220 kV 선로 520220 kV 선로 521220 kV 선로 522220 kV 선로 523220 kV 선로 524220 kV 선로 525220 kV 선로 526220 kV 선로 527220 kV 선로 528220 kV 선로 529220 kV 선로 530220 kV 선로 531220 kV 선로 532220 kV 선로 533220 kV 선로 534220 kV 선로 535220 kV 선로 536220 kV 선로 537220 kV 선로 538220 kV 선로 539220 kV 선로 540220 kV 선로 541220 kV 선로 542220 kV 선로 543220 kV 선로 544220 kV 선로 545220 kV 선로 546220 kV 선로 547220 kV 선로 548220 kV 선로 549220 kV 선로 550220 kV 선로 551220 kV 선로 552220 kV 선로 553220 kV 선로 554220 kV 선로 555220 kV 선로 556220 kV 선로 557220 kV 선로 558220 kV 선로 559220 kV 선로 560220 kV 선로 561220 kV 선로 562220 kV 선로 563220 kV 선로 564220 kV 선로 565220 kV 선로 566220 kV 선로 567220 kV 선로 568220 kV 선로 569500 kV 선로 570500 kV 선로 571500 kV 선로 572500 kV 선로 573500 kV 선로 574500 kV 선로 575500 kV 선로 576500 kV 선로 577500 kV 선로 578500 kV 선로 579500 kV 선로 580500 kV 선로 581500 kV 선로 582500 kV 선로 583500 kV 선로 584500 kV 선로 585500 kV 선로 586500 kV 선로 587500 kV 선로 588500 kV 선로 589500 kV 선로 590500 kV 선로 591500 kV 선로 592500 kV 선로 593500 kV 선로 594500 kV 선로 595500 kV 선로 596500 kV 선로 597500 kV 선로 598500 kV 선로 599500 kV 선로 600500 kV 선로 601110 kV 선로 602110 kV 선로 603110 kV 선로 604110 kV 선로 605110 kV 선로 606,자료정보·이용조건,KEEP,,states the data and its reading in reader-facing Korean
A-025,CCS 실증·후보·연구 현황,"수록된 항목은 운영 중인 상용 CCS 시설 목록이 아닙니다. 실증, 저장 후보지역, 연구·타당성 검토를 구분해 확인하세요.",제공기관 / 자료기간 / 단위 / 자료 범위 / 이용조건,지역·대상 선택지도 또는 목록에서 선택Rang Dong 유전 CO2-EOR 파일럿Ca Voi Xanh(Blue Whale) 가스전고갈 유·가스전 CO2 저장(개념),자료정보·이용조건,KEEP,,states the data and its reading in reader-facing Korean
A-026,건물 공간자료 제공 현황,현재 자료에는 건물 수·면적과 개별 건물 경계가 포함되어 있지 않습니다. 자료의 좌표계와 파일 구성 정보만 확인할 수 있습니다.,제공기관 / 자료기간 / 단위 / 자료 범위 / 이용조건,,자료정보·이용조건,KEEP,,states the data and its reading in reader-facing Korean
A-027,육상교통 인프라의 지역별 차이와 범위,OpenStreetMap 자료에 기록된 구간·지점 수입니다. 실제 도로·하천·시설의 개수나 총연장으로 해석하지 않습니다.,제공기관 / 자료기간 / 단위 / 자료 범위 / 이용조건,분류별 비교철도도로,자료정보·이용조건,KEEP,,states the data and its reading in reader-facing Korean
A-028,해안·수자원 인프라의 지역별 차이와 범위,OpenStreetMap 자료에 기록된 구간·지점 수입니다. 실제 도로·하천·시설의 개수나 총연장으로 해석하지 않습니다.,제공기관 / 자료기간 / 단위 / 자료 범위 / 이용조건,분류별 비교자연지형·지물수로,자료정보·이용조건,KEEP,,states the data and its reading in reader-facing Korean
A-029,자유무역협정 체결 현황의 주요 제도 변화,연도2026,제공기관 / 자료기간 / 단위 / 자료 범위 / 이용조건,,자료정보·이용조건,KEEP,,states the data and its reading in reader-facing Korean
A-030,한국과의 수출·수입 및 교역 변화,,제공기관 / 자료기간 / 단위 / 자료 범위 / 이용조건,분류전체대베트남 수입액대베트남 수출액무역수지총 교역액 / 연도2024202320222021,자료정보·이용조건,KEEP,,states the data and its reading in reader-facing Korean
A-031,물류성과지수의 수준과 장기 변화,,제공기관 / 자료기간 / 단위 / 자료 범위 / 이용조건,분류전체국제운송물류서비스 역량인프라정시성종합추적가능성통관 / 연도2022201820162014201220102007,자료정보·이용조건,KEEP,,states the data and its reading in reader-facing Korean
A-032,중간재 무역 지표의 연도별 변화,,제공기관 / 자료기간 / 단위 / 자료 범위 / 이용조건,항목중간재 교역 · %중간재 교역 규모 · 천 USD / 분류전체수출 중 중간재 국내부가가치 비중재수출된 중간재 수입 비중 / 연도20202019201820172016201520142013201220112010200920082007200620052004200320022001200019991998199719961995,자료정보·이용조건,KEEP,,states the data and its reading in reader-facing Korean
A-033,해운 연결성의 수준과 장기 변화,,제공기관 / 자료기간 / 단위 / 자료 범위 / 이용조건,분류전체Q1Q2Q3Q4 / 연도202620252024202320222021202020192018201720162015201420132012201120102009200820072006,자료정보·이용조건,KEEP,,states the data and its reading in reader-facing Korean
B-001,월별 강수량·기온과 건기·우기,30년 평균으로 본 베트남의 계절 변화입니다. 특정 연도의 관측값이나 모든 지역의 건기·우기 일정을 뜻하지 않습니다.,제공기관 / 자료기간 / 단위 / 자료 범위 / 이용조건,,자료정보·이용조건,KEEP,,states the data and its reading in reader-facing Korean
B-002,기후대의 지역별 차이와 범위,성·시 단위 값이 납품되지 않아 전국 기준값을 보여 줍니다.,제공기관 / 자료기간 / 단위 / 자료 범위 / 이용조건,,자료정보·이용조건,KEEP,,states the data and its reading in reader-facing Korean
B-003,평균 기온과 강수량의 추세와 최근 수준,"63개 성·시가 가진 값의 분포입니다. 성·시 값을 평균한 전국값은 만들지 않고, 연도별 중앙값과 10~90 분위(지역 간 분포)를 보여줍니다. 지역을 고르면 그 지역의 원천값을 잇습니다.",항목 / 단위 / 기간 / 값의 단위 / 제공기관 / 자료기간,표시 항목용어 도움말?°C 설명연평균 기온 — °C연평균 최고기온 — °C연평균 최저기온 — °C연강수량 — mm / 지역63개 성·시 전체 분포전국 값An GiangBà Rịa-Vũng TàuBạc LiêuBắc GiangBắc KạnBắc NinhBến TreBình DươngBình ĐịnhBình PhướcBình ThuậnCà MauCao BằngCần ThơĐà NẵngĐắk LắkĐắk NôngĐiện BiênĐồng NaiĐồng ThápGia LaiHà GiangHà NamHà NộiHà TĩnhHải DươngHải PhòngHậu GiangHoà BìnhHồ Chí MinhHưng YênKhánh HòaKiên GiangKon TumLai ChâuLạng SơnLào CaiLâm ĐồngLong AnNam ĐịnhNghệ AnNinh BìnhNinh ThuậnPhú ThọPhú YênQuảng BìnhQuảng NamQuảng NgãiQuảng NinhQuảng TrịSóc TrăngSơn LaTây NinhThái BìnhThái NguyênThanh HóaThừa Thiên HuếTiền GiangTrà VinhTuyên QuangVĩnh LongVĩnh PhúcYên Bái / 비교연도 1901년1902년1903년1904년1905년1906년1907년1908년1909년1910년1911년1912년1913년1914년1915년1916년1917년1918년1919년1920년1921년1922년1923년1924년1925년1926년1927년1928년1929년1930년1931년1932년1933년1934년1935년1936년1937년1938년1939년1940년1941년1942년1943년1944년1945년1946년1947년1948년1949년1950년1951년1952년1953년1954년1955년1956년1957년1958년1959년1960년1961년1962년1963년1964년1965년1966년1967년1968년1969년1970년1971년1972년1973년1974년1975년1976년1977년1978년1979년1980년1981년1982년1983년1984년1985년1986년1987년1988년1989년1990년1991년1992년1993년1994년1995년1996년1997년1998년1999년2000년2001년2002년2003년2004년2005년2006년2007년2008년2009년2010년2011년2012년2013년2014년2015년2016년2017년2018년2019년2020년2021년2022년2023년2024년2025년,자료정보·이용조건,KEEP,,states the data and its reading in reader-facing Korean
B-004,과거·미래 기후전망(CMIP6)의 시나리오·기간별 변화,"63개 성·시가 가진 값의 분포입니다. 성·시 값을 평균한 전국값은 만들지 않고, 연도별 중앙값과 10~90 분위(지역 간 분포)를 보여줍니다. 지역을 고르면 그 지역의 원천값을 잇습니다.",항목 / 단위 / 기간 / 값의 단위 / 제공기관 / 자료기간,표시 항목용어 도움말?°C 설명연평균 기온 — °C연평균 최고기온 — °C연평균 최저기온 — °C연강수량 — mm상대습도 — % / 지역63개 성·시 전체 분포전국 값An GiangBà Rịa-Vũng TàuBạc LiêuBắc GiangBắc KạnBắc NinhBến TreBình DươngBình ĐịnhBình PhướcBình ThuậnCà MauCao BằngCần ThơĐà NẵngĐắk LắkĐắk NôngĐiện BiênĐồng NaiĐồng ThápGia LaiHà GiangHà NamHà NộiHà TĩnhHải DươngHải PhòngHậu GiangHoà BìnhHồ Chí MinhHưng YênKhánh HòaKiên GiangKon TumLai ChâuLạng SơnLào CaiLâm ĐồngLong AnNam ĐịnhNghệ AnNinh BìnhNinh ThuậnPhú ThọPhú YênQuảng BìnhQuảng NamQuảng NgãiQuảng NinhQuảng TrịSóc TrăngSơn LaTây NinhThái BìnhThái NguyênThanh HóaThừa Thiên HuếTiền GiangTrà VinhTuyên QuangVĩnh LongVĩnh PhúcYên Bái / 시나리오모든 시나리오과거 모형(historical)SSP1-1.9SSP1-2.6SSP2-4.5SSP3-7.0SSP5-8.5 / 비교연도 2015년2016년2017년2018년2019년2020년2021년2022년2023년2024년2025년2026년2027년2028년2029년2030년2031년2032년2033년2034년2035년2036년2037년2038년2039년2040년2041년2042년2043년2044년2045년2046년2047년2048년2049년2050년2051년2052년2053년2054년2055년2056년2057년2058년2059년2060년2061년2062년2063년2064년2065년2066년2067년2068년2069년2070년2071년2072년2073년2074년2075년2076년2077년2078년2079년2080년2081년2082년2083년2084년2085년2086년2087년2088년2089년2090년2091년2092년2093년2094년2095년2096년2097년2098년2099년2100년,자료정보·이용조건,KEEP,,states the data and its reading in reader-facing Korean
B-005,가뭄 위험의 시나리오별 장기 전망,"63개 성·시가 가진 값의 분포입니다. 성·시 값을 평균한 전국값은 만들지 않고, 연도별 중앙값과 10~90 분위(지역 간 분포)를 보여줍니다. 지역을 고르면 그 지역의 원천값을 잇습니다.",항목 / 단위 / 읽는 법 / 기간 / 값의 단위 / 제공기관,표시 항목용어 도움말?CDD 설명연속 건조일수(CDD) — 일표준강수증발산지수(SPEI-12) — 지수 / 지역63개 성·시 전체 분포전국 값An GiangBà Rịa-Vũng TàuBạc LiêuBắc GiangBắc KạnBắc NinhBến TreBình DươngBình ĐịnhBình PhướcBình ThuậnCà MauCao BằngCần ThơĐà NẵngĐắk LắkĐắk NôngĐiện BiênĐồng NaiĐồng ThápGia LaiHà GiangHà NamHà NộiHà TĩnhHải DươngHải PhòngHậu GiangHoà BìnhHồ Chí MinhHưng YênKhánh HòaKiên GiangKon TumLai ChâuLạng SơnLào CaiLâm ĐồngLong AnNam ĐịnhNghệ AnNinh BìnhNinh ThuậnPhú ThọPhú YênQuảng BìnhQuảng NamQuảng NgãiQuảng NinhQuảng TrịSóc TrăngSơn LaTây NinhThái BìnhThái NguyênThanh HóaThừa Thiên HuếTiền GiangTrà VinhTuyên QuangVĩnh LongVĩnh PhúcYên Bái / 시나리오모든 시나리오과거 모형(historical)SSP1-1.9SSP1-2.6SSP2-4.5SSP3-7.0SSP5-8.5 / 비교연도 2015년2016년2017년2018년2019년2020년2021년2022년2023년2024년2025년2026년2027년2028년2029년2030년2031년2032년2033년2034년2035년2036년2037년2038년2039년2040년2041년2042년2043년2044년2045년2046년2047년2048년2049년2050년2051년2052년2053년2054년2055년2056년2057년2058년2059년2060년2061년2062년2063년2064년2065년2066년2067년2068년2069년2070년2071년2072년2073년2074년2075년2076년2077년2078년2079년2080년2081년2082년2083년2084년2085년2086년2087년2088년2089년2090년2091년2092년2093년2094년2095년2096년2097년2098년2099년2100년,자료정보·이용조건,KEEP,,states the data and its reading in reader-facing Korean
B-006,폭염 위험의 지역별 차이와 범위,"63개 성·시가 가진 값의 분포입니다. 성·시 값을 평균한 전국값은 만들지 않고, 연도별 중앙값과 10~90 분위(지역 간 분포)를 보여줍니다. 지역을 고르면 그 지역의 원천값을 잇습니다.",항목 / 단위 / 기간 / 값의 단위 / 제공기관 / 자료기간,표시 항목폭염일수(최고기온 35°C 이상) — 일폭염일수(최고기온 40°C 이상) — 일열대야(최저기온 23°C 이상) — 일열대야(최저기온 26°C 이상) — 일열대야(최저기온 29°C 이상) — 일체감온도(Heat Index) 35°C 이상 일수 — 일 / 지역63개 성·시 전체 분포전국 값An GiangBà Rịa-Vũng TàuBạc LiêuBắc GiangBắc KạnBắc NinhBến TreBình DươngBình ĐịnhBình PhướcBình ThuậnCà MauCao BằngCần ThơĐà NẵngĐắk LắkĐắk NôngĐiện BiênĐồng NaiĐồng ThápGia LaiHà GiangHà NamHà NộiHà TĩnhHải DươngHải PhòngHậu GiangHoà BìnhHồ Chí MinhHưng YênKhánh HòaKiên GiangKon TumLai ChâuLạng SơnLào CaiLâm ĐồngLong AnNam ĐịnhNghệ AnNinh BìnhNinh ThuậnPhú ThọPhú YênQuảng BìnhQuảng NamQuảng NgãiQuảng NinhQuảng TrịSóc TrăngSơn LaTây NinhThái BìnhThái NguyênThanh HóaThừa Thiên HuếTiền GiangTrà VinhTuyên QuangVĩnh LongVĩnh PhúcYên Bái / 시나리오모든 시나리오과거 모형(historical)SSP1-1.9SSP1-2.6SSP2-4.5SSP3-7.0SSP5-8.5 / 비교연도 2015년2016년2017년2018년2019년2020년2021년2022년2023년2024년2025년2026년2027년2028년2029년2030년2031년2032년2033년2034년2035년2036년2037년2038년2039년2040년2041년2042년2043년2044년2045년2046년2047년2048년2049년2050년2051년2052년2053년2054년2055년2056년2057년2058년2059년2060년2061년2062년2063년2064년2065년2066년2067년2068년2069년2070년2071년2072년2073년2074년2075년2076년2077년2078년2079년2080년2081년2082년2083년2084년2085년2086년2087년2088년2089년2090년2091년2092년2093년2094년2095년2096년2097년2098년2099년2100년,자료정보·이용조건,KEEP,,states the data and its reading in reader-facing Korean
B-007,홍수·호우 위험의 지역별 차이와 범위,"63개 성·시가 가진 값의 분포입니다. 성·시 값을 평균한 전국값은 만들지 않고, 연도별 중앙값과 10~90 분위(지역 간 분포)를 보여줍니다. 지역을 고르면 그 지역의 원천값을 잇습니다.",항목 / 단위 / 기간 / 값의 단위 / 제공기관 / 자료기간,표시 항목용어 도움말?RX1day 설명최대 1일 강수량(RX1day) — mm최대 5일 강수량(RX5day) — mm호우일수(20mm 이상) — 일호우일수(50mm 이상) — 일연속 습윤일수(CWD) — 일 / 지역63개 성·시 전체 분포전국 값An GiangBà Rịa-Vũng TàuBạc LiêuBắc GiangBắc KạnBắc NinhBến TreBình DươngBình ĐịnhBình PhướcBình ThuậnCà MauCao BằngCần ThơĐà NẵngĐắk LắkĐắk NôngĐiện BiênĐồng NaiĐồng ThápGia LaiHà GiangHà NamHà NộiHà TĩnhHải DươngHải PhòngHậu GiangHoà BìnhHồ Chí MinhHưng YênKhánh HòaKiên GiangKon TumLai ChâuLạng SơnLào CaiLâm ĐồngLong AnNam ĐịnhNghệ AnNinh BìnhNinh ThuậnPhú ThọPhú YênQuảng BìnhQuảng NamQuảng NgãiQuảng NinhQuảng TrịSóc TrăngSơn LaTây NinhThái BìnhThái NguyênThanh HóaThừa Thiên HuếTiền GiangTrà VinhTuyên QuangVĩnh LongVĩnh PhúcYên Bái / 시나리오모든 시나리오과거 모형(historical)SSP1-1.9SSP1-2.6SSP2-4.5SSP3-7.0SSP5-8.5 / 비교연도 2015년2016년2017년2018년2019년2020년2021년2022년2023년2024년2025년2026년2027년2028년2029년2030년2031년2032년2033년2034년2035년2036년2037년2038년2039년2040년2041년2042년2043년2044년2045년2046년2047년2048년2049년2050년2051년2052년2053년2054년2055년2056년2057년2058년2059년2060년2061년2062년2063년2064년2065년2066년2067년2068년2069년2070년2071년2072년2073년2074년2075년2076년2077년2078년2079년2080년2081년2082년2083년2084년2085년2086년2087년2088년2089년2090년2091년2092년2093년2094년2095년2096년2097년2098년2099년2100년,자료정보·이용조건,KEEP,,states the data and its reading in reader-facing Korean
B-008,해수면 상승 전망의 시나리오·기간별 변화,"관측소별 상대해수면 상승 전망입니다. 시나리오마다 한 선으로 잇고, 분위를 바꾸면 모형 불확실성 범위의 다른 위치를 봅니다. 기준면은 1995–2014년 평균(2005년 기준)이며, 값은 침수 범위가 아니라 조위 관측소 위치의 해수면 변화입니다.",항목 / 단위 / 기간 / 관측소 수 / 신뢰수준 / 제공기관,관측소Đà Nẵng · 중부 — 다낭Hòn Dấu · 북부 — 하이퐁Hòn Ngư · 북중부 — 응에안Quy Nhơn · 중부 — 빈딘Vũng Tàu · 남부 — 바리아붕따우 / 분위(불확실성 범위)5분위17분위중앙값(50분위)83분위95분위,자료정보·이용조건,KEEP,,states the data and its reading in reader-facing Korean
B-009,생물다양성·기후 위험의 항목별 공개 현황,성·시 단위 값이 납품되지 않아 전국 기준값을 보여 줍니다.,제공기관 / 자료기간 / 단위 / 자료 범위 / 이용조건,항목ND-GAIN 취약성 · 지수WWF BRF · 지수WWF BRF 물리적 위험(Scape Physical) · 점WWF BRF 제공 서비스(Provisioning) · 점WWF BRF 조절 · 점WWF BRF 조절 서비스(Mitigating) · 점 / 세부 분류전체물 부문보건 부문생태계 부문식량 부문인간서식지 부문인프라 부문 / 연도202420232022202120202019201820172016201520142013201220112010200920082007200620052004200320022001200019991998199719961995,자료정보·이용조건,KEEP,,states the data and its reading in reader-facing Korean
B-010,기후위험지수의 항목별 공개 현황,"선택한 2024년 값을 항목별로 비교합니다. 연도 선택기로 다른 시점을 볼 수 있으며, 두 시점의 변화는 아래 추이에서 확인합니다.",제공기관 / 자료기간 / 단위 / 자료 범위 / 이용조건,항목2024년 최대 피해 극한기상 사건 · 사건CRI 30년 누적 순위 · 순위CRI 본문 수록 피해통계(2024년)CRI 순위 · 순위CRI 종합 순위 · 순위 / 연도20242023,자료정보·이용조건,KEEP,,states the data and its reading in reader-facing Korean
B-011,기후취약성지수의 항목별 공개 현황,,제공기관 / 자료기간 / 단위 / 자료 범위 / 이용조건,항목ND-GAIN 종합점수 · 점ND-GAIN 준비도 · 지수물 하위지표 · 점보건 하위지표 · 점생태계 서비스 하위지표 · 점식량 하위지표 · 점인간 서식지 하위지표 · 점인프라 하위지표 · 점적응준비도(Readiness) · 지수취약성 구성요소 · 지수취약성 종합(Vulnerability) · 지수취약성 하위부문 · 지수 / 연도202420232022202120202019201820172016201520142013201220112010200920082007200620052004200320022001200019991998199719961995,자료정보·이용조건,KEEP,,states the data and its reading in reader-facing Korean
B-012,재해·재난 이력의 사건 유형과 발생 시기,Southern coast,제공기관 / 자료기간 / 단위 / 자료 범위 / 이용조건,,자료정보·이용조건,KEEP,,states the data and its reading in reader-facing Korean
B-013,탄소국경조정제도 영향의 항목별 공개 현황,연도2022,제공기관 / 자료기간 / 단위 / 자료 범위 / 산정기준 / 이용조건,항목EU 평균 탄소지불액 · %경제 노출지수(Economic Exposure Index) · %대EU 수출비중 · %대EU 수출액 · %무역 노출지수(Trade Exposure Index) · %생산 노출지수(Output Exposure Index) · %탄소지불액 · % / 세부 분류CBAM 합계비료시멘트알루미늄철강,자료정보·이용조건,KEEP,,states the data and its reading in reader-facing Korean
B-014,탄소세 도입 효과 전망의 시나리오·기간별 변화,출처 World Bank Vietnam CCDR (2022) · 자료기간 2030~2040 · 단위 USD/tCO₂e · % · 십억 USD 외 1종,제공기관 / 자료기간 / 단위 / 자료 범위 / 이용조건,항목GDP 영향 · %권고 탄소가격 경로 · USD/tCO₂e누적 추가 세수 · 십억 USD배출 감소율 · %연간 세수(GDP 대비) (범위 상한) · % of GDP/yr연간 세수(GDP 대비) (범위 하한) · % of GDP/yr / 세부 분류전체NZP-no-reformsNZP-with-measures / 연도20402030,자료정보·이용조건,KEEP,,states the data and its reading in reader-facing Korean
B-015,탄소가격 수준의 주요 제도 변화,연도2026,제공기관 / 자료기간 / 단위 / 자료 범위 / 산정기준 / 이용조건,항목ETS 대상 시설 수 · 개소국내 배출권거래제(ETS) 운영 상태 · 상태배출권 할당량 · tCO₂e탄소 가격(실효 가격) · USD/tCO₂e탄소세 · USD/tCO₂e / 세부 분류전체시멘트 공장철강 사업장합계(3개 부문)화력발전소 / 정렬 자료 순서높은 값부터낮은 값부터,자료정보·이용조건,KEEP,,states the data and its reading in reader-facing Korean
B-016,화석연료 의존도의 추세와 최근 수준,,제공기관 / 자료기간 / 단위 / 자료 범위 / 이용조건,항목화석연료 소비 비중 · %화석연료 소비 비중(EI 기반 보완 산출) · % / 연도202520242023202220212020201920182017201620152014201320122011201020092008200720062005200420032002200120001999199819971996199519941993199219911990,자료정보·이용조건,KEEP,,states the data and its reading in reader-facing Korean
B-017,물 스트레스의 지역별 차이와 범위,성·시 단위 값이 납품되지 않아 전국 기준값을 보여 줍니다.,항목 / 단위 / 읽는 법 / 기간 / 값의 단위 / 제공기관,"표시 항목기준 물 스트레스(Baseline Water Stress) · 원값 — 비율(총 취수량 ÷ 가용 재생수자원)기준 물 스트레스 · 점수(0~5) — 점(0~5)기준 물 고갈(Baseline Water Depletion) · 원값 — 비율(소비적 이용 ÷ 가용 재생수자원)기준 물 고갈 · 점수(0~5) — 점(0~5)종합 물 리스크(Overall Water Risk, 기본 가중) · 점수(0~5) — 점(0~5)종합 물 리스크(기본 가중) · 원값 — 가중 평균 점수(0~5)가뭄 위험(Drought Risk) · 원값 — 지수(0~1)가뭄 위험 · 점수(0~5) — 점(0~5)하천 홍수 위험(Riverine Flood Risk) · 원값 — 연간 홍수 피해 예상 인구 비율하천 홍수 위험 · 점수(0~5) — 점(0~5)연안 홍수 위험(Coastal Flood Risk) · 원값 — 연간 홍수 피해 예상 인구 비율연안 홍수 위험 · 점수(0~5) — 점(0~5)지하수위 하강(Groundwater Table Decline) · 원값 — cm/년지하수위 하강 · 점수(0~5) — 점(0~5)연간 변동성(Interannual Variability) · 원값 — 변동계수연간 변동성 · 점수(0~5) — 점(0~5)계절 변동성(Seasonal Variability) · 원값 — 변동계수계절 변동성 · 점수(0~5) — 점(0~5) / 지역63개 성·시 · 평가구역 전체 분포전국 값An GiangBà Rịa-Vũng TàuBạc LiêuBắc GiangBắc KạnBắc NinhBến TreBình DươngBình ĐịnhBình PhướcBình ThuậnCà MauCao BằngCần ThơĐà NẵngĐắk LắkĐắk NôngĐiện BiênĐồng NaiĐồng ThápGia LaiHà GiangHà NamHà NộiHà TĩnhHải DươngHải PhòngHậu GiangHoà BìnhHồ Chí MinhHưng YênKhánh HòaKiên GiangKon TumLai ChâuLạng SơnLào CaiLâm ĐồngLong AnNam ĐịnhNghệ AnNinh BìnhNinh ThuậnPhú ThọPhú YênQuảng BìnhQuảng NamQuảng NgãiQuảng NinhQuảng TrịSóc TrăngSơn LaTây NinhThái BìnhThái NguyênThanh HóaThừa Thiên HuếTiền GiangTrà VinhTuyên QuangVĩnh LongVĩnh PhúcYên Bái",자료정보·이용조건,KEEP,,states the data and its reading in reader-facing Korean
B-018,장기 국내총생산 전망의 시나리오·기간별 변화,,제공기관 / 자료기간 / 단위 / 자료 범위 / 이용조건,항목1인당 GDP(PPP) · 2017년 구매력평가 기준 미국달러/인1인당 GDP(PPP) 과거 실적(참고) · 2017년 구매력평가 기준 미국달러/인1인당 GDP(PPP) 전 구간 · 2017년 구매력평가 기준 미국달러/인GDP(PPP) · 2017년 구매력평가 기준 10억 미국달러/년GDP(PPP) 과거 실적(참고) · 2017년 구매력평가 기준 10억 미국달러/년GDP(PPP) 전 구간 · 2017년 구매력평가 기준 10억 미국달러/년GDP(PPP) 전망 · 2017년 구매력평가 기준 10억 미국달러/년 / 세부 분류전체SSP1SSP2SSP3SSP4SSP5 / 연도21002095209020852080207520702065206020552050204520402035203020252020,자료정보·이용조건,KEEP,,states the data and its reading in reader-facing Korean
B-019,장기 인구 전망의 시나리오·기간별 변화,,제공기관 / 자료기간 / 단위 / 자료 범위 / 이용조건,항목인구 과거 실적(참고) · 백만명인구 전 구간 · 백만명인구 전망 · 백만명 / 세부 분류전체SSP1SSP2SSP3SSP4SSP5 / 연도21002095209020852080207520702065206020552050204520402035203020252020,자료정보·이용조건,KEEP,,states the data and its reading in reader-facing Korean
B-020,복합 위험지수의 항목별 공개 현황,,제공기관 / 자료기간 / 단위 / 자료 범위 / 이용조건,항목INFORM Risk · 지수INFORM Risk 세계 순위 · 순위INFORM Risk 시계열(2017–2026) · 지수INFORM Risk 위험등급 · 등급INFORM 결측 지표 수 · 개INFORM 신뢰도 부족 지수 · 점INFORM 자료 최신성 · 년INFORM 추세 · 원값INFORM 추세 · 점INFORM 하위지표 · 점결측 지표 비율 · % / 세부 분류전체INFORM 종합대응역량 부족(CC)위험·노출(HA)취약성(VU) / 연도2026202520242023202220212020201920182017,자료정보·이용조건,KEEP,,states the data and its reading in reader-facing Korean
B-021,취약성지수의 항목별 공개 현황,"GDL 취약성지수(GVI) 비교입니다. 값이 높을수록 취약합니다. 권역 단위 값이며, 개별 성·시의 점수나 위의 구성지표 값이 아닙니다.",제공기관 / 자료기간 / 단위 / 자료 범위 / 이용조건,"항목GVI 7개 사회경제 차원 하위지수 · 지수GVI 장래전망(PGVI, 2020–2100) · 지수GVI 취약성 지수 · 지수구성지표 · %구성지표 · 2017년 구매력평가 기준 미국달러(로그)구성지표 · 년구성지표 · 세구성지표 · 지수전망 구성지표 · %전망 구성지표 · USD (2017 PPP)전망 구성지표 · 건/100명전망 구성지표 · 년전망 구성지표 · 세전망 구성지표 · 지수 / 세부 분류전체국가지역(6권역) / 분류전체Central HighlandsMekong River DeltaNorth Central Coast and South Central CoastNorth East, North WestRed River DeltaSouth East / 연도202320222021202020192018201720162015201420132012201120102009200820072006200520042003200220012000 / 권역 비교 연도2023년2022년2021년2020년2019년2018년2017년2016년2015년2014년2013년2012년2011년2010년2009년2008년2007년2006년2005년2004년2003년2002년2001년2000년",자료정보·이용조건,KEEP,,states the data and its reading in reader-facing Korean
B-022,기후피해의 경제적 비용의 항목별 공개 현황,연도2040,제공기관 / 자료기간 / 단위 / 자료 범위 / 이용조건,항목기후 투자 재원 구성 · 십억 US$기후 피해 경제손실(적응 부재 시) (범위 상한) · % of GDP/yr기후 피해 경제손실(적응 부재 시) (범위 하한) · % of GDP/yr적응 투자 필요액 · 십억 USD총 투자 필요액(적응+탈탄소) · 십억 USD추가 극빈곤 인구 · 명 / 세부 분류전체공공민간외부(대외) 지원 / 정렬 자료 순서높은 값부터낮은 값부터,자료정보·이용조건,KEEP,,states the data and its reading in reader-facing Korean
B-023,관측지점별 건기·우기 유량과 그 비율,같은 지점·연도에서 관측한 건기 최저유량과 우기 최고유량을 비교합니다. 계절 평균값은 아닙니다. 나머지 관측값은 아래 표에서 확인할 수 있습니다.,제공기관 / 자료기간 / 단위 / 자료 범위 / 이용조건,,자료정보·이용조건,KEEP,,states the data and its reading in reader-facing Korean
B-024,농업 용수 비중(%)의 항목별 비중과 연도별 흐름,성·시 단위 값이 납품되지 않아 전국 기준값을 보여 줍니다.,제공기관 / 자료기간 / 단위 / 자료 범위 / 이용조건,항목용수생산성 · US$/m³관개농업 용수생산성 (SDG 6.4.1) · US$/m³농업 용수 취수 비중 · %농업 용수 취수 비중(총 재생가능 수자원 대비) · %농업 용수 비중 · % / 기준연도2023년2022년2021년2020년2019년2018년2017년2016년2015년2014년2013년2012년2011년2010년2009년2008년2007년2006년2005년2004년2003년2002년2001년2000년1999년1998년1997년1996년1995년1994년1993년1992년1991년1990년,자료정보·이용조건,KEEP,,states the data and its reading in reader-facing Korean
B-025,전체 유역과 베트남 내 면적 비교,국경을 넘는 유역 전체와 베트남에 속한 면적을 구분합니다. 문헌 값과 GIS 산출값은 계산 기준이 달라 별도로 제공합니다.,제공기관 / 자료기간 / 단위 / 자료 범위 / 이용조건,면적 기준전체 유역 면적(문헌)베트남 내 면적(문헌)베트남 내 면적(GIS 산출),자료정보·이용조건,KEEP,,states the data and its reading in reader-facing Korean
B-026,성·시별 물이 흐르는 방향,지형 격자에서 물이 흘러가는 방향의 비율입니다. 하천의 유량이나 강수량은 아닙니다. 원자료의 개편 전 63개 성·시 경계를 기준으로 합니다.,제공기관 / 자료기간 / 단위 / 자료 범위 / 이용조건,지역KiênGiangAnGiangBắcGiangBắcNinhCaoBằngBạcLiêuCàMauHậuGiangSócTrăngCầnThơGiaLaiBìnhĐịnhThừaThiênHuếHàNộiHàTĩnhTháiBìnhHưngYênHảiPhòngHảiDươngBìnhDươngBàRịa-VũngTàuHồChíMinhKhánhHòaNinhThuậnLaiChâuYênBáiLàoCaiLâmĐồngBìnhThuậnĐắkNôngLạngSơnNghệAnNamĐịnhHàNamNinhBìnhVĩnhPhúcHoàBìnhPhúThọKonTumQuảngNgãiQuảngNinhQuảngTrịQuảngBìnhSơnLaThanhHóaBắcKạnTháiNguyênTuyênQuangHàGiangTâyNinhLongAnBếnTreVĩnhLongTràVinhĐiệnBiênQuảngNamĐàNẵngĐắkLắkPhúYênBìnhPhướcĐồngNaiĐồngThápTiềnGiang / 지도 표시 항목우세 유향 격자 비율 / 지도 기준시점2022년 기준 / 지역·대상 선택지도 또는 목록에서 선택Kiên GiangAn GiangBắc GiangBắc NinhCao BằngBạc LiêuCà MauHậu GiangSóc TrăngCần ThơGia LaiBình ĐịnhThừa Thiên HuếHà NộiHà TĩnhThái BìnhHưng YênHải PhòngHải DươngBình DươngBà Rịa–Vũng TàuHồ Chí MinhKhánh HòaNinh ThuậnLai ChâuYên BáiLào CaiLâm ĐồngBình ThuậnĐắk NôngLạng SơnNghệ AnNam ĐịnhHà NamNinh BìnhVĩnh PhúcHòa BìnhPhú ThọKon TumQuảng NgãiQuảng NinhQuảng TrịQuảng BìnhSơn LaThanh HóaBắc KạnThái NguyênTuyên QuangHà GiangTây NinhLong AnBến TreVĩnh LongTrà VinhĐiện BiênQuảng NamĐà NẵngĐắk LắkPhú YênBình PhướcĐồng NaiĐồng ThápTiền Giang,자료정보·이용조건,KEEP,,states the data and its reading in reader-facing Korean
B-027,전국 지하수 자원량의 연도별 변화,,제공기관 / 자료기간 / 단위 / 자료 범위 / 이용조건,항목이용가능(정규 재생) 지하수 · 10⁹ m³/yr지하수 잠재량 · mm/yr 또는 10⁹ m³/yr총 재생가능 지하수 자원량 · 10⁹ m³/yr / 연도2023202220212020201920182017201620152014201320122011201020092008200720062005,자료정보·이용조건,KEEP,,states the data and its reading in reader-facing Korean
B-028,관측지점별 하천 유량과 전국 수자원 총량,"지점·관측 항목·단위·기준연도가 서로 달라 한 축에서 비교하지 않고, 지점별 관측값과 전국 집계를 나누어 표로 보여줍니다.",제공기관 / 자료기간 / 단위 / 자료 범위 / 이용조건,지역·대상 선택지도 또는 목록에서 선택Sơn Tây끄우롱(메콩 델타)홍–타이빈Kratie (Krâchéh),자료정보·이용조건,KEEP,,states the data and its reading in reader-facing Korean
B-029,산림 유형별 면적의 지역별 차이와 범위,"63개 성·시가 가진 값의 분포입니다. 성·시 값을 평균한 전국값은 만들지 않고, 중앙값과 10~90 분위를 보여주고, 아래에서 지역별 값을 순위로 비교합니다.",항목 / 단위 / 기간 / 값의 단위 / 제공기관 / 자료기간,표시 항목이탄지 면적 합계 — km²이탄 우세 면적 — km²이탄 모자이크 면적 — km²이탄지 면적 이탄 우세 천ha이탄지 면적 천ha · 합계 / 지역63개 성·시 전체 분포전국 값An GiangBà Rịa-Vũng TàuBạc LiêuBắc GiangBắc KạnBắc NinhBến TreBình DươngBình ĐịnhBình PhướcBình ThuậnCà MauCao BằngCần ThơĐà NẵngĐắk LắkĐắk NôngĐiện BiênĐồng NaiĐồng ThápGia LaiHà GiangHà NamHà NộiHà TĩnhHải DươngHải PhòngHậu GiangHoà BìnhHồ Chí MinhHưng YênKhánh HòaKiên GiangKon TumLai ChâuLạng SơnLào CaiLâm ĐồngLong AnNam ĐịnhNghệ AnNinh BìnhNinh ThuậnPhú ThọPhú YênQuảng BìnhQuảng NamQuảng NgãiQuảng NinhQuảng TrịSóc TrăngSơn LaTây NinhThái BìnhThái NguyênThanh HóaThừa Thiên HuếTiền GiangTrà VinhTuyên QuangVĩnh LongVĩnh PhúcYên Bái / 전국 자료 항목습윤열대 1차림 면적(위성 기준) · ha맹그로브 면적 · 1000 ha맹그로브 면적(MODIS) · 1000 ha맹그로브 면적(WorldCover) · 1000 ha자연재생림 면적 · 1000 ha이탄지 면적 · 1000 ha이탄지 면적 — 모자이크 포함(상한) · 1000 ha조림지 면적 · 1000 ha원시림 면적 · 1000 ha,자료정보·이용조건,KEEP,,states the data and its reading in reader-facing Korean
B-030,산림 이득(2000–2020 누적)의 지역별 차이와 범위,"63개 성·시가 가진 값의 분포입니다. 성·시 값을 평균한 전국값은 만들지 않고, 중앙값과 10~90 분위를 보여주고, 아래에서 지역별 값을 순위로 비교합니다.",항목 / 단위 / 기간 / 값의 단위 / 제공기관 / 자료기간,표시 항목용어 도움말?ha 설명수관 이득(2000–2020 누적) — ha수관 손실(2000–2020 누적) — ha수관 순변화(2000–2020) — ha수관 순변화율(2000–2020) — %교란 후 회복(2000–2020) — ha수관 면적 ha · 2000년 — ha분석대상 면적 ha(GFW)유지 ha — ha / 지역63개 성·시 전체 분포전국 값An GiangBà Rịa-Vũng TàuBạc LiêuBắc GiangBắc KạnBắc NinhBến TreBình DươngBình ĐịnhBình PhướcBình ThuậnCà MauCao BằngCần ThơĐà NẵngĐắk LắkĐắk NôngĐiện BiênĐồng NaiĐồng ThápGia LaiHà GiangHà NamHà NộiHà TĩnhHải DươngHải PhòngHậu GiangHoà BìnhHồ Chí MinhHưng YênKhánh HòaKiên GiangKon TumLai ChâuLạng SơnLào CaiLâm ĐồngLong AnNam ĐịnhNghệ AnNinh BìnhNinh ThuậnPhú ThọPhú YênQuảng BìnhQuảng NamQuảng NgãiQuảng NinhQuảng TrịSóc TrăngSơn LaTây NinhThái BìnhThái NguyênThanh HóaThừa Thiên HuếTiền GiangTrà VinhTuyên QuangVĩnh LongVĩnh PhúcYên Bái / 지도 표시 항목수관 이득(2000–2020 누적)수관 손실(2000–2020 누적)수관 순변화(2000–2020)수관 순변화율(2000–2020)교란 후 회복(2000–2020) / 지도 기준시점2000–2020 / 지역·대상 선택지도 또는 목록에서 선택An GiangKiên GiangBắc GiangBắc NinhCao BằngBạc LiêuCà MauHậu GiangSóc TrăngCần ThơBình ĐịnhGia LaiThừa Thiên HuếHà NộiHà TĩnhThái BìnhHưng YênHải DươngHải PhòngBình DươngHồ Chí MinhBà Rịa–Vũng TàuNinh ThuậnKhánh HòaLai ChâuLào CaiYên BáiBình ThuậnĐắk NôngLâm ĐồngLạng SơnNghệ AnHà NamNinh BìnhNam ĐịnhPhú ThọHòa BìnhVĩnh PhúcQuảng NgãiKon TumQuảng NinhQuảng TrịQuảng BìnhSơn LaThanh HóaThái NguyênBắc KạnTuyên QuangHà GiangTây NinhLong AnVĩnh LongTrà VinhBến TreĐiện BiênĐà NẵngQuảng NamPhú YênĐắk LắkĐồng NaiBình PhướcĐồng ThápTiền Giang,자료정보·이용조건,KEEP,,states the data and its reading in reader-facing Korean
B-031,산림 총면적의 지역별 차이와 범위,2000년 기준 상위·하위 10개 성·시입니다. 전체는 '전체 63개 보기'에서 확인할 수 있습니다.,제공기관 / 자료기간 / 단위 / 자료 범위,항목 선택성(省)별 분석대상 면적 · ha성(省)별 수관 면적(2000) · ha성(省)별 수관 면적(2010) · ha / 지역 선택전체 성·시 비교An GiangBà Rịa–Vũng TàuBạc LiêuBắc GiangBắc KạnBắc NinhBến TreBình DươngBình ĐịnhBình PhướcBình ThuậnCà MauCao BằngCần ThơĐà NẵngĐắk LắkĐắk NôngĐiện BiênĐồng NaiĐồng ThápGia LaiHà GiangHà NamHà NộiHà TĩnhHải DươngHải PhòngHậu GiangHòa BìnhHồ Chí MinhHưng YênKhánh HòaKiên GiangKon TumLai ChâuLạng SơnLào CaiLâm ĐồngLong AnNam ĐịnhNghệ AnNinh BìnhNinh ThuậnPhú ThọPhú YênQuảng BìnhQuảng NamQuảng NgãiQuảng NinhQuảng TrịSóc TrăngSơn LaTây NinhThái BìnhThái NguyênThanh HóaThừa Thiên HuếTiền GiangTrà VinhTuyên QuangVĩnh LongVĩnh PhúcYên Bái / 지도 표시 항목성(省)별 분석대상 면적성(省)별 수관 면적(2000)성(省)별 수관 면적(2010) / 지도 기준시점2000 / 지역·대상 선택지도 또는 목록에서 선택Lai ChâuLào CaiHà GiangCao BằngSơn LaYên BáiTuyên QuangLạng SơnQuảng NinhHòa BìnhNinh BìnhThái BìnhThanh HóaNghệ AnHà TĩnhQuảng BìnhQuảng TrịThừa Thiên HuếQuảng NamKon TumQuảng NgãiGia LaiBình ĐịnhPhú YênĐắk LắkKhánh HòaLâm ĐồngNinh ThuậnTây NinhĐồng NaiBình ThuậnLong AnBà Rịa–Vũng TàuAn GiangĐồng ThápTiền GiangKiên GiangVĩnh LongBến TreTrà VinhSóc TrăngBắc KạnBắc GiangBạc LiêuBắc NinhBình DươngBình PhướcCà MauHải DươngHà NamHưng YênNam ĐịnhPhú ThọThái NguyênVĩnh PhúcĐiện BiênĐắk NôngHậu GiangCần ThơĐà NẵngHà NộiHải PhòngHồ Chí Minh,자료정보·이용조건,KEEP,,states the data and its reading in reader-facing Korean
B-032,수관 피복률(%)의 지역별 차이와 범위,2010년 기준 상위·하위 10개 성·시입니다. 전체는 '전체 63개 보기'에서 확인할 수 있습니다.,제공기관 / 자료기간 / 단위 / 자료 범위,지역 선택전체 성·시 비교An GiangBà Rịa–Vũng TàuBạc LiêuBắc GiangBắc KạnBắc NinhBến TreBình DươngBình ĐịnhBình PhướcBình ThuậnCà MauCao BằngCần ThơĐà NẵngĐắk LắkĐắk NôngĐiện BiênĐồng NaiĐồng ThápGia LaiHà GiangHà NamHà NộiHà TĩnhHải DươngHải PhòngHậu GiangHòa BìnhHồ Chí MinhHưng YênKhánh HòaKiên GiangKon TumLai ChâuLạng SơnLào CaiLâm ĐồngLong AnNam ĐịnhNghệ AnNinh BìnhNinh ThuậnPhú ThọPhú YênQuảng BìnhQuảng NamQuảng NgãiQuảng NinhQuảng TrịSóc TrăngSơn LaTây NinhThái BìnhThái NguyênThanh HóaThừa Thiên HuếTiền GiangTrà VinhTuyên QuangVĩnh LongVĩnh PhúcYên Bái,자료정보·이용조건,KEEP,,states the data and its reading in reader-facing Korean
B-033,연간 산림손실의 지역별 차이와 범위,2024년 기준 상위·하위 10개 성·시입니다. 전체는 '전체 62개 보기'에서 확인할 수 있습니다.,제공기관 / 자료기간 / 단위 / 자료 범위,지역 선택전체 성·시 비교An GiangBà Rịa–Vũng TàuBạc LiêuBắc GiangBắc KạnBắc NinhBến TreBình DươngBình ĐịnhBình PhướcBình ThuậnCà MauCao BằngCần ThơĐà NẵngĐắk LắkĐắk NôngĐiện BiênĐồng NaiĐồng ThápGia LaiHà GiangHà NamHà NộiHà TĩnhHải DươngHải PhòngHậu GiangHòa BìnhHồ Chí MinhHưng YênKhánh HòaKiên GiangKon TumLai ChâuLạng SơnLào CaiLâm ĐồngLong AnNam ĐịnhNghệ AnNinh BìnhNinh ThuậnPhú ThọPhú YênQuảng BìnhQuảng NamQuảng NgãiQuảng NinhQuảng TrịSóc TrăngSơn LaTây NinhThái BìnhThái NguyênThanh HóaThừa Thiên HuếTiền GiangTrà VinhTuyên QuangVĩnh LongVĩnh PhúcYên Bái / 기준연도2024년2023년2022년2021년2020년2019년2018년2017년2016년2015년2014년2013년2012년2011년2010년2009년2008년2007년2006년2005년2004년2003년2002년2001년,자료정보·이용조건,KEEP,,states the data and its reading in reader-facing Korean
B-034,탄소 저장량의 지역별 차이와 범위,2001–2024 기준 상위·하위 10개 성·시입니다. 전체는 '전체 63개 보기'에서 확인할 수 있습니다.,제공기관 / 자료기간 / 단위 / 자료 범위,항목 선택지상부 탄소저장량 · Mg C지상부 탄소밀도 · Mg C/ha산림탄소 총배출(연평균) · Mg CO2e/yr산림탄소 총흡수(연평균) · Mg CO2/yr산림탄소 순플럭스(연평균) · Mg CO2e/yr수관 면적 · ha산림탄소 총배출(연간) · Mg CO2e/yr / 지역 선택전체 성·시 비교An GiangBà Rịa–Vũng TàuBạc LiêuBắc GiangBắc KạnBắc NinhBến TreBình DươngBình ĐịnhBình PhướcBình ThuậnCà MauCao BằngCần ThơĐà NẵngĐắk LắkĐắk NôngĐiện BiênĐồng NaiĐồng ThápGia LaiHà GiangHà NamHà NộiHà TĩnhHải DươngHải PhòngHậu GiangHòa BìnhHồ Chí MinhHưng YênKhánh HòaKiên GiangKon TumLai ChâuLạng SơnLào CaiLâm ĐồngLong AnNam ĐịnhNghệ AnNinh BìnhNinh ThuậnPhú ThọPhú YênQuảng BìnhQuảng NamQuảng NgãiQuảng NinhQuảng TrịSóc TrăngSơn LaTây NinhThái BìnhThái NguyênThanh HóaThừa Thiên HuếTiền GiangTrà VinhTuyên QuangVĩnh LongVĩnh PhúcYên Bái수관피복률 ≥30%수관피복률 ≥50%수관피복률 ≥75% / 기간2001–20242001-2024,자료정보·이용조건,KEEP,,states the data and its reading in reader-facing Korean
B-035,전국 토지이용과 농지 지표의 변화,성·시 단위 값이 납품되지 않아 전국 기준값을 보여 줍니다.,제공기관 / 자료기간 / 단위 / 자료 범위 / 이용조건,항목1인당 경작지 면적 · ha/cap가경지 비율(농지 대비) · %경작지 비율(농지 대비) · %경작지 비율(육지면적 대비) · %관개 정비면적 비율(경작지 대비) · %농업 총면적(Agriculture) · 1000 ha농지 단위면적당 농업생산액 · 구매력평가 기준 미국달러/ha농지 비율(육지면적 대비) · %산림 비율(육지면적 대비) · %산림 탄소저장량(FAO) · 백만 톤 C양식 · 1000 ha영구 초지 · %영년생 작물 비율(농지 대비) · %유기농 경작지 · 1000 ha유기농 농지 비율(농지 대비) · %유기농 인증 완료 경작지 · 1000 ha유기농 인증 완료 농지 · 1000 ha유기농 인증 완료 영구 초지 · 1000 ha유기농 전환 · 1000 ha유기농 전환 영구 초지 · 1000 ha일년생 작물 재배면적 · 1000 ha일년생 초지 · 1000 ha일년생 휴경지 · 1000 ha자연재생림 비율(산림 대비) · %조림지 비율(산림 대비) · %토지이용 면적 · 1000 ha / 연도2024202320222021202020192018201720162015201420132012201120102009200820072006200520042003200220012000199919981997199619951994199319921991199019891988198719861985198419831982198119801979197819771976197519741973197219711970196919681967196619651964196319621961,자료정보·이용조건,KEEP,,states the data and its reading in reader-facing Korean
B-036,토지 유형별 이용·피복 변화율과 두 시점 변화,성·시 단위 값이 납품되지 않아 전국 기준값을 보여 줍니다.,제공기관 / 자료기간 / 단위 / 자료 범위 / 이용조건,항목토지이용 변화율 · %/yr토지피복 변화율 · %/yr토지피복 변화율(MODIS) · %/yr / 세부 분류전체가경지경작지관개 정비면적국토면적기타 토지내수면농지산림지영구 초지·목초지영년생 작물원시림육지면적자연재생림조림지 / 연도20242020 / 정렬 자료 순서높은 값부터낮은 값부터,자료정보·이용조건,KEEP,,states the data and its reading in reader-facing Korean
B-037,토지피복 구성의 지역별 차이와 범위,성·시 단위 값이 납품되지 않아 전국 기준값을 보여 줍니다.,항목 / 단위 / 기간 / 값의 단위 / 제공기관 / 자료기간,표시 항목경작지 면적 — km²수목 면적 — km²초지 면적 — km²관목 면적 — km²건물·인공지표 면적 — km²영구수체 면적 — km²맹그로브 면적 — km²초본습지 면적 — km²나지·희박식생 면적 — km²km · 합계 — km² / 지역63개 성·시 전체 분포전국 값An GiangBà Rịa-Vũng TàuBạc LiêuBắc GiangBắc KạnBắc NinhBến TreBình DươngBình ĐịnhBình PhướcBình ThuậnCà MauCao BằngCần ThơĐà NẵngĐắk LắkĐắk NôngĐiện BiênĐồng NaiĐồng ThápGia LaiHà GiangHà NamHà NộiHà TĩnhHải DươngHải PhòngHậu GiangHoà BìnhHồ Chí MinhHưng YênKhánh HòaKiên GiangKon TumLai ChâuLạng SơnLào CaiLâm ĐồngLong AnNam ĐịnhNghệ AnNinh BìnhNinh ThuậnPhú ThọPhú YênQuảng BìnhQuảng NamQuảng NgãiQuảng NinhQuảng TrịSóc TrăngSơn LaTây NinhThái BìnhThái NguyênThanh HóaThừa Thiên HuếTiền GiangTrà VinhTuyên QuangVĩnh LongVĩnh PhúcYên Bái / 전국 자료 항목토지피복 면적 — 시가화지역(인공지표) · 1000 ha토지피복 면적(CGLS) — 시가화지역(인공지표) · 1000 ha토지피복 면적(MODIS) — 시가화지역(인공지표) · 1000 ha토지피복 면적(WorldCover) — 시가화지역(인공지표) · 1000 ha토지피복 면적 — 연안 수체 및 조간대 · 1000 ha토지피복 면적(CGLS) — 연안 수체 및 조간대 · 1000 ha토지피복 면적(MODIS) — 연안 수체 및 조간대 · 1000 ha토지피복 면적(WorldCover) — 연안 수체 및 조간대 · 1000 ha토지피복 면적 — 초지 · 1000 ha토지피복 면적(CGLS) — 초지 · 1000 ha토지피복 면적(MODIS) — 초지 · 1000 ha토지피복 면적(WorldCover) — 초지 · 1000 ha토지피복 면적 — 초본 작물(농경지) · 1000 ha토지피복 면적(CGLS) — 초본 작물(농경지) · 1000 ha토지피복 면적(MODIS) — 초본 작물(농경지) · 1000 ha토지피복 면적(WorldCover) — 초본 작물(농경지) · 1000 ha토지피복 면적 — 내륙 수역 · 1000 ha토지피복 면적(CGLS) — 내륙 수역 · 1000 ha토지피복 면적(MODIS) — 내륙 수역 · 1000 ha토지피복 면적(WorldCover) — 내륙 수역 · 1000 ha토지피복 면적 — 맹그로브 · 1000 ha토지피복 면적(CGLS) — 맹그로브 · 1000 ha토지피복 면적(MODIS) — 맹그로브 · 1000 ha토지피복 면적(WorldCover) — 맹그로브 · 1000 ha토지피복 면적 — 다층 작물 · 1000 ha토지피복 면적(CGLS) — 다층 작물 · 1000 ha토지피복 면적(MODIS) — 다층 작물 · 1000 ha토지피복 면적(WorldCover) — 다층 작물 · 1000 ha토지피복 면적 — 영구설 및 빙하 · 1000 ha토지피복 면적(CGLS) — 영구설 및 빙하 · 1000 ha토지피복 면적(MODIS) — 영구설 및 빙하 · 1000 ha토지피복 면적(WorldCover) — 영구설 및 빙하 · 1000 ha토지피복 면적 — 관목지 · 1000 ha토지피복 면적(CGLS) — 관목지 · 1000 ha토지피복 면적(MODIS) — 관목지 · 1000 ha토지피복 면적(WorldCover) — 관목지 · 1000 ha토지피복 면적 — 습지 또는 정기 침수 관목/초본 식생 · 1000 ha토지피복 면적(CGLS) — 습지 또는 정기 침수 관목/초본 식생 · 1000 ha토지피복 면적(MODIS) — 습지 또는 정기 침수 관목/초본 식생 · 1000 ha토지피복 면적(WorldCover) — 습지 또는 정기 침수 관목/초본 식생 · 1000 ha토지피복 면적 — 자연 식생 희소 지역 · 1000 ha토지피복 면적(CGLS) — 자연 식생 희소 지역 · 1000 ha토지피복 면적(MODIS) — 자연 식생 희소 지역 · 1000 ha토지피복 면적(WorldCover) — 자연 식생 희소 지역 · 1000 ha토지피복 면적 — 나지 · 1000 ha토지피복 면적(CGLS) — 나지 · 1000 ha토지피복 면적(MODIS) — 나지 · 1000 ha토지피복 면적(WorldCover) — 나지 · 1000 ha토지피복 면적 — 수목 피복지(산림지) · 1000 ha토지피복 면적(CGLS) — 수목 피복지(산림지) · 1000 ha토지피복 면적(MODIS) — 수목 피복지(산림지) · 1000 ha토지피복 면적(WorldCover) — 수목 피복지(산림지) · 1000 ha토지피복 면적 — 목본 작물 · 1000 ha토지피복 면적(CGLS) — 목본 작물 · 1000 ha토지피복 면적(MODIS) — 목본 작물 · 1000 ha토지피복 면적(WorldCover) — 목본 작물 · 1000 ha / 지도 표시 항목경작지 면적수목 면적초지 면적관목 면적건물·인공지표 면적영구수체 면적맹그로브 면적초본습지 면적나지·희박식생 면적 / 지도 기준시점2021 / 지역·대상 선택지도 또는 목록에서 선택An GiangKiên GiangBắc NinhBắc GiangCao BằngCà MauBạc LiêuSóc TrăngCần ThơHậu GiangBình ĐịnhGia LaiThừa Thiên HuếHà NộiHà TĩnhHưng YênThái BìnhHải DươngHải PhòngBà Rịa–Vũng TàuBình DươngHồ Chí MinhKhánh HòaNinh ThuậnLai ChâuYên BáiLào CaiLâm ĐồngBình ThuậnĐắk NôngLạng SơnNghệ AnHà NamNinh BìnhNam ĐịnhVĩnh PhúcPhú ThọHòa BìnhQuảng NgãiKon TumQuảng NinhQuảng TrịQuảng BìnhSơn LaThanh HóaThái NguyênBắc KạnHà GiangTuyên QuangTây NinhLong AnBến TreTrà VinhVĩnh LongĐiện BiênĐà NẵngQuảng NamPhú YênĐắk LắkBình PhướcĐồng NaiĐồng ThápTiền Giang,자료정보·이용조건,KEEP,,states the data and its reading in reader-facing Korean
B-038,바이오매스·폐기물 자원과 발전설비 현황,기술15 폐자원 기술,제공기관 / 자료기간 / 단위 / 자료 범위 / 이용조건,"항목1인당 도시폐기물 발생량 · kg/인/일농업잔재 자원량 · Mt/yr도시폐기물 수거율(참고) · % 인구도시폐기물 중 유기성 자원량(산출) · Mt/yr도시폐기물 중 음식물 · % 중량도시폐기물 처리경로별 비중 · % 중량도시폐기물(MSW) 자원량 · Mt/yr바이오매스 · 백만 kW바이오에너지 발전설비 용량(계통연계, 참고) · MW바이오에너지 발전설비 용량(독립계통, 참고) · MW사육두수 · 두임업잔재 자원량 · Mt/yr재생에너지 발전량 비중(참고) · %재생에너지 설비용량 비중(참고) · %전기 · t/yr축산폐기물(가축분뇨) 자원량 · Mt/yr / 연도20502040203020222015",자료정보·이용조건,KEEP,,states the data and its reading in reader-facing Korean
B-039,수력 잠재량의 지역별 차이와 범위,"63개 성·시가 가진 값의 분포입니다. 성·시 값을 평균한 전국값은 만들지 않고, 중앙값과 10~90 분위를 보여주고, 아래에서 지역별 값을 순위로 비교합니다.",항목 / 단위 / 기간 / 값의 단위 / 제공기관 / 자료기간,표시 항목용어 도움말?GWh 설명이론 총잠재량 — GWh/년전국 대비 비중 — %최대 단일격자 잠재량 — GWh/년격자 GWh yr · 90분위 — GWh/년이론 총잠재량 TWh yr — TWh/년 / 지역63개 성·시 전체 분포전국 값An GiangBà Rịa-Vũng TàuBạc LiêuBắc GiangBắc KạnBắc NinhBến TreBình DươngBình ĐịnhBình PhướcBình ThuậnCà MauCao BằngCần ThơĐà NẵngĐắk LắkĐắk NôngĐiện BiênĐồng NaiĐồng ThápGia LaiHà GiangHà NamHà NộiHà TĩnhHải DươngHải PhòngHậu GiangHoà BìnhHồ Chí MinhHưng YênKhánh HòaKiên GiangKon TumLai ChâuLạng SơnLào CaiLâm ĐồngLong AnNam ĐịnhNghệ AnNinh BìnhNinh ThuậnPhú ThọPhú YênQuảng BìnhQuảng NamQuảng NgãiQuảng NinhQuảng TrịSóc TrăngSơn LaTây NinhThái BìnhThái NguyênThanh HóaThừa Thiên HuếTiền GiangTrà VinhTuyên QuangVĩnh LongVĩnh PhúcYên Bái / 전국 자료 항목연간 수력 발전량 — EI 계열 · TWh/yr연간 수력 발전량 — EIA 계열 · 십억 kWh/yr설비용량 — 연도별(EIA) · 백만 kW소수력 잠재량(<30MW) · MW개발 완료 잠재량·개소수 — 개발 완료분 · MW개발 완료 잠재량·개소수 — 개발 완료분 (범위 상한) · MW개발 완료 잠재량·개소수 — 개발 완료분 (범위 하한) · MW개발 완료 잠재량·개소수 — 개소수(개) · MW경제적 잠재량 (범위 상한) · MW경제적 잠재량 (범위 하한) · MW개발가능 잠재량(EVN 기준) (범위 상한) · MW개발가능 잠재량(EVN 기준) (범위 하한) · MW연간 수력 발전량(참고) · TWh/yr설비용량(참고) · MW기술적 잠재량 · MW수력 잠재량 — GIS 기반 산출 · MW / GWh/yrPDP8 개정 2030 목표 (범위 상한) · MWPDP8 개정 2030 목표 (범위 하한) · MW,자료정보·이용조건,KEEP,,states the data and its reading in reader-facing Korean
B-040,지열 잠재량의 지역별 차이와 범위,"63개 성·시가 가진 값의 분포입니다. 성·시 값을 평균한 전국값은 만들지 않고, 중앙값과 10~90 분위를 보여주고, 아래에서 지역별 값을 순위로 비교합니다.",항목 / 단위 / 기간 / 값의 단위 / 제공기관 / 자료기간,표시 항목용어 도움말?°C 설명심도 1km 지온(평균) — °C심도 2km 지온(평균) — °C심도 3km 지온(평균) — °C지온경사(1~2km) — °C/km지온경사(2~3km) — °C/km심도 지온 · 1km 최대 — °C심도 지온 · 1km 최소 — °C심도 지온 · 2km 최대 — °C심도 지온 · 2km 최소 — °C심도 지온 · 3km 최대 — °C심도 지온 · 3km 최소 — °C / 지역63개 성·시 전체 분포전국 값An GiangBà Rịa-Vũng TàuBạc LiêuBắc GiangBắc KạnBắc NinhBến TreBình DươngBình ĐịnhBình PhướcBình ThuậnCà MauCao BằngCần ThơĐà NẵngĐắk LắkĐắk NôngĐiện BiênĐồng NaiĐồng ThápGia LaiHà GiangHà NamHà NộiHà TĩnhHải DươngHải PhòngHậu GiangHoà BìnhHồ Chí MinhHưng YênKhánh HòaKiên GiangKon TumLai ChâuLạng SơnLào CaiLâm ĐồngLong AnNam ĐịnhNghệ AnNinh BìnhNinh ThuậnPhú ThọPhú YênQuảng BìnhQuảng NamQuảng NgãiQuảng NinhQuảng TrịSóc TrăngSơn LaTây NinhThái BìnhThái NguyênThanh HóaThừa Thiên HuếTiền GiangTrà VinhTuyên QuangVĩnh LongVĩnh PhúcYên Bái / 전국 자료 항목지열 발전량 — 실적(EIA) · 십억 kWh/yr지열 발전설비 용량 — 실적(EIA) · 백만 kW직접이용(열) 잠재량 · MWt지열 저류층 온도 — 심부 (범위 상한) · ℃지열 저류층 온도 — 심부 (범위 하한) · ℃지열 저류층 온도 — 표층 (범위 상한) · ℃지열 저류층 온도 — 표층 (범위 하한) · ℃기술 잠재량 · MW이론 잠재량 · MW온천·지열원 개소 (범위 상한) · 개소온천·지열원 개소 (범위 하한) · 개소발전 잠재량 (범위 상한) · MW발전 잠재량 (범위 하한) · MW지온경사(GIS 기반 산출) — 1→2km · ℃/km지온경사(GIS 기반 산출) — 2→3km · ℃/km심도 1km 지온 — GIS 국가 집계 — 25분위 · ℃심도 1km 지온 — GIS 국가 집계 — 75분위 · ℃심도 1km 지온 — GIS 국가 집계 — 중앙값 · ℃심도 1km 지온 — GIS 국가 집계 — 최대 · ℃심도 1km 지온 — GIS 국가 집계 — 최소 · ℃심도 1km 지온 — GIS 국가 집계 — 평균 · ℃심도 2km 지온 — GIS 국가 집계 — 25분위 · ℃심도 2km 지온 — GIS 국가 집계 — 75분위 · ℃심도 2km 지온 — GIS 국가 집계 — 중앙값 · ℃심도 2km 지온 — GIS 국가 집계 — 최대 · ℃심도 2km 지온 — GIS 국가 집계 — 최소 · ℃심도 2km 지온 — GIS 국가 집계 — 평균 · ℃심도 3km 지온 — GIS 국가 집계 — 25분위 · ℃심도 3km 지온 — GIS 국가 집계 — 75분위 · ℃심도 3km 지온 — GIS 국가 집계 — 중앙값 · ℃심도 3km 지온 — GIS 국가 집계 — 최대 · ℃심도 3km 지온 — GIS 국가 집계 — 최소 · ℃심도 3km 지온 — GIS 국가 집계 — 평균 · ℃지열 잠재량 — GIS 기반 · ℃ / MW,자료정보·이용조건,KEEP,,states the data and its reading in reader-facing Korean
B-041,태양광 자원의 지역별 차이와 범위,"63개 성·시가 가진 값의 분포입니다. 성·시 값을 평균한 전국값은 만들지 않고, 중앙값과 10~90 분위를 보여주고, 아래에서 지역별 값을 순위로 비교합니다.",항목 / 단위 / 기간 / 값의 단위 / 제공기관 / 자료기간,"표시 항목용어 도움말?GHI 설명?kWh 설명수평면 전일사량(GHI, 평균) — kWh/m²/일직달 일사량(DNI, 평균) — kWh/m²/일실용 발전량(PVOUT, 평균) — kWh/kWp/일최적 경사각(평균) — °기온(TEMP) · 최대 — °C기온(TEMP) · 최소 — °C기온(TEMP) · 평균 — °C수평면 전일사량(GHI) · 최대수평면 전일사량(GHI) · 최소실용 발전량(PVOUT) · 최대실용 발전량(PVOUT) · 최소직달 일사량(DNI) · 최대직달 일사량(DNI) · 최소최적 경사각(OPTA) · 최대최적 경사각(OPTA) · 최소 / 지역63개 성·시 전체 분포전국 값An GiangBà Rịa-Vũng TàuBạc LiêuBắc GiangBắc KạnBắc NinhBến TreBình DươngBình ĐịnhBình PhướcBình ThuậnCà MauCao BằngCần ThơĐà NẵngĐắk LắkĐắk NôngĐiện BiênĐồng NaiĐồng ThápGia LaiHà GiangHà NamHà NộiHà TĩnhHải DươngHải PhòngHậu GiangHoà BìnhHồ Chí MinhHưng YênKhánh HòaKiên GiangKon TumLai ChâuLạng SơnLào CaiLâm ĐồngLong AnNam ĐịnhNghệ AnNinh BìnhNinh ThuậnPhú ThọPhú YênQuảng BìnhQuảng NamQuảng NgãiQuảng NinhQuảng TrịSóc TrăngSơn LaTây NinhThái BìnhThái NguyênThanh HóaThừa Thiên HuếTiền GiangTrà VinhTuyên QuangVĩnh LongVĩnh PhúcYên Bái / 지도 표시 항목수평면 전일사량(GHI, 평균)직달 일사량(DNI, 평균)실용 발전량(PVOUT, 평균)최적 경사각(평균) / 지도 기준시점1999–2018 장기평균(LTA) / 지역·대상 선택지도 또는 목록에서 선택An GiangKiên GiangBắc NinhBắc GiangCao BằngBạc LiêuCà MauCần ThơHậu GiangSóc TrăngGia LaiBình ĐịnhThừa Thiên HuếHà NộiHà TĩnhHưng YênThái BìnhHải PhòngHải DươngBà Rịa–Vũng TàuHồ Chí MinhBình DươngNinh ThuậnKhánh HòaLai ChâuLào CaiYên BáiBình ThuậnLâm ĐồngĐắk NôngLạng SơnNghệ AnHà NamNinh BìnhNam ĐịnhVĩnh PhúcPhú ThọHòa BìnhKon TumQuảng NgãiQuảng NinhQuảng BìnhQuảng TrịSơn LaThanh HóaThái NguyênBắc KạnHà GiangTuyên QuangTây NinhLong AnVĩnh LongTrà VinhBến TreĐiện BiênĐà NẵngQuảng NamĐắk LắkPhú YênĐồng NaiBình PhướcTiền GiangĐồng Tháp",자료정보·이용조건,KEEP,,states the data and its reading in reader-facing Korean
B-042,풍력 자원의 지역별 차이와 범위,"63개 성·시가 가진 값의 분포입니다. 성·시 값을 평균한 전국값은 만들지 않고, 중앙값과 10~90 분위를 보여주고, 아래에서 지역별 값을 순위로 비교합니다.",항목 / 단위 / 기간 / 값의 단위 / 제공기관 / 자료기간,표시 항목풍속 평균(고도 100m) — m/s풍속 상위 10%(고도 100m) — m/s풍력밀도 평균(고도 100m) — W/m²풍력밀도 상위 10%(고도 100m) — W/m²풍속 6m/s 이상 면적비율 — %에너지밀도 W m · 최대 — W/m²에너지밀도 W m · 최소 — W/m²풍속 m s · 최대 — m/s풍속 m s · 최소 — m/s / 지역63개 성·시 전체 분포전국 값An GiangBà Rịa-Vũng TàuBạc LiêuBắc GiangBắc KạnBắc NinhBến TreBình DươngBình ĐịnhBình PhướcBình ThuậnCà MauCao BằngCần ThơĐà NẵngĐắk LắkĐắk NôngĐiện BiênĐồng NaiĐồng ThápGia LaiHà GiangHà NamHà NộiHà TĩnhHải DươngHải PhòngHậu GiangHoà BìnhHồ Chí MinhHưng YênKhánh HòaKiên GiangKon TumLai ChâuLạng SơnLào CaiLâm ĐồngLong AnNam ĐịnhNghệ AnNinh BìnhNinh ThuậnPhú ThọPhú YênQuảng BìnhQuảng NamQuảng NgãiQuảng NinhQuảng TrịSóc TrăngSơn LaTây NinhThái BìnhThái NguyênThanh HóaThừa Thiên HuếTiền GiangTrà VinhTuyên QuangVĩnh LongVĩnh PhúcYên Bái / 지도 표시 항목풍속 평균(고도 100m)풍속 상위 10%(고도 100m)풍력밀도 평균(고도 100m)풍력밀도 상위 10%(고도 100m)풍속 6m/s 이상 면적비율 / 지도 기준시점2008–2017 장기평균(ERA5 기반) / 지역·대상 선택지도 또는 목록에서 선택An GiangKiên GiangBắc GiangBắc NinhCao BằngCà MauBạc LiêuCần ThơHậu GiangSóc TrăngGia LaiBình ĐịnhThừa Thiên HuếHà NộiHà TĩnhHưng YênThái BìnhHải DươngHải PhòngHồ Chí MinhBà Rịa–Vũng TàuBình DươngKhánh HòaNinh ThuậnLai ChâuLào CaiYên BáiBình ThuậnĐắk NôngLâm ĐồngLạng SơnNghệ AnHà NamNam ĐịnhNinh BìnhHòa BìnhPhú ThọVĩnh PhúcKon TumQuảng NgãiQuảng NinhQuảng BìnhQuảng TrịSơn LaThanh HóaBắc KạnThái NguyênHà GiangTuyên QuangLong AnTây NinhTrà VinhVĩnh LongBến TreĐiện BiênĐà NẵngQuảng NamĐắk LắkPhú YênBình PhướcĐồng NaiĐồng ThápTiền Giang,자료정보·이용조건,KEEP,,states the data and its reading in reader-facing Korean
B-043,화석연료 자원량의 지역별 차이와 범위,연도2020,제공기관 / 자료기간 / 단위 / 자료 범위 / 이용조건,항목가채연수(R/P ratio) · 년가채연수(R/P) · 년석유 확인매장량 · 십억 배럴석유 확인매장량(질량 기준) · 백만 톤석탄 생산량 · 1000 t석탄 확인매장량 · 백만 단수톤석탄 확인매장량 · 백만 톤세계 확인매장량 비중 · %원유 생산량 · 천 배럴/일천연가스 생산량 · 십억 ft³천연가스 확인매장량 · 조 m³ (tcm)천연가스 확인매장량(tcf 기준) · 조 ft³ (tcf)확인매장량 / 세부 분류전체석유석탄천연가스 / 정렬 자료 순서높은 값부터낮은 값부터,자료정보·이용조건,KEEP,,states the data and its reading in reader-facing Korean
B-044,핵심 광물 종류의 항목별 공개 현황,연도2026,제공기관 / 자료기간 / 단위 / 자료 범위 / 이용조건,항목10개국 기준광물 목록원광 수출규제 대상 광종 · 해당 여부핵심광물 부존 상태 · 상태현지조사 결과 반영 / 세부 분류전체납-아연망간인광석(아파타이트)철크로마이트티타늄광물(미가공)희토류,자료정보·이용조건,KEEP,,states the data and its reading in reader-facing Korean
B-045,광물자원 국제순위의 항목별 공개 현황,연도2026,제공기관 / 자료기간 / 단위 / 자료 범위 / 이용조건,항목세계 매장량 비중 · %세계 매장량 순위 · 순위세계 생산량 비중 · %세계 생산량 순위 · 순위원문 위치(광종별 페이지) · 쪽 / 세부 분류전체보크사이트안티모니인광석주석텅스텐형석흑연희토류 / 정렬 자료 순서높은 값부터낮은 값부터,자료정보·이용조건,KEEP,,states the data and its reading in reader-facing Korean
B-046,광물 매장량의 항목별 공개 현황,"USGS가 베트남에 대해 보고한 광종별 확인 매장량입니다. 광종마다 단위가 달라 값의 크기는 서로 비교하지 않고, 원천이 밝힌 세계 비중(%)으로 막대를 그립니다.",제공기관 / 자료기간 / 단위 / 자료 범위 / 이용조건,,자료정보·이용조건,KEEP,,states the data and its reading in reader-facing Korean
B-047,광물 생산량의 항목별 공개 현황,"USGS가 보고한 광종별 광산 생산량입니다. 2024년은 실적치, 2025년은 USGS 추정치이며 광종마다 단위가 다릅니다.",제공기관 / 자료기간 / 단위 / 자료 범위 / 이용조건,,자료정보·이용조건,KEEP,,states the data and its reading in reader-facing Korean
B-048,주요 광산 위치의 지역별 차이와 범위,분류가 확인된 8건을 기준으로 계산했습니다.,제공기관 / 자료기간 / 단위 / 자료 범위 / 이용조건,지역·대상 선택지도 또는 목록에서 선택Ban PhucSin Quyen,자료정보·이용조건,KEEP,,states the data and its reading in reader-facing Korean
C-001,NDC 이행 조건별 감축목표,"2022년 제출 NDC 기준입니다. 국제지원 조건부 목표는 자체 이행분을 포함한 전체 목표이며, 두 목표를 더하지 않습니다.",제공기관 / 자료기간 / 단위 / 자료 범위 / 이용조건,이행 조건 자체 이행(무조건부)국제지원 시 전체(조건부),자료정보·이용조건,KEEP,,states the data and its reading in reader-facing Korean
C-002,보고서에 수록된 배출량과 이행 정보,보고서에 수록된 2016년 배출량입니다. 현재 배출량이나 NDC 감축 달성량은 아닙니다. 과거 BUR와 산정기준이 달라 하나의 추이로 연결하지 않습니다.,제공기관 / 자료기간 / 단위 / 자료 범위 / 이용조건,검색어 / 자료 구분 전체적응 프로그램 현황기후재원기후 시나리오별 전망극한기후 지표경제적 손실 추정부문별 온실가스 배출량온실가스 총배출량NDC 이행 실적원문 링크제출 이력,자료정보·이용조건,KEEP,,states the data and its reading in reader-facing Korean
C-003,국가적응계획(NAP)의 항목별 공개 현황,이 자료는 지도에 표시하지 않습니다. 지역 열은 있으나 값이 전무 — 지역 열 3개가 모두 비어 있음(제공자 재납품 필요),제공기관 / 자료기간 / 단위 / 자료 범위 / 이용조건,검색어 / 자료 구분 전체적응 재원 수요적응 추진체계적응 조치적응 우선 분야점검·평가 체계부문별 취약성원문 링크이해관계자 참여·성평등제출 이력,자료정보·이용조건,KEEP,,states the data and its reading in reader-facing Korean
C-004,장기 저탄소 발전전략의 항목별 공개 현황,출처 제공기관은 아래 자료정보 참조 · 자료기간 2022~2050 · 단위 tCO2e/년 이상 · MtCO2e · MtCO2e(순) 외 11종,제공기관 / 자료기간 / 단위 / 자료 범위 / 이용조건,검색어 / 자료 구분 전체탄소흡수 목표에너지 구성 전망정의로운 전환주요 감축기술장기 투자장기 감축경로탄소중립 목표부문별 탈탄소화원문 링크,자료정보·이용조건,KEEP,,states the data and its reading in reader-facing Korean
C-005,기후기술 수요 및 우선기술의 항목별 공개 현황,"출처 베트남 천연자원환경부(MONRE) 기상수문기후변화국 — Viet Nam Technology Needs Assessment (Ha Noi, 2012.6), UNFCCC TT:CLEAR 수록 · 베트남 천연자원환경부(MONRE) — Viet Nam TNA (2012.6), UNFCCC TT:CLEAR 수록 · 자료기간 2012 · 단위 점 · 적용시기·규모 · 개 외 6종",제공기관 / 자료기간 / 단위 / 자료 범위 / 이용조건,검색어 / 자료 구분 전체기술 도입 장애요인우선 분야우선 기술원문 링크기술행동계획 현황기술수요평가 현황,자료정보·이용조건,KEEP,,states the data and its reading in reader-facing Korean
C-006,파리협정 제6조 양자협력 체계의 항목별 공개 현황,이 자료는 지도에 표시하지 않습니다. 사업지역 세분화 전 — 성 단위 가능하면 등록,제공기관 / 자료기간 / 단위 / 자료 범위 / 이용조건,검색어 / 자료 구분 전체승인기관양자협력 체결일양자협력 당사자양자협력 범위상응조정국제감축실적 이전국가 등록부,자료정보·이용조건,KEEP,,states the data and its reading in reader-facing Korean
C-007,파리협정 6.8조 비시장접근법(NMA) 참여 현황,"UNFCCC NMA 플랫폼과 SB61 제출문서에서 확인한 항목별 현황입니다. 사업 건수나 금액이 아닌 확인 사항 24건을 질문별로 묶었고, 자료 출처와 검토 메모 4건은 아래에 따로 둡니다.",제공기관 / 자료기간 / 단위 / 자료 범위 / 이용조건,,자료정보·이용조건,KEEP,,states the data and its reading in reader-facing Korean
C-008,국제 기후협력 이니셔티브의 베트남 참여,"이니셔티브 32개의 참여 형태·시점·분야를 한 표에서 비교하고, UNFCCC 기후행동 포털(NAZCA)에 등재된 베트남 행위자 98곳을 유형·업종별로 셉니다. 원천 행 235행은 이니셔티브 속성·참여 주체·자료 출처로 나누어 읽으며 사업 수로 세지 않습니다.",제공기관 / 자료기간 / 단위 / 자료 범위 / 이용조건,행위자 검색,자료정보·이용조건,KEEP,,states the data and its reading in reader-facing Korean
C-009,기후변화 법·제도의 주요 제도 변화,법령·문서 54건 · 원천 182행을 문서 단위로 묶음 · 시행(발효)일 최근 순,재생에너지·해상풍력 인센티브·원자력 포함 / 법률 전체 구성 / Private line 방식 적용범위 확대 / 재생에너지 발전방식·설비용량 기준 / 월 소비전력 기준 완화 / 1기 2025-2026 배분 시한,,자료정보·이용조건,KEEP,,states the data and its reading in reader-facing Korean
C-010,환경 법·제도의 주요 제도 변화,법령·문서 41건 · 원천 59행을 문서 단위로 묶음 · 시행(발효)일 최근 순,개정 대상 조문 / EPR(LEP 제54·55조) 전용 시행령 / Decree 08/2022 개정령 / 농업·환경 15개 법률 일괄 개정법 / 일회용 플라스틱·담배 등 대표 요율 / 입지 등급·방류 수계·보호구역 토지이용·문화유산구역 이용 여부,,자료정보·이용조건,KEEP,,states the data and its reading in reader-facing Korean
C-011,치안·안전 정보의 항목별 공개 현황,"긴급 신고 번호, 재외공관 연락처, 여행경보와 범죄 통계를 확인할 수 있습니다. 연락처와 경보는 수록 시점의 정보입니다. 방문 전 공식 출처에서 최신 내용을 확인하세요.",제공기관 / 자료기간 / 단위 / 자료 범위 / 이용조건,,자료정보·이용조건,KEEP,,states the data and its reading in reader-facing Korean
C-012,민관협력·조달 제도의 항목별 공개 현황,"PPP 법률·시행령, 전담 기관, 계약 유형, 조달 방식과 사업 이력을 항목별로 정리했습니다. 영문·베트남어 용어는 한글을 먼저 쓰고 원문을 괄호에 두었습니다.",제공기관 / 자료기간 / 단위 / 자료 범위 / 이용조건,,자료정보·이용조건,KEEP,,states the data and its reading in reader-facing Korean
C-013,외국인 투자제도의 항목별 공개 현황,"출처 베트남 국회·정부 공보 / LuatVietnam · Nghị định số 103/2024/NĐ-CP — Quy định về tiền sử dụng đất, tiền thuê đất · 베트남 국회 — Nghị quyết 98/2023/QH15 (정부 정책포털 전문) · 자료기간 2016~2026 · 단위 건 · % · 년 외 8종",제공기관 / 자료기간 / 단위 / 자료 범위 / 이용조건,검색어 / 자료 구분 전체외국인 지분 제한투자 인센티브투자협정이익 송금,자료정보·이용조건,KEEP,,states the data and its reading in reader-facing Korean
C-014,사업 인허가 절차의 항목별 공개 현황,출처 기관별 공식 출처 4개(상세 자료정보 참조) · 자료기간 2020~2026 · 단위 절차 · VND · 일 외 10종,제공기관 / 자료기간 / 단위 / 자료 범위 / 이용조건,검색어 / 자료 구분 전체건설허가건설허가 비용건설허가 소요기간환경영향평가 절차토지 취득토지 취득 비용토지 취득 소요기간전력사업 허가전력사업 허가 비용전력사업 허가 소요기간,자료정보·이용조건,KEEP,,states the data and its reading in reader-facing Korean
C-015,정책·제도 원문자료의 항목별 공개 현황,출처 기관별 공식 출처 4개(상세 자료정보 참조) · 자료기간 2016~2026 · 단위 URL,제공기관 / 자료기간 / 단위 / 자료 범위 / 이용조건,검색어,자료정보·이용조건,KEEP,,states the data and its reading in reader-facing Korean
C-016,성·시별 재생에너지 계획용량,2031-2035 기준 상위·하위 10개 성·시입니다. 전체는 '전체 38개 보기'에서 확인할 수 있습니다.,제공기관 / 자료기간 / 단위 / 자료 범위,항목 선택소수력(thủy điện nhỏ) 계획용량 · MW수력 30MW초과~50MW미만 계획용량 · MW양수발전(thủy điện tích năng) 계획용량 · MW바이오매스발전(điện sinh khối) 계획용량 · MW옥상태양광(ĐMT mái nhà) 계획용량 · MW집중형 태양광(ĐMT tập trung) 계획용량 · MW육상 근해 풍력(điện gió trên bờ và gần bờ) 계획용량 · MW폐기물발전(điện rác) 계획용량 · MW / 지역 선택전체 성·시 비교An GiangBà Rịa–Vũng TàuBạc LiêuBắc GiangBắc KạnBắc NinhBến TreBình DươngBình ĐịnhBình PhướcBình ThuậnCà MauCao BằngCần ThơĐà NẵngĐắk LắkĐắk NôngĐiện BiênĐồng NaiĐồng ThápGia LaiHà GiangHà NamHà NộiHà TĩnhHải DươngHải PhòngHậu GiangHòa BìnhHồ Chí MinhHưng YênKhánh HòaKiên GiangKon TumLai ChâuLạng SơnLào CaiLâm ĐồngLong AnNam ĐịnhNghệ AnNinh BìnhNinh ThuậnPhú ThọPhú YênQuảng BìnhQuảng NamQuảng NgãiQuảng NinhQuảng TrịSóc TrăngSơn LaTây NinhThái BìnhThái NguyênThanh HóaThừa Thiên HuếTiền GiangTrà VinhTuyên QuangVĩnh LongVĩnh PhúcYên Bái / 기간2031-20352025-2030,자료정보·이용조건,KEEP,,states the data and its reading in reader-facing Korean
C-017,재생에너지 투자 인센티브의 항목별 공개 현황,이 자료는 지도에 표시하지 않습니다. 지역 열은 있으나 값이 전무 — 지역 열 3개가 모두 비어 있음(제공자 재납품 필요),제공기관 / 자료기간 / 단위 / 자료 범위 / 이용조건,검색어 / 자료 구분 전체시행기관지원 조건지원제도 운영 현황지원 유형대상 기술,자료정보·이용조건,KEEP,,states the data and its reading in reader-facing Korean
C-018,개정 PDP8의 전력 계획·전망과 전력가격 규정,"Quyết định 768/QĐ-TTg(개정 전력개발계획 PDP8, 2025) · 전망 기관 베트남 총리(Thủ tướng Chính phủ) · 단일 계획, 하한–상한 범위 제시. 두 시점(2030·2050)의 계획값을 하한~상한으로 비교하며, 연도 사이를 추세로 잇지 않습니다.",제공기관 / 자료기간 / 단위 / 자료 범위 / 이용조건,계획 연도20302050,자료정보·이용조건,KEEP,,states the data and its reading in reader-facing Korean
C-019,지역별 온실가스 인벤토리 의무 대상 시설,아래 자료는 각 문서에 기재된 시점과 적용 조건을 기준으로 확인해 주세요. 환경보호세 세율은 배출권 거래가격이 아닙니다.,제공기관 / 자료기간 / 단위 / 자료 범위 / 이용조건,검색어 / 자료 구분 전체탄소시장 예산탄소가격탄소세ETS 대상 범위배출권 거래제 도입·운영 현황재생에너지 지원제도 / 기준일 2026-08-10,자료정보·이용조건,KEEP,,states the data and its reading in reader-facing Korean
C-022,인벤토리 대상 시설의 지역·부문별 구성,법령에 수록된 34개 성·시의 집계입니다. 배출권 거래제 참여 시설 수와는 구분됩니다.,제공기관 / 자료기간 / 단위 / 자료 범위 / 이용조건,기준일 2026-08-10 / 지역 전체 지역Hồ Chí MinhTây NinhĐồng NaiBắc NinhPhú ThọHưng YênNinh BìnhHà NộiHải PhòngQuảng NinhĐà NẵngThái NguyênNghệ AnThanh HóaĐồng ThápHuếGia LaiCần ThơAn GiangQuảng NgãiLâm ĐồngLào CaiVĩnh LongHà TĩnhTuyên QuangQuảng TrịĐắk LắkKhánh HòaCao BằngCà MauLạng SơnSơn LaLai ChâuĐiện Biên / 검색어,자료정보·이용조건,KEEP,,states the data and its reading in reader-facing Korean
C-023,한계저감비용 자료 수집 상태,데이터 준비 중 — 자료가 입고되면 분석 화면을 제공합니다.,제공기관,,자료정보·이용조건,KEEP,,states the data and its reading in reader-facing Korean
C-024,산림전용 방지 및 산림보전(REDD+)의 항목별 공개 현황,FCPF ERPA(북중부 6개 성) 참여 · 2022 · 참여 프로그램 수,제공기관 / 자료기간 / 단위 / 자료 범위 / 이용조건,검색어 / 자료 구분 전체FREL 제출참여 기금결과기반지불(RBP)REDD+ 전략환경·사회 보호체계 / 지도 표시 항목FCPF ERPA(북중부 6개 성) 참여 / 지도 기준시점2022 / 지역·대상 선택지도 또는 목록에서 선택Hà TĩnhNghệ AnQuảng BìnhQuảng TrịThanh HóaThừa Thiên Huế,자료정보·이용조건,KEEP,,states the data and its reading in reader-facing Korean
C-025,탄소크레딧 사업 및 발행실적의 규모와 분야별 분포,전체 자료 · 사업 388건 / 전체 388건아래 현황·차트·목록에 같은 조건이 적용됩니다.,분야·유형 / 분야·유형 / 분야·유형 / 분야·유형 / 분야·유형 / 분야·유형,상태전체Gold Standard Certified DesignGold Standard Certified ProjectGold Standard 설계 인증Gold Standard 사업 인증검증 지연목록 등재Listed등록등록 요청개발 중타당성 검토 중승인된 온실가스 프로그램에서 이전검증 승인 요청철회 / 검색어 / 연도전체 기간2025년2024년2023년2022년2021년2020년2019년2018년2017년2016년2015년2014년2013년2012년2011년2010년2009년 / 등록 표준·분야전체ART TREESCDMGCCGold StandardJCMVerra VCS / 시작 기간 / 끝 기간,자료정보·이용조건,KEEP,,states the data and its reading in reader-facing Korean
D-001,단위 사업당 CAPEX의 항목별 공개 현황,"사업의 총투자액을 설비용량으로 나눈 표본 중앙값입니다. 실제 사업비 견적이 아니며, 입지·규모·공사 조건에 따라 달라질 수 있습니다.",제공기관 / 자료기간 / 단위 / 자료 범위 / 이용조건,,자료정보·이용조건,KEEP,,states the data and its reading in reader-facing Korean
D-002,시장 성장률의 항목별 공개 현황,연도2030,제공기관 / 자료기간 / 단위 / 자료 범위 / 이용조건,분류전체바이오에너지 기술수력 기술전력 통합 기술(BESS)전력 통합 기술(양수)태양광 기술폐자원 기술풍력 기술(육상 · 근해)풍력 기술(해상) / 정렬 자료 순서높은 값부터낮은 값부터,자료정보·이용조건,KEEP,,states the data and its reading in reader-facing Korean
D-003,예상 감축량의 항목별 공개 현황,세부 분류1MW당 20년 누적 온실가스 감축량,제공기관 / 자료기간 / 단위 / 자료 범위 / 이용조건,항목예상 감축량 · tCO2/20년·MW예상 감축량 · tCO2/년·MW / 분류전체바이오에너지 기술수력 기술태양광 기술폐자원 기술풍력 기술(육상 · 근해)풍력 기술(해상) / 정렬 자료 순서높은 값부터낮은 값부터,자료정보·이용조건,KEEP,,states the data and its reading in reader-facing Korean
D-004,크레딧 가격 연동 수익성의 항목별 공개 현황,연도2026,제공기관 / 자료기간 / 단위 / 자료 범위 / 이용조건,분류전체바이오에너지 기술(고 시나리오)바이오에너지 기술(저 시나리오)바이오에너지 기술(중 시나리오)수력 기술(대수력 >50MW)(고 시나리오)수력 기술(대수력 >50MW)(저 시나리오)수력 기술(대수력 >50MW)(중 시나리오)수력 기술(소수력 <50MW)(고 시나리오)수력 기술(소수력 <50MW)(저 시나리오)수력 기술(소수력 <50MW)(중 시나리오)태양광 기술(고 시나리오)태양광 기술(저 시나리오)태양광 기술(중 시나리오)풍력 기술(육상)(고 시나리오)풍력 기술(육상)(저 시나리오)풍력 기술(육상)(중 시나리오) / 정렬 자료 순서높은 값부터낮은 값부터,자료정보·이용조건,KEEP,,states the data and its reading in reader-facing Korean
D-005,기후예산의 적응·감축 배분 구조,2010–2013년 총 기후변화 대응 지출 기준,보고서 / 기준기간 / 분모 / 제공기관 / 자료기간 / 단위,예산 기준총 기후변화 지출경상예산공공 자본지출부처 기후예산성 단위 기후예산,자료정보·이용조건,KEEP,,states the data and its reading in reader-facing Korean
D-006,환경보호세 수입과 연료별 세율,분류환경보호세(EPT),제공기관 / 자료기간 / 단위 / 자료 범위 / 이용조건,항목기후 관련 조세 수입 · %기후 관련 조세 수입 · USD/tCO2e기후 관련 조세 수입 · VND기후 관련 조세 수입 · VND/L기후 관련 조세 수입 · VND/t / 세부 분류전체국가예산 결산액(quyết toán) 연도별국가예산 계획액(dự toán) 연도별 / 연도202420232022202120202019,자료정보·이용조건,KEEP,,states the data and its reading in reader-facing Korean
D-007,"기후예산태깅(CBT, Climate Budget Tagging) 도입 여부 및 수준의 항목별 공개 현황",권고 단계 — 중앙·지방정부 예산의 체계적 기후지출 태깅·모니터링이 권고사항으로 제시(등급 평가는 원문에 없음),제공기관 / 자료기간 / 단위 / 자료 범위 / 이용조건,분류전체도입 여부제도화 수준태깅 분류체계 구조 / 연도20222015,자료정보·이용조건,KEEP,,states the data and its reading in reader-facing Korean
D-008,주관 부처별 기후 예산 규모의 항목별 공개 현황,성 단위 기후변화 지출 누계 · 2010-2013 · VND,제공기관 / 자료기간 / 단위 / 자료 범위 / 산정기준 / 이용조건,항목주관 부처별 기후 예산 규모 · %주관 부처별 기후 예산 규모 · VND / 세부 분류전체6개 부처 합산예산 대비 비중 범위 상한6개 부처 합산예산 대비 비중 범위 하한부처 총예산 대비상위 2개 부처 지출 집중도(2010~2012)상위 2개 부처 지출 집중도(2016~2020) / 연도202020132012 / 정렬 자료 순서높은 값부터낮은 값부터 / 지도 표시 항목성 단위 기후변화 지출 누계 / 지도 기준시점2010-2013,자료정보·이용조건,KEEP,,states the data and its reading in reader-facing Korean
D-009,"총 지출 규모, 연도별 추이의 항목별 공개 현황",분류GDP 대비 기후지출 비중,제공기관 / 자료기간 / 단위 / 자료 범위 / 산정기준 / 이용조건,항목기후대응 정부 예산 · %기후대응 정부 예산 · USD기후대응 정부 예산 · VND,자료정보·이용조건,KEEP,,states the data and its reading in reader-facing Korean
D-010,화석연료 보조금 규모의 항목별 공개 현황,세부 분류연도별,제공기관 / 자료기간 / 단위 / 자료 범위 / 이용조건,항목화석연료 보조금 규모 · %화석연료 보조금 규모 · USD화석연료 보조금 규모 · USD/L / 분류총액 / 연도202420222021,자료정보·이용조건,KEEP,,states the data and its reading in reader-facing Korean
D-011,ODA 유입 규모와 공여자 구성,공식 공여자 총계를 연도별로 비교합니다. 2020–2024년.,제공기관 / 자료기간 / 단위 / 자료 범위 / 산정기준 / 이용조건,공여자세계은행그룹일본프랑스미국대한민국독일지역개발은행호주기타 다자기구유럽연합 기관스위스유엔캐나다영국ItalyBelgiumIrelandHungaryAustriaFinlandSwedenSaudi ArabiaNorwayNew ZealandDenmarkKuwaitPolandLuxembourgQatarNetherlandsThailandTürkiyeCzechiaIsraelAzerbaijanKazakhstanRomaniaLithuaniaPortugalGreeceBulgariaUnited Arab EmiratesSpainIcelandChinese TaipeiLatviaSlovak RepublicCroatia,자료정보·이용조건,KEEP,,states the data and its reading in reader-facing Korean
D-012,경쟁국 민간기업의 개도국 진출 현황의 항목별 공개 현황,전체 자료 · 진출 사례 22건 / 전체 22건아래 현황·차트·목록에 같은 조건이 적용됩니다.,제공기관 / 자료기간 / 단위 / 자료 범위 / 이용조건,검색어 / 연도전체 기간2021년2020년2019년 / 기술분야전체효율(모듈)RE(복합)RE(태양광)RE(풍력)RE(해상풍력),자료정보·이용조건,KEEP,,states the data and its reading in reader-facing Korean
D-013,녹색성장지수의 종합·부문·세부항목별 점수,연도2024,제공기관 / 자료기간 / 단위 / 자료 범위 / 이용조건,분류전체기초 서비스 · 자원 접근성녹색 고용(Green Employment)녹색 무역(Green Trade)녹색 투자(Green Investment)녹색 혁신(Green Innovation)녹색경제 기회(GEO)문화 · 사회적 가치물 효율 · 지속가능성물질 이용 효율사회 보호(Social Protection)사회 통합(Social Inclusion)사회 형평(Social Equity)생물다양성 · 생태계 보호성 평등(Gender Balance)에너지 효율 · 지속가능성온실가스 감축자연자본 보호(NCP)종합지수지속가능한 토지 이용환경질(Environmental Quality)효율 · 지속가능 자원이용(ESRU) / 세부 분류전체부문(pillar) 점수종합 점수차원(dimension) 점수 / 정렬 자료 순서높은 값부터낮은 값부터,자료정보·이용조건,KEEP,,states the data and its reading in reader-facing Korean
D-014,대외경제협력기금 사업의 규모와 분야별 분포,전체 자료 · 사업 164건 / 전체 164건아래 현황·차트·목록에 같은 조건이 적용됩니다.,기관·재원 / 분야·유형 / 규모 / 집행액 / 기간 / 보고연도,"검색어 / 연도전체 기간2023년2022년2021년2020년2019년2018년2017년2016년2015년2014년2013년2012년2011년2010년2009년2008년2007년2006년2005년2004년2001년2000년1999년1996년1995년 / 분야·원조유형전체고급기술 및 관리자 교육(11430)공공정책 및 행정관리(15110)기초식수공급 및 기초위생에 포함되지 않는 기타(14030)기초의료설비(12230)다부문 원조(43010)도로운송(21020)라디오/텔레비전/인쇄매체(22030)사회보호/보장(16010)수자원보호(14015)식수개발 및 위생처리시설(플랜트 시설 등)에 포함되지 않는 기타(14020)의료교육 및 훈련(12181)의료서비스(12191)재난 대비능력 강화(74020)전력생산, 재생가능 자원사용 - 복합 기술(23210)전문대,대학(원) 교육(11420)전염병 관리 및 예방(말라리아,결핵, 성병, 코로나19 제외)(12250)중앙그리드 태양광발전(23230)직업훈련(기초,중등수준)(11330)천연가스화력발전소(23340)철도운송(21030)폐기물 관리 및 처리(14050)하천개발(14040)환경정책 및 행정관리(41010) / 시작 기간 / 끝 기간",자료정보·이용조건,KEEP,,states the data and its reading in reader-facing Korean
D-015,한국 공적개발원조 사업의 규모와 분야별 분포,전체 자료 · 사업 기록 650건 / 전체 650건아래 현황·차트·목록에 같은 조건이 적용됩니다.,기관·재원 / 분야·유형 / 규모 / 집행액 / 기간 / 보고연도,"검색어 / 연도전체 기간2024년2023년2022년2021년2020년2019년2018년2017년2016년2015년2014년2013년2012년2011년2010년2009년2008년2007년2006년2005년2004년2002년2001년2000년1999년1997년1996년1995년 / 분야·원조유형전체가내공업 및 수공업(32140)건설정책 및 행정관리(32310)결핵 관리 및 예방(12263)경제작물/수출작물(31162)고급기술 및 관리자 교육(11430)고용 창출(16020)공공정책 및 행정관리(15110)공업 개발(32120)교사훈련(11130)교육시설 및 특별연수, 농수산물 가공업(11120, 32161)교육시설 및 특별연수(11120)교육연구(11182)교육정책 및 행정관리(11110)구호 물자지원 및 서비스(72010)금융 및 재무부문교육(24081)금융정책 및 행정관리(24010)기초보건진료(12220)기초사회서비스에 대한 다부문 원조(16050)기초식수공급 및 기초위생에 포함되지 않는 기타(14030)기초식수공급(14031)기초영양, 어업 연구(12240, 31382)기초영양(12240)기초의료설비(12230)기타 비감염성질환 관리(12350)기타교육(43081)긴급구호 조정 및 지원서비스(72050)농수산물 가공업(32161)농업 개발(31120)농업 연구(31182)농업관련 교육/훈련(31181)농업관련 기자재(31150)농업정책 및 행정관리(31110)농업협동조합(31194)농촌개발(43040)다부문 원조(43010)도로운송(21020)도시개발 및 관리(43030)라디오/텔레비전/인쇄매체(22030)마약관리(16063)매체와 자유로운 정보유통(15153)문화 및 레크리에이션(16061)보건교육(12261)보건인력개발(12281)보건정책 및 행정관리(12110)비감염성질환 일반(12310)비정규/유사 금융기관(24040)비즈니스 정책 및 행정관리(25010)비특정분야(99810)사회보호/보장(16010)사후 재건(73010)생물 다양성(41030)생물권역 보호(41020)성인 기초생활교육(11230)성평등 조직(기구) 및 제도(15170)수자원보호(14015)수자원정책 및 행정관리(14010)식량생산(31161)식량안전보장 및 행정관리(43071)식수개발 및 위생처리시설(플랜트 시설 등)에 포함되지 않는 기타(14020)식수공급 및 위생처리 부문교육(14081)어업 개발(31320)에너지 보존 및 수요 효율성(23183)에너지정책 및 행정관리(23110)엔지니어링(기계공업), 직업훈련(기초,중등수준)(32171, 11330)엔지니어링(기계공업)(32171)연구/과학기관, 환경연구(43082, 41082)운송관련 창고(21061)운송정책 및 행정관리(21010)의료교육 및 훈련(12181)의료서비스(12191)이민 이주 원활화(15190)인권 강화(15160)임업 개발(31220)임업정책 및 행정관리(31210)입법 및 사법제도 개발(15130)재난 대비능력 강화(74020)재난위험경감(43060)저비용 주택개발(16040)전기 차 인프라(23642)전력생산, 재생가능 자원사용 - 복합 기술(23210)전문대,대학(원) 교육(11420)전염병 관리 및 예방(말라리아,결핵, 성병, 코로나19 제외)(12250)정보통신기술(22040)주택정책 및 행정관리(16030)중고등교육(11320)중소기업 개발(32130)중앙그리드 태양광발전(23230)지뢰제거(15250)직업훈련(기초,중등수준)(11330)천연가스화력발전소(23340)철도운송(21030)초등교육(11220)축산 진료(31195)축산(31163)취학전교육(11240)치안제도 관리 및 개선(15210)통계능력 강화(16062)폐기물 관리 및 처리(14050)하천개발(14040)환경교육/훈련(41081)환경연구, 연구/과학기관(41082, 43082)환경연구, 재난위험경감(41082, 43060)환경정책 및 행정관리(41010)COVID-19(12264) / 시작 기간 / 끝 기간",자료정보·이용조건,KEEP,,states the data and its reading in reader-facing Korean
D-016,정부·지방자치단체 협력사업의 규모와 분야별 분포,전체 자료 · 사업 기록 232건 / 전체 232건아래 현황·차트·목록에 같은 조건이 적용됩니다.,기관·재원 / 분야·유형 / 규모 / 기간 / 보고연도 / 사업번호,"검색어 / 연도전체 기간2023년2022년2021년2020년2019년2018년2017년2016년2015년2014년2013년2012년2011년2010년 / 분야·원조유형전체건설정책 및 행정관리(32310)경제작물/수출작물(31162)고용 창출(16020)공공정책 및 행정관리(15110)공업 개발(32120)교사훈련(11130)교육시설 및 특별연수, 농수산물 가공업(11120, 32161)교육시설 및 특별연수(11120)교육연구(11182)교육정책 및 행정관리(11110)구호 물자지원 및 서비스(72010)기초식수공급 및 기초위생에 포함되지 않는 기타(14030)기초영양, 어업 연구(12240, 31382)농업 개발(31120)농업 연구(31182)농업관련 교육/훈련(31181)농업관련 기자재(31150)농업정책 및 행정관리(31110)농촌개발(43040)다부문 원조(43010)도로운송(21020)도시개발 및 관리(43030)라디오/텔레비전/인쇄매체(22030)문화 및 레크리에이션(16061)보건정책 및 행정관리(12110)비즈니스 정책 및 행정관리(25010)비특정분야(99810)사회보호/보장(16010)사후 재건(73010)성인 기초생활교육(11230)식량생산(31161)식량안전보장 및 행정관리(43071)식수개발 및 위생처리시설(플랜트 시설 등)에 포함되지 않는 기타(14020)식수공급 및 위생처리 부문교육(14081)어업 개발(31320)에너지 보존 및 수요 효율성(23183)에너지정책 및 행정관리(23110)엔지니어링(기계공업), 직업훈련(기초,중등수준)(32171, 11330)엔지니어링(기계공업)(32171)연구/과학기관, 환경연구(43082, 41082)운송관련 창고(21061)운송정책 및 행정관리(21010)의료서비스(12191)임업 개발(31220)임업정책 및 행정관리(31210)입법 및 사법제도 개발(15130)재난 대비능력 강화(74020)재난위험경감(43060)전력생산, 재생가능 자원사용 - 복합 기술(23210)전문대,대학(원) 교육(11420)정보통신기술(22040)중고등교육(11320)중소기업 개발(32130)지뢰제거(15250)직업훈련(기초,중등수준)(11330)철도운송(21030)초등교육(11220)축산 진료(31195)축산(31163)치안제도 관리 및 개선(15210)통계능력 강화(16062)환경교육/훈련(41081)환경연구, 연구/과학기관(41082, 43082)환경연구, 재난위험경감(41082, 43060)환경정책 및 행정관리(41010)COVID-19(12264) / 시작 기간 / 끝 기간",자료정보·이용조건,KEEP,,states the data and its reading in reader-facing Korean
D-017,한국 ODA 사업기획·입찰의 항목별 공개 현황,전체 자료 · 사업 10건 / 전체 10건아래 현황·차트·목록에 같은 조건이 적용됩니다.,기관·재원 / 분야·유형 / 규모 / 지원 대상 / 기간 / 기관·재원,검색어 / 연도전체 기간2026년2025년2023년2021년 / 분야·입찰유형전체공공행정·디지털과학기술교육·디지털도로교통·평가스마트시티스마트시티·기자재에너지·농촌개발전 분야직업교육훈련환경·수처리,자료정보·이용조건,KEEP,,states the data and its reading in reader-facing Korean
D-018,적응기금 사업의 규모와 분야별 분포,전체 자료 · 사업 4건 / 전체 4건아래 현황·차트·목록에 같은 조건이 적용됩니다.,제공기관 / 단위 / 자료 범위 / 산정기준,항목Adaptation Fund 프로젝트 · USDAdaptation Fund 프로젝트 · 건 / 분류전체베트남 단독사업 승인액 합계승인액 합계집행액 합계 / 세부 분류전체전 사업 승인액 단순합전 사업 집행액 단순합 / 검색어 / 연도전체 기간2023년2022년2021년2020년 / 분야·기금전체Multi-sectorTransboundary Water ManagementUrban development,자료정보·이용조건,KEEP,,states the data and its reading in reader-facing Korean
D-019,CTCN 기술지원의 규모와 분야별 분포,전체 자료 · 기술지원 요청 10건 / 전체 10건아래 현황·차트·목록에 같은 조건이 적용됩니다.,제공기관 / 자료기간 / 단위 / 자료 범위 / 이용조건,기술 분야전체AgricultureCoastal zonesEarly warning and Environmental assessmentEnergy efficiencyIndustryWaste managementWater / 검색어 / 연도전체 기간2025년2023년2022년2021년2020년2019년2016년2015년 / 기술분야전체미기재Biomass powerCement productionIntegrated solid waste management,자료정보·이용조건,KEEP,,states the data and its reading in reader-facing Korean
D-020,녹색기후기금 사업의 규모와 분야별 분포,전체 자료 · 사업 8건 / 전체 8건아래 현황·차트·목록에 같은 조건이 적용됩니다.,제공기관 / 자료기간 / 단위 / 자료 범위 / 이용조건,검색어 / 연도전체 기간2026년2024년2020년2018년2016년 / 분야·기금전체AdaptationCross-cuttingMitigation / 지도 표시 항목지역이 확인된 사업 수 / 지도 기준시점2026년 기준 / 지역·대상 선택지도 또는 목록에서 선택Hà GiangTuyên QuangĐiện BiênLai ChâuLào CaiYên BáiHòa BìnhPhú ThọVĩnh PhúcSơn LaThừa Thiên Huế,자료정보·이용조건,KEEP,,states the data and its reading in reader-facing Korean
D-021,국제기구·개발은행 사업의 규모와 분야별 분포,전체 자료 · 지원 활동 640건 / 전체 640건아래 현황·차트·목록에 같은 조건이 적용됩니다.,제공기관 / 자료기간 / 단위 / 자료 범위 / 이용조건,검색어 / 연도전체 기간2026년2025년2024년2023년2022년2021년2020년2019년2018년2017년2016년2015년2014년2013년2012년2011년2010년2009년2008년2007년2006년2005년2004년2003년2002년2001년2000년1999년1998년1997년1996년1995년1993년1990년1988년1987년 / 분야·공여기관전체Asian Development BankFood and Agriculture Organization of the United Nations (FAO)Green Climate FundIATI에 DAC 5자리 코드 미보고(기관 자체 분류만 보고)International Labour Organization (ILO)International Organization for Migration (IOM)The World BankUN WomenUnited Nations Children's Fund (UNICEF)United Nations Development Programme (UNDP)World Bank Trust FundsWorld Health Organization (WHO) / 시작 기간 / 끝 기간,자료정보·이용조건,KEEP,,states the data and its reading in reader-facing Korean
D-022,개발금융·민관협력 투자사업의 규모와 분야별 분포,전체 자료 · 사업 15건 / 전체 15건아래 현황·차트·목록에 같은 조건이 적용됩니다.,공식 영문명 / 사업번호 / IATI 활동번호 / 공식 영문명 / 사업번호 / IATI 활동번호,검색어 / 연도전체 기간2025년2024년2023년2020년2017년2016년2014년2012년2009년 / 분야·투자유형전체14020 — 상하수도 기타14022 — 위생(대규모)14050 — 폐기물 관리·처리15110 — 공공행정 기타15110 — 중앙정부 행정15112 — 지방정부·분권21040 — 수상운송·항만23110 — 에너지 기타23220 — 수력발전31220 — 산림 개발 / 시작 기간 / 끝 기간,자료정보·이용조건,KEEP,,states the data and its reading in reader-facing Korean
D-023,국제협력·기후재원 사업의 규모와 분야별 분포,전체 자료 · 사업 71건 / 전체 71건아래 현황·차트·목록에 같은 조건이 적용됩니다.,제공기관 / 자료기간 / 단위 / 자료 범위 / 이용조건,검색어 / 연도전체 기간2026년2025년2024년2023년2022년2021년2020년2019년2018년2016년2015년2014년2013년2012년2011년2010년2009년2008년2007년2005년2003년2002년2001년1998년1996년1991년 / 기금·분야전체Adaptation FundCIF(Clean Technology Fund)GCFGEF / 시작 기간 / 끝 기간,자료정보·이용조건,KEEP,,states the data and its reading in reader-facing Korean
D-024,벤처·임팩트 투자의 규모와 분야별 분포,전체 자료 · 투자 거래 7건 / 전체 7건아래 현황·차트·목록에 같은 조건이 적용됩니다.,분야·유형 / 투자 라운드 / 투자 연도 / 투자 금액 / 투자자 / 분야·유형,검색어 / 연도전체 기간2026년2025년2024년2023년 / 기후 분야·투자 라운드전체모빌리티(EV)AgTechRE(태양광),자료정보·이용조건,KEEP,,states the data and its reading in reader-facing Korean
D-025,민간 인프라 투자의 규모와 분야별 분포,전체 자료 · 사업 132건 / 전체 132건아래 현황·차트·목록에 같은 조건이 적용됩니다.,제공기관 / 자료기간 / 단위 / 자료 범위 / 이용조건,검색어 / 연도전체 기간2024년2023년2022년2021년2020년2019년2018년2017년2016년2014년2012년2011년2010년2009년2008년2007년2005년2003년2002년2001년 / 섹터·투자유형전체Energy/Electricity/Electricity generationEnergy/Natural Gas/Natural gas transmission / 시작 기간 / 끝 기간,자료정보·이용조건,KEEP,,states the data and its reading in reader-facing Korean
D-026,정치적 위험 보증사업의 규모와 분야별 분포,전체 자료 · 보증사업 9건 / 전체 9건아래 현황·차트·목록에 같은 조건이 적용됩니다.,Breach of Contract / Non-Honoring of Sovereign Financial Obligations (NHSFO) / Expropriation / Transfer Restriction / Currency Inconvertibility / War and Civil Disturbance / 제공기관,검색어 / 연도전체 기간2018년2016년2014년2013년2003년2001년1999년 / 섹터·보증유형전체교통전력제조통신화학 / 지도 표시 항목지역이 확인된 사업 수 / 지도 기준시점2018년 기준 / 지역·대상 선택지도 또는 목록에서 선택Hải DươngHải PhòngHà NộiĐồng NaiBình PhướcLâm ĐồngBình ThuậnĐắk Nông,자료정보·이용조건,KEEP,,states the data and its reading in reader-facing Korean
E-001,CTCN 국가지정기구의 기관별 공개 정보,분류가 확인된 18건을 기준으로 계산했습니다. 차트에는 상위 8개 항목을 표시합니다.,담당자 / 연락처 / 연락처 / 연락처 / 연락처 / 연락처,"기관 구분전체NDE(국가지정기구)TA 제안기관(대학)TA 제안기관(회원 아님)네트워크 회원(NGO)네트워크 회원(VUSTA 산하 비영리)네트워크 회원(공공서비스, HUST 소재)네트워크 회원(대학)네트워크 회원(민간기업)네트워크 회원(연구기관)네트워크 회원(정부·공공기관) / 지도 표시 항목지역이 확인된 기관 수 / 지도 기준시점2026년 기준 / 지역·대상 선택지도 또는 목록에서 선택Hà Nội",자료정보·이용조건,KEEP,,states the data and its reading in reader-facing Korean
E-002,파리협정 국가지정기관의 기관별 공개 정보,출처 United Nations Framework Convention on Climate Change (UNFCCC) · 자료기간 2026,위치 / 담당자 / 제공기관 / 자료기간 / 자료 범위 / 이용조건,,자료정보·이용조건,KEEP,,states the data and its reading in reader-facing Korean
E-003,녹색기후기금 국가지정기관의 기관별 공개 정보,분류가 확인된 8건을 기준으로 계산했습니다.,소속·기관 / 연락처 / 소속·기관 / 연락처 / 소속·기관 / 연락처,역할전체NDA 대표(National Designated Authority)NDA 부대표(Deputy)Operational Focal Point직접접근 인증기관(DAE) 담당,자료정보·이용조건,KEEP,,states the data and its reading in reader-facing Korean
E-004,국제기구 현지사무소의 기관별 공개 정보,분류가 확인된 19건을 기준으로 계산했습니다.,주요 업무 / 위치 / 담당자 / 연락처 / 주요 업무 / 연락처,"도시전체HanoiHanoi; Ho Chi Minh City / 자료 상태전체보완(2026-08-14)수집현황현지조사 / 연락 유형전체기관장·대표기후·에너지 담당 부서·프로그램 대표대표 창구(일반) / 기관 유형전체국제기구(기타)다자개발은행양자 원조기관양자개발협력기관외교공관유엔기구 / 상태전체미설치종료(2025-07-01 업무 종료, 잔여 대외원조 기능 미 국무부 이관)현행",자료정보·이용조건,KEEP,,states the data and its reading in reader-facing Korean
E-005,대학·연구기관·시민사회의 기관별 공개 정보,분류가 확인된 20건을 기준으로 계산했습니다. 차트에는 상위 8개 항목을 표시합니다.,위치 / 연락처 / 위치 / 연락처 / 위치 / 연락처,"도시전체Can ThoHanoiHanoi 외 8개 지역Ho Chi Minh CityHue / 기관 유형전체NGONGO(국제)국제 NGO 대표사무소네트워크(NGO 연합)대학대학 부설 연구소대학(연구그룹)대학(학부)싱크탱크연구기관(국가 아카데미)연구소 / 지역·대상 선택지도 또는 목록에서 선택Faculty of Environment, University of Science (VNU-HCM)PanNature (People and Nature Reconciliation)Vietnam Sustainable Energy Alliance (VSEA)CHANGE (환경개발행동연대센터)Institute of Science and Technology for Energy and Environment (ISTEE), Vietnam Academy of Science and Technology (VAST)Vietnam Institute of Meteorology, Hydrology and Climate Change (IMHEN)World Resources Institute Viet Nam (WRI Viet Nam)Institute of Energy (IE/IEVN, MOIT 산하)DRAGON-Mekong Institute, Can Tho UniversityVNU Central Institute for Natural Resources and Environmental Studies (VNU-CRES)WWF-Viet NamCentre for Social Research and Development (CSRD)Thuyloi University (TLU)Centre for Energy and Green Growth Research (CEGR)HUST 에너지·환경·기후변화 연구그룹 (환경과학기술과)VNU University of Science (VNU-HUS)Vietnam Academy of Science and Technology (VAST)Green Innovation and Development Centre (GreenID)Institute for Environment and Resources (IER), VNU-HCMLive & Learn Vietnam (Thế Hệ Xanh)",자료정보·이용조건,KEEP,,states the data and its reading in reader-facing Korean
E-006,현지 투자자 네트워크의 기관별 공개 정보,"기관 수 15곳 가운데 베트남에 사무소를 둔 8곳은 도시 단위로 지도에 표시하고, 본부만 확인되는 7곳은 베트남 투자 실적이 있는 해외 소재 기관으로 따로 둡니다. 기관을 누르면 카드가 열립니다.",제공기관 / 자료기간 / 단위 / 자료 범위 / 이용조건,,자료정보·이용조건,KEEP,,states the data and its reading in reader-facing Korean
E-007,온실가스 산정·보고·검증 체계의 항목별 공개 현황,출처 UNFCCC 외 · 자료기간 2021~2026 · 단위 제출 여부(제출/미제출) · 유무(Y/N) · 등급(Tier) 외 1종,제공기관 / 자료기간 / 단위 / 자료 범위 / 이용조건,분류전체검증대상등록부보고인벤토리제도탄소시장 / 검색어,자료정보·이용조건,KEEP,,states the data and its reading in reader-facing Korean
E-009,STEM 졸업 비중과 연구자 규모,각 성별 고등교육 졸업자 중 과학·기술·공학·수학 전공자가 차지하는 비율입니다. STEM 졸업자의 남녀 구성비가 아니므로 합계가 100%가 되지 않습니다.,제공기관 / 자료기간 / 단위 / 자료 범위 / 이용조건,,자료정보·이용조건,KEEP,,states the data and its reading in reader-facing Korean
E-010,연구개발·혁신 역량의 수준과 장기 변화,세부 분류GDP 대비 R&D 총지출 비율,제공기관 / 자료기간 / 단위 / 자료 범위 / 이용조건,항목GERD · %GERD · USDGII 2025 · 순위GII 2025 · 점수 / 연도20232021201920172015201320112002,자료정보·이용조건,KEEP,,states the data and its reading in reader-facing Korean
E-011,기술준비수준 입력 준비 상태,데이터 준비 중 — 자료가 입고되면 분석 화면을 제공합니다.,제공기관 / 단위 / 자료 범위,,자료정보·이용조건,KEEP,,states the data and its reading in reader-facing Korean
E-012,직군·성별에 따른 고용과 임금,"항목, 직군, 성별과 기준연도를 분리해 자료의 분류를 그대로 확인합니다.",제공기관 / 자료기간 / 단위 / 자료 범위 / 이용조건,항목종사자 수고용 구성비직군 내 여성 비중월평균 임금 / 성별전체남성 · 원자료 없음여성 · 원자료 없음 / 기준연도2024년2023년,자료정보·이용조건,KEEP,,states the data and its reading in reader-facing Korean
E-013,운영·유지보수 역량 입력 양식,데이터 준비 중 — 자료가 입고되면 분석 화면을 제공합니다.,제공기관 / 단위 / 자료 범위,,자료정보·이용조건,KEEP,,states the data and its reading in reader-facing Korean
E-014,기후·녹색성장 양자협정의 항목별 공개 현황,"운영 중 — 40건 이상 저탄소 사업 승인, 1만 tCO2e 이상 JCM 크레딧 발행·양국 배분",제공기관 / 자료기간 / 단위 / 자료 범위 / 이용조건,"협정 유형전체공동크레딧제도(JCM) — 양자 탄소상쇄 협정(파리협정 6.2조 ITMO 전신)기후변화 협력 공동위원회(JWG)기후변화 협력 기본협정 (파리협정 6.2조 근거)원전 개발 협력 MOU (한국전력공사–베트남 국가산업에너지공사 PVN)원전 금융 협력 MOU (한국수출입은행·한국무역보험공사)원전 분야 인력양성 협력 MOU정의로운 에너지전환 파트너십(JETP) 정치선언 — 다자 재원·에너지전환 협정(155억 USD)탄소크레딧 협력 이행협정(IA, 파리협정 제6조)파리협정 제6.2조 이행 MOU(ITMO)한-베트남 포괄적 전략 동반자 관계 심화를 위한 공동성명 / 상태전체발효운영 중운영 중 — 40건 이상 저탄소 사업 승인, 1만 tCO2e 이상 JCM 크레딧 발행·양국 배분이행 준비 — 이중계상 방지를 위한 상응조정(CA) 법적 구속 규칙 수립 중이행 중 — JETP 사무국 농업환경부(구 MONRE) 산하 운영(Decision 1002/QD-TTg), 우선사업 파이프라인 확정이행협정 체결 완료 — 싱가포르 지속가능환경부 장관(Grace Fu), 베트남 농업환경부 장관대행(Tran Duc Thang) 서명(화상)채택 — 또 럼 당서기장 국빈 방한 계기 정상회담 결과체결체결 — 베트남 측(PVN) 요청으로 성사체결 — 한국 측 요청으로 성사",자료정보·이용조건,KEEP,,states the data and its reading in reader-facing Korean
E-015,NDC 파트너십 참여의 항목별 공개 현황,"출처 NDC Partnership, Global Green Growth Institute (GGGI), Global Methane Pledge, IRENA — 각 기구 공식 회원·참여국 정보 · 자료기간 2026 · 단위 회원 여부(Y/N)",제공기관 / 자료기간 / 단위 / 자료 범위 / 이용조건,검색어,자료정보·이용조건,KEEP,,states the data and its reading in reader-facing Korean
E-018,한국 기업의 현지 진출의 규모와 분야별 분포,전체 자료 · 수록 기업 24건 / 전체 24건아래 현황·차트·목록에 같은 조건이 적용됩니다.,분야·유형 / 기간 / 분야·유형 / 분야·유형 / 기간 / 분야·유형,검색어 / 업종·진출형태전체바이오매스 발전·옥상태양광·탄소크레딧산림탄소(REDD+)수처리수처리(산업폐수·하수)수처리(하수처리시설)에너지효율(가스복합화력)에너지효율(전력기기·배전반)전력전력·가스(LNG)전력·에너지효율전력(발전설비)전력(전력기기)전력(화력·원전)전력(LNG)전력(LNG)/태양광제조(풍력)폐기물폐기물·산업단지해상풍력 BoP·복합 토목 인프라·해저 연계케이블RE(태양광)RE(C&I 옥상태양광)·LNG 터미널·그린수소,자료정보·이용조건,KEEP,,states the data and its reading in reader-facing Korean
E-019,한국 기관 현지사무소의 기관별 공개 정보,분류가 확인된 6건을 기준으로 계산했습니다.,주요 업무 / 위치 / 연락처 / 주요 업무 / 위치 / 연락처,도시전체HanoiHo Chi Minh City / 지역·대상 선택지도 또는 목록에서 선택KOICA 베트남사무소KOTRA 하노이 무역관KOTRA 호치민 무역관한국무역협회(KITA) 호치민지부한국수출입은행 하노이 대표사무소한국환경산업기술원(KEITI) 베트남사무소,자료정보·이용조건,KEEP,,states the data and its reading in reader-facing Korean
E-020,한국의 공공·민간 지원제도의 규모와 분야별 분포,전체 자료 · 활용 사례 7건 / 전체 7건아래 현황·차트·목록에 같은 조건이 적용됩니다.,기관·재원 / 분야·유형 / 지원 대상 / 기간 / 기관·재원 / 분야·유형,지원 유형전체FS·기초조사FS·마스터플랜 수립금융·투자현지사업화·수주지원 / 검색어 / 지원유형·지원기관전체금융·투자현지사업화·수주지원FS·기초조사FS·마스터플랜 수립,자료정보·이용조건,KEEP,,states the data and its reading in reader-facing Korean
