route,surface,text,decision,replacement,reason
download,BUTTON,개도국 전략지도국가녹색기술연구소 · 기후기술 협력 데이터,KEEP,,states the data and its reading in reader-facing Korean
download,BUTTON,데이터 찾기,KEEP,,states the data and its reading in reader-facing Korean
download,BUTTON,데이터 지도,KEEP,,states the data and its reading in reader-facing Korean
download,BUTTON,데이터 다운로드,KEEP,,states the data and its reading in reader-facing Korean
download,BUTTON,⌕검색Ctrl K,KEEP,,states the data and its reading in reader-facing Korean
download,H1,데이터 다운로드,KEEP,,states the data and its reading in reader-facing Korean
download,P,필요한 데이터를 선택해 CSV 또는 JSON으로 내려받을 수 있습니다,KEEP,,states the data and its reading in reader-facing Korean
download,BUTTON,CSV,KEEP,,states the data and its reading in reader-facing Korean
download,BUTTON,JSON,KEEP,,states the data and its reading in reader-facing Korean
download,H2,1. 데이터 선택,KEEP,,states the data and its reading in reader-facing Korean
download,LABEL,검색,KEEP,,states the data and its reading in reader-facing Korean
download,LABEL,국가전체베트남,KEEP,,states the data and its reading in reader-facing Korean
download,LABEL,대분류전체국가 기본 정보기후 환경정책·제도시장·산업 및 재원협력·실행 기반,KEEP,,states the data and its reading in reader-facing Korean
download,LABEL,부패인식지수(CPI) 선택,KEEP,,states the data and its reading in reader-facing Korean
download,BUTTON,CPI,KEEP,,states the data and its reading in reader-facing Korean
download,LABEL,국가 정책·제도 평가(CPIA) 선택,KEEP,,states the data and its reading in reader-facing Korean
download,BUTTON,CPIA,KEEP,,states the data and its reading in reader-facing Korean
download,LABEL,국내총생산 및 경제성장 선택,KEEP,,states the data and its reading in reader-facing Korean
download,LABEL,빈곤율 및 극빈곤율 선택,KEEP,,states the data and its reading in reader-facing Korean
download,LABEL,산업구조 선택,KEEP,,states the data and its reading in reader-facing Korean
download,LABEL,고용 및 실업 선택,KEEP,,states the data and its reading in reader-facing Korean
download,LABEL,인구 및 도시화 선택,KEEP,,states the data and its reading in reader-facing Korean
download,LABEL,소득 불평등(지니계수) 선택,KEEP,,states the data and its reading in reader-facing Korean
download,LABEL,온실가스 배출집약도 선택,KEEP,,states the data and its reading in reader-facing Korean
download,BUTTON,JRC,KEEP,,states the data and its reading in reader-facing Korean
download,BUTTON,EDGAR,KEEP,,states the data and its reading in reader-facing Korean
download,LABEL,온실가스 종류별 배출량 선택,KEEP,,states the data and its reading in reader-facing Korean
download,BUTTON,JRC,KEEP,,states the data and its reading in reader-facing Korean
download,BUTTON,EDGAR,KEEP,,states the data and its reading in reader-facing Korean
download,LABEL,부문별 온실가스 배출량 선택,KEEP,,states the data and its reading in reader-facing Korean
download,BUTTON,JRC,KEEP,,states the data and its reading in reader-facing Korean
download,BUTTON,EDGAR,KEEP,,states the data and its reading in reader-facing Korean
download,LABEL,온실가스 총배출량 선택,KEEP,,states the data and its reading in reader-facing Korean
download,BUTTON,JRC,KEEP,,states the data and its reading in reader-facing Korean
download,BUTTON,EDGAR,KEEP,,states the data and its reading in reader-facing Korean
download,LABEL,NDC와 지속가능발전목표 연계 선택,KEEP,,states the data and its reading in reader-facing Korean
download,BUTTON,NDC,KEEP,,states the data and its reading in reader-facing Korean
download,LABEL,지속가능발전목표 지수 선택,KEEP,,states the data and its reading in reader-facing Korean
download,BUTTON,SDSN,KEEP,,states the data and its reading in reader-facing Korean
download,LABEL,지속가능발전목표 세부 달성도 선택,KEEP,,states the data and its reading in reader-facing Korean
download,BUTTON,SDSN,KEEP,,states the data and its reading in reader-facing Korean
download,LABEL,1차 에너지 소비구조 선택,KEEP,,states the data and its reading in reader-facing Korean
download,LABEL,발전원별 균등화 발전비용 선택,KEEP,,states the data and its reading in reader-facing Korean
download,LABEL,발전설비 용량 선택,KEEP,,states the data and its reading in reader-facing Korean
download,BUTTON,IRENA,KEEP,,states the data and its reading in reader-facing Korean
download,LABEL,송배전 손실률 선택,KEEP,,states the data and its reading in reader-facing Korean
download,LABEL,재생에너지 비중 선택,KEEP,,states the data and its reading in reader-facing Korean
download,BUTTON,IRENA,KEEP,,states the data and its reading in reader-facing Korean
download,LABEL,전력 접근률 선택,KEEP,,states the data and its reading in reader-facing Korean
download,LABEL,정전 빈도와 지속시간 선택,KEEP,,states the data and its reading in reader-facing Korean
download,BUTTON,EVN,KEEP,,states the data and its reading in reader-facing Korean
download,LABEL,발전소 현황 선택,KEEP,,states the data and its reading in reader-facing Korean
download,LABEL,베트남 송전망 선택,KEEP,,states the data and its reading in reader-facing Korean
download,LABEL,탄소포집·저장 시설 선택,KEEP,,states the data and its reading in reader-facing Korean
download,LABEL,건물 분포 선택,KEEP,,states the data and its reading in reader-facing Korean
download,LABEL,육상교통 인프라 선택,KEEP,,states the data and its reading in reader-facing Korean
download,LABEL,해안·수자원 인프라 선택,KEEP,,states the data and its reading in reader-facing Korean
download,LABEL,자유무역협정 체결 현황 선택,KEEP,,states the data and its reading in reader-facing Korean
download,BUTTON,WTO,KEEP,,states the data and its reading in reader-facing Korean
download,BUTTON,VCCI,KEEP,,states the data and its reading in reader-facing Korean
download,LABEL,한국과의 교역 규모 선택,KEEP,,states the data and its reading in reader-facing Korean
download,LABEL,물류성과지수 선택,KEEP,,states the data and its reading in reader-facing Korean
download,LABEL,중간재 교역 규모 선택,KEEP,,states the data and its reading in reader-facing Korean
download,BUTTON,OECD,KEEP,,states the data and its reading in reader-facing Korean
download,LABEL,해운 연결성 선택,KEEP,,states the data and its reading in reader-facing Korean
download,BUTTON,UNCTAD,KEEP,,states the data and its reading in reader-facing Korean
download,LABEL,건기와 우기 선택,KEEP,,states the data and its reading in reader-facing Korean
download,BUTTON,CCKP,KEEP,,states the data and its reading in reader-facing Korean
download,BUTTON,CRU,KEEP,,states the data and its reading in reader-facing Korean
download,LABEL,기후대 선택,KEEP,,states the data and its reading in reader-facing Korean
download,LABEL,평균 기온과 강수량 선택,KEEP,,states the data and its reading in reader-facing Korean
download,BUTTON,CCKP,KEEP,,states the data and its reading in reader-facing Korean
download,BUTTON,CRU,KEEP,,states the data and its reading in reader-facing Korean
download,LABEL,과거·미래 기후전망(CMIP6) 선택,KEEP,,states the data and its reading in reader-facing Korean
download,BUTTON,CMIP6,KEEP,,states the data and its reading in reader-facing Korean
download,BUTTON,ESMAP,KEEP,,states the data and its reading in reader-facing Korean
download,LABEL,가뭄 위험 선택,KEEP,,states the data and its reading in reader-facing Korean
download,BUTTON,ERA5,KEEP,,states the data and its reading in reader-facing Korean
download,LABEL,폭염 위험 선택,KEEP,,states the data and its reading in reader-facing Korean
download,BUTTON,CCKP,KEEP,,states the data and its reading in reader-facing Korean
download,BUTTON,CMIP6,KEEP,,states the data and its reading in reader-facing Korean
download,LABEL,홍수·호우 위험 선택,KEEP,,states the data and its reading in reader-facing Korean
download,BUTTON,CCKP,KEEP,,states the data and its reading in reader-facing Korean
download,BUTTON,CMIP6,KEEP,,states the data and its reading in reader-facing Korean
download,LABEL,해수면 상승 전망 선택,KEEP,,states the data and its reading in reader-facing Korean
download,BUTTON,IPCC,KEEP,,states the data and its reading in reader-facing Korean
download,BUTTON,AR6,KEEP,,states the data and its reading in reader-facing Korean
download,BUTTON,NASA,KEEP,,states the data and its reading in reader-facing Korean
download,BUTTON,IPCC,KEEP,,states the data and its reading in reader-facing Korean
download,LABEL,생물다양성·기후 위험 선택,KEEP,,states the data and its reading in reader-facing Korean
download,BUTTON,ND-GAIN,KEEP,,states the data and its reading in reader-facing Korean
download,LABEL,기후위험지수 선택,KEEP,,states the data and its reading in reader-facing Korean
download,LABEL,기후취약성지수 선택,KEEP,,states the data and its reading in reader-facing Korean
download,BUTTON,ND-GAIN,KEEP,,states the data and its reading in reader-facing Korean
download,LABEL,재해·재난 이력 선택,KEEP,,states the data and its reading in reader-facing Korean
download,BUTTON,EM-DAT,KEEP,,states the data and its reading in reader-facing Korean
download,LABEL,탄소국경조정제도 영향 선택,KEEP,,states the data and its reading in reader-facing Korean
download,BUTTON,CBAM,KEEP,,states the data and its reading in reader-facing Korean
download,LABEL,탄소세 도입 효과 전망 선택,KEEP,,states the data and its reading in reader-facing Korean
download,BUTTON,CCDR,KEEP,,states the data and its reading in reader-facing Korean
download,LABEL,탄소가격 수준 선택,KEEP,,states the data and its reading in reader-facing Korean
download,LABEL,화석연료 의존도 선택,KEEP,,states the data and its reading in reader-facing Korean
download,LABEL,물 스트레스 선택,KEEP,,states the data and its reading in reader-facing Korean
download,BUTTON,FAO,KEEP,,states the data and its reading in reader-facing Korean
download,BUTTON,AQUASTAT,KEEP,,states the data and its reading in reader-facing Korean
download,BUTTON,SDG,KEEP,,states the data and its reading in reader-facing Korean
download,LABEL,장기 국내총생산 전망 선택,KEEP,,states the data and its reading in reader-facing Korean
download,BUTTON,IIASA,KEEP,,states the data and its reading in reader-facing Korean
download,BUTTON,SSP,KEEP,,states the data and its reading in reader-facing Korean
download,LABEL,장기 인구 전망 선택,KEEP,,states the data and its reading in reader-facing Korean
download,BUTTON,IIASA,KEEP,,states the data and its reading in reader-facing Korean
download,BUTTON,SSP,KEEP,,states the data and its reading in reader-facing Korean
download,BUTTON,IIASA,KEEP,,states the data and its reading in reader-facing Korean
download,LABEL,복합 위험지수 선택,KEEP,,states the data and its reading in reader-facing Korean
download,BUTTON,EU,KEEP,,states the data and its reading in reader-facing Korean
download,BUTTON,JRC,KEEP,,states the data and its reading in reader-facing Korean
download,BUTTON,INFORM,KEEP,,states the data and its reading in reader-facing Korean
download,LABEL,취약성지수 선택,KEEP,,states the data and its reading in reader-facing Korean
download,BUTTON,GDL,KEEP,,states the data and its reading in reader-facing Korean
download,LABEL,기후피해의 경제적 비용 선택,KEEP,,states the data and its reading in reader-facing Korean
