pageType,route,surface,text,decision,replacement,reason
finder,A-016,finder-card,에너지원별 소비량·구성비와 연도별 변화,KEEP,,states the data and its reading in reader-facing Korean
finder,B-005,finder-card,지역별 건조일수·가뭄지수와 시나리오별 변화,KEEP,,states the data and its reading in reader-facing Korean
finder,D-005,finder-card,기후예산의 적응·감축 배분 구성,KEEP,,states the data and its reading in reader-facing Korean
finder,D-011,finder-card,공여국별 개발원조 규모·비중과 연도별 변화,KEEP,,states the data and its reading in reader-facing Korean
finder,D-022,finder-card,사업별 분야·투자 약정액과 연도 분포,KEEP,,states the data and its reading in reader-facing Korean
finder,B-023,finder-card,관측지점별 건기·우기 유량과 동일 조건 비교,KEEP,,states the data and its reading in reader-facing Korean
finder,B-001,finder-card,월별 평년 강수량과 계절 간 차이,KEEP,,states the data and its reading in reader-facing Korean
finder,A-026,finder-card,건물 공간자료의 제공 범위와 활용 조건,KEEP,,states the data and its reading in reader-facing Korean
finder,C-002,finder-card,격년투명성보고서의 배출·이행·지원 현황 등,KEEP,,states the data and its reading in reader-facing Korean
finder,D-012,finder-card,경쟁국 기업의 진출 분야·사업·투자 현황,KEEP,,states the data and its reading in reader-facing Korean
finder,A-006,finder-card,전체·청년 실업률과 성별·연도별 차이,KEEP,,states the data and its reading in reader-facing Korean
finder,B-004,finder-card,기후 시나리오·지역·기간별 기후변수 전망,KEEP,,states the data and its reading in reader-facing Korean
finder,E-009,finder-card,과학기술 인력·연구자 관련 지표 비교,KEEP,,states the data and its reading in reader-facing Korean
finder,B-046,finder-card,광종별 확인·추정 매장량,KEEP,,states the data and its reading in reader-facing Korean
finder,B-047,finder-card,광종별 연간 광산 생산 실적,KEEP,,states the data and its reading in reader-facing Korean
finder,B-045,finder-card,광물 생산·매장 관련 세계 비중과 순위,KEEP,,states the data and its reading in reader-facing Korean
finder,A-002,finder-card,거버넌스 6개 영역의 수준과 연도별 변화,KEEP,,states the data and its reading in reader-facing Korean
finder,C-001,finder-card,감축목표·기준배출량·부문별 전략 등,KEEP,,states the data and its reading in reader-facing Korean
finder,C-003,finder-card,국가적응계획의 우선 분야·조치·이행체계 등,KEEP,,states the data and its reading in reader-facing Korean
finder,A-003,finder-card,국내총생산·1인당 소득·경제성장률 변화,KEEP,,states the data and its reading in reader-facing Korean
finder,C-008,finder-card,국제 기후협력 이니셔티브의 분야·참여기관,KEEP,,states the data and its reading in reader-facing Korean
finder,E-004,finder-card,국제기구 현지사무소의 위치·협력 분야,KEEP,,states the data and its reading in reader-facing Korean
finder,D-021,finder-card,국제기구·개발은행 지원 활동의 분야·규모 등,KEEP,,states the data and its reading in reader-facing Korean
finder,D-023,finder-card,기후기금별 승인 재원·공동재원과 사업 구성,KEEP,,states the data and its reading in reader-facing Korean
finder,E-012,finder-card,직군·성별 고용 규모와 임금 차이,KEEP,,states the data and its reading in reader-facing Korean
finder,E-011,finder-card,기술성숙도 자료 제공 현황,KEEP,,states the data and its reading in reader-facing Korean
finder,D-006,finder-card,환경보호세 등 세목별 세수와 연도별 변화,KEEP,,states the data and its reading in reader-facing Korean
finder,E-014,finder-card,협정 유형별 체결국·대상 분야·이행 상태,KEEP,,states the data and its reading in reader-facing Korean
finder,E-008,finder-card,기후기술 연구 성과와 연구기관별 비교,KEEP,,states the data and its reading in reader-facing Korean
finder,C-005,finder-card,기술수요평가의 우선 기술·이전 장벽·실행계획,KEEP,,states the data and its reading in reader-facing Korean
finder,B-002,finder-card,기후대별 면적과 분포 구성,KEEP,,states the data and its reading in reader-facing Korean
finder,D-009,finder-card,기후대응 정부예산의 규모·비중·기준기간,KEEP,,states the data and its reading in reader-facing Korean
finder,C-009,finder-card,기후 관련 법령·지방계획과 적용지역·시행기간,KEEP,,states the data and its reading in reader-facing Korean
finder,D-007,finder-card,기후예산 분류·태깅 제도의 도입 현황,KEEP,,states the data and its reading in reader-facing Korean
finder,B-010,finder-card,기후재해 영향에 따른 국가 위험 순위,KEEP,,states the data and its reading in reader-facing Korean
finder,B-011,finder-card,기후 취약성·대응 준비도와 연도별 변화,KEEP,,states the data and its reading in reader-facing Korean
finder,B-022,finder-card,기후변화에 따른 경제적 피해 전망,KEEP,,states the data and its reading in reader-facing Korean
finder,E-003,finder-card,국가지정기관의 역할과 협력 창구,KEEP,,states the data and its reading in reader-facing Korean
finder,D-020,finder-card,녹색기후기금 사업의 승인액·분야·진행 상태 등,KEEP,,states the data and its reading in reader-facing Korean
finder,D-013,finder-card,녹색성장지수의 영역별 수준 비교,KEEP,,states the data and its reading in reader-facing Korean
finder,B-024,finder-card,전체 취수량 중 농업 취수 비율과 변화,KEEP,,states the data and its reading in reader-facing Korean
finder,D-001,finder-card,기술별 설비투자비와 투자비 범위,KEEP,,states the data and its reading in reader-facing Korean
finder,D-014,finder-card,대외경제협력기금 사업의 분야·금액·진행 상태,KEEP,,states the data and its reading in reader-facing Korean
finder,E-005,finder-card,대학·연구기관·시민단체의 위치·전문 분야·역량,KEEP,,states the data and its reading in reader-facing Korean
finder,B-017,finder-card,평가구역별 물 부족 위험과 위험등급 분포,KEEP,,states the data and its reading in reader-facing Korean
finder,A-031,finder-card,통관·인프라 등 분야별 점수와 연도별 변화,KEEP,,states the data and its reading in reader-facing Korean
finder,D-025,finder-card,민간 인프라 사업의 분야·투자액·계약 형태,KEEP,,states the data and its reading in reader-facing Korean
finder,C-012,finder-card,민관협력 제도·조달 방식과 지역별 사업 이력,KEEP,,states the data and its reading in reader-facing Korean
finder,B-038,finder-card,바이오매스·폐기물 자원 관련 지표와 변화,KEEP,,states the data and its reading in reader-facing Korean
finder,A-018,finder-card,발전기술별 설비용량과 구성 변화,KEEP,,states the data and its reading in reader-facing Korean
finder,A-023,finder-card,발전소 위치·발전원·설비용량 비교,KEEP,,states the data and its reading in reader-facing Korean
finder,A-017,finder-card,발전기술별 균등화 발전비용과 비용 범위,KEEP,,states the data and its reading in reader-facing Korean
finder,A-024,finder-card,송전선 경로·전압과 전력망 확충계획,KEEP,,states the data and its reading in reader-facing Korean
finder,D-024,finder-card,벤처·임팩트 투자의 투자자·대상·투자 단계,KEEP,,states the data and its reading in reader-facing Korean
finder,B-020,finder-card,재해 위험·취약성·대응역량 지표 비교,KEEP,,states the data and its reading in reader-facing Korean
finder,A-011,finder-card,발전·산업·농업 등 부문 구성과 연도별 변화,KEEP,,states the data and its reading in reader-facing Korean
finder,A-001,finder-card,부패인식지수 점수와 국가 순위 변화,KEEP,,states the data and its reading in reader-facing Korean
finder,A-004,finder-card,빈곤 기준별 인구 비중과 연도별 변화,KEEP,,states the data and its reading in reader-facing Korean
finder,C-014,finder-card,사업 인허가 절차·소요 기간·비용 등,KEEP,,states the data and its reading in reader-facing Korean
finder,B-029,finder-card,성·시별 산림 유형과 유형별 면적,KEEP,,states the data and its reading in reader-facing Korean
finder,B-030,finder-card,성·시별 기준기간 내 산림 증가량,KEEP,,states the data and its reading in reader-facing Korean
finder,B-031,finder-card,성·시별 산림면적과 지역 간 차이,KEEP,,states the data and its reading in reader-facing Korean
finder,C-024,finder-card,산림보전·배출감축 사업과 참여지역,KEEP,,states the data and its reading in reader-facing Korean
finder,A-005,finder-card,산업별 부가가치 비중과 구성 변화,KEEP,,states the data and its reading in reader-facing Korean
finder,B-009,finder-card,위험 지수 수준과 연도별 변화,KEEP,,states the data and its reading in reader-facing Korean
finder,A-008,finder-card,소비지출 기준 소득 불평등 수준과 연도별 변화,KEEP,,states the data and its reading in reader-facing Korean
finder,A-019,finder-card,송배전 과정의 전력 손실 비중과 변화,KEEP,,states the data and its reading in reader-facing Korean
finder,B-032,finder-card,성·시별 나무 덮임 비율과 지역 간 차이,KEEP,,states the data and its reading in reader-facing Korean
finder,B-039,finder-card,성·시별 이론 총잠재량 비교,KEEP,,states the data and its reading in reader-facing Korean
finder,D-002,finder-card,시장 성장 전망과 기준기간,KEEP,,states the data and its reading in reader-facing Korean
finder,B-033,finder-card,성·시별 수관 손실 면적과 누적 변화,KEEP,,states the data and its reading in reader-facing Korean
finder,E-010,finder-card,연구개발 지출과 혁신 수준의 연도별 변화,KEEP,,states the data and its reading in reader-facing Korean
finder,D-003,finder-card,기술·설비 규모별 예상 온실가스 감축량,KEEP,,states the data and its reading in reader-facing Korean
finder,C-020,finder-card,온실가스 감축사업 타당성 자료 제공 현황,KEEP,,states the data and its reading in reader-facing Korean
finder,A-009,finder-card,경제 규모·인구 대비 온실가스 배출 강도,KEEP,,states the data and its reading in reader-facing Korean
finder,E-007,finder-card,온실가스 측정·보고·검증 체계의 운영 현황,KEEP,,states the data and its reading in reader-facing Korean
finder,A-010,finder-card,가스별 구성비와 1970년 이후 변화,KEEP,,states the data and its reading in reader-facing Korean
finder,A-012,finder-card,토지이용 부문을 제외한 온실가스 총배출량 변화,KEEP,,states the data and its reading in reader-facing Korean
finder,C-013,finder-card,외국인 투자 조건·지역별 인센티브·적용범위,KEEP,,states the data and its reading in reader-facing Korean
finder,E-013,finder-card,O&M 인력·부품·정비 체계 자료 제공 현황,KEEP,,states the data and its reading in reader-facing Korean
finder,B-025,finder-card,주요 하천유역별 국경 내·전체 면적 비교,KEEP,,states the data and its reading in reader-facing Korean
finder,B-026,finder-card,수계 흐름의 방향·공간자료와 관련 지표,KEEP,,states the data and its reading in reader-facing Korean
finder,A-027,finder-card,도로·철도 인프라의 공개 현황과 자료 범위,KEEP,,states the data and its reading in reader-facing Korean
finder,A-007,finder-card,인구 규모·도시화율과 연도별 변화,KEEP,,states the data and its reading in reader-facing Korean
finder,C-021,finder-card,자발적 탄소시장 사업 자료 제공 현황,KEEP,,states the data and its reading in reader-facing Korean
finder,A-029,finder-card,자유무역협정 체결·발효 현황,KEEP,,states the data and its reading in reader-facing Korean
finder,B-018,finder-card,사회경제 시나리오별 국내총생산 전망,KEEP,,states the data and its reading in reader-facing Korean
finder,B-019,finder-card,사회경제 시나리오별 인구 전망,KEEP,,states the data and its reading in reader-facing Korean
finder,C-004,finder-card,장기 저탄소발전전략과 부문별 전환계획,KEEP,,states the data and its reading in reader-facing Korean
finder,C-016,finder-card,지역·기술·기간별 재생에너지 계획용량,KEEP,,states the data and its reading in reader-facing Korean
finder,A-020,finder-card,설비용량 기준 비중과 연도별 변화,KEEP,,states the data and its reading in reader-facing Korean
finder,C-017,finder-card,재생에너지 인센티브의 유형·대상·적용 조건,KEEP,,states the data and its reading in reader-facing Korean
finder,B-012,finder-card,재해 유형·발생 시기·영향지역과 피해 규모,KEEP,,states the data and its reading in reader-facing Korean
finder,D-018,finder-card,적응기금 사업의 승인액·활동지역·진행 상태,KEEP,,states the data and its reading in reader-facing Korean
finder,A-021,finder-card,전기 접근 인구 비율과 도농 간 차이,KEEP,,states the data and its reading in reader-facing Korean
finder,D-016,finder-card,부처·지자체 개발협력 사업의 분야·기간·규모,KEEP,,states the data and its reading in reader-facing Korean
finder,A-022,finder-card,고객당 정전 횟수·지속시간과 연도별 변화,KEEP,,states the data and its reading in reader-facing Korean
finder,C-015,finder-card,정책·제도별 공식 문서와 원문 출처,KEEP,,states the data and its reading in reader-facing Korean
finder,D-026,finder-card,정치적 위험 보증사업의 보증액·유형·기간,KEEP,,states the data and its reading in reader-facing Korean
finder,D-008,finder-card,공개 지역·기관별 기후예산 규모와 비중,KEEP,,states the data and its reading in reader-facing Korean
finder,B-048,finder-card,위치가 확인된 주요 광산과 광종,KEEP,,states the data and its reading in reader-facing Korean
finder,A-032,finder-card,중간재 교역 비중과 연도별 변화,KEEP,,states the data and its reading in reader-facing Korean
finder,C-018,finder-card,전원별 계획용량·전력 수요·재생에너지 목표 등,KEEP,,states the data and its reading in reader-facing Korean
finder,A-015,finder-card,지속가능발전목표별 달성 수준 비교,KEEP,,states the data and its reading in reader-facing Korean
finder,A-014,finder-card,지속가능발전목표 종합점수와 연도별 변화,KEEP,,states the data and its reading in reader-facing Korean
finder,B-040,finder-card,성·시별 심도에 따른 지온 비교,KEEP,,states the data and its reading in reader-facing Korean
finder,B-027,finder-card,재생가능 지하수 자원량과 공개 자료 범위,KEEP,,states the data and its reading in reader-facing Korean
finder,B-021,finder-card,6개 권역의 취약성과 구성지표 비교,KEEP,,states the data and its reading in reader-facing Korean
finder,C-011,finder-card,여행경보·안전 공지·긴급 연락처 등,KEEP,,states the data and its reading in reader-facing Korean
finder,D-004,finder-card,탄소크레딧 가격 조건에 따른 수익성,KEEP,,states the data and its reading in reader-facing Korean
finder,B-034,finder-card,성·시별 산림탄소 저장·배출·흡수 비교,KEEP,,states the data and its reading in reader-facing Korean
finder,B-015,finder-card,탄소가격 제도·가격 수준과 대상 범위,KEEP,,states the data and its reading in reader-facing Korean
finder,B-013,finder-card,탄소국경조정제도의 산업별 영향 비교,KEEP,,states the data and its reading in reader-facing Korean
finder,B-014,finder-card,탄소세 도입에 따른 배출·경제·세수 영향,KEEP,,states the data and its reading in reader-facing Korean
finder,C-019,finder-card,탄소시장 제도와 지역별 인벤토리 의무 대상시설,KEEP,,states the data and its reading in reader-facing Korean
finder,C-022,finder-card,지역별 인벤토리 의무 대상시설의 업종 구성,KEEP,,states the data and its reading in reader-facing Korean
finder,C-025,finder-card,탄소크레딧 사업별 발행·소각 실적과 위치,KEEP,,states the data and its reading in reader-facing Korean
finder,A-025,finder-card,탄소포집·저장 시설·실증·후보지역 현황,KEEP,,states the data and its reading in reader-facing Korean
finder,B-041,finder-card,성·시별 일사량과 태양광 자원 비교,KEEP,,states the data and its reading in reader-facing Korean
finder,B-036,finder-card,토지 유형별 이용·피복 변화율 비교,KEEP,,states the data and its reading in reader-facing Korean
finder,B-037,finder-card,성·시별 토지피복 유형과 면적 구성,KEEP,,states the data and its reading in reader-facing Korean
finder,E-002,finder-card,국제감축 국가지정기관과 승인 절차,KEEP,,states the data and its reading in reader-facing Korean
finder,C-007,finder-card,비시장 접근법 참여 현황과 협력 활동,KEEP,,states the data and its reading in reader-facing Korean
finder,C-006,finder-card,국제감축 양자협정과 파리협정 제6조 이행체계,KEEP,,states the data and its reading in reader-facing Korean
finder,B-003,finder-card,성·시별 기온·강수량과 연도별 변화,KEEP,,states the data and its reading in reader-facing Korean
finder,B-006,finder-card,지역별 폭염·열대야 일수와 미래 전망,KEEP,,states the data and its reading in reader-facing Korean
finder,B-042,finder-card,측정 고도별 풍속·풍력밀도와 지역 차이,KEEP,,states the data and its reading in reader-facing Korean
finder,B-028,finder-card,관측지점별 유량 관측값과 전국 수자원 총량,KEEP,,states the data and its reading in reader-facing Korean
finder,C-023,finder-card,감축 비용 곡선 자료 제공 현황,KEEP,,states the data and its reading in reader-facing Korean
finder,D-015,finder-card,한국 개발원조 사업의 기관·분야·규모 등,KEEP,,states the data and its reading in reader-facing Korean
finder,E-019,finder-card,한국 기관 현지사무소의 위치·지원 업무,KEEP,,states the data and its reading in reader-facing Korean
finder,E-018,finder-card,한국 기업의 진출지역·기술 분야·사업 상태,KEEP,,states the data and its reading in reader-facing Korean
finder,E-017,finder-card,한국과 경쟁국의 기후기술 관련 지표 비교,KEEP,,states the data and its reading in reader-facing Korean
finder,E-016,finder-card,한국 기후기술의 기술성숙도와 근거 자료,KEEP,,states the data and its reading in reader-facing Korean
finder,D-017,finder-card,한국 개발협력사업 공고·입찰 일정·참여 조건,KEEP,,states the data and its reading in reader-facing Korean
finder,A-030,finder-card,한국과의 교역 규모와 연도별 변화,KEEP,,states the data and its reading in reader-facing Korean
finder,E-020,finder-card,한국 지원기관별 프로그램·지원 대상·신청 조건,KEEP,,states the data and its reading in reader-facing Korean
finder,B-008,finder-card,관측소·시나리오·기간별 해수면 상승 전망,KEEP,,states the data and its reading in reader-facing Korean
finder,A-028,finder-card,해안·수자원 인프라의 공개 현황과 자료 범위,KEEP,,states the data and its reading in reader-facing Korean
finder,A-033,finder-card,정기 컨테이너 항로 연결 수준과 분기별 변화,KEEP,,states the data and its reading in reader-facing Korean
finder,B-044,finder-card,광종별 자료 제공 여부와 주요 자원 현황,KEEP,,states the data and its reading in reader-facing Korean
finder,E-006,finder-card,현지 투자기관의 거점·투자 분야·협력 창구,KEEP,,states the data and its reading in reader-facing Korean
finder,B-007,finder-card,지역별 극한강수량·호우일수와 미래 전망,KEEP,,states the data and its reading in reader-facing Korean
finder,D-010,finder-card,화석연료 지원 총액과 연도별 변화,KEEP,,states the data and its reading in reader-facing Korean
finder,B-016,finder-card,화석연료가 차지하는 에너지 소비 비중 변화,KEEP,,states the data and its reading in reader-facing Korean
finder,B-043,finder-card,화석연료별 자원량·가채연수 비교,KEEP,,states the data and its reading in reader-facing Korean
finder,C-010,finder-card,환경규정의 적용지역·규제 내용·시행기간,KEEP,,states the data and its reading in reader-facing Korean
finder,E-001,finder-card,기후기술센터네트워크 국가지정기구와 협력 창구,KEEP,,states the data and its reading in reader-facing Korean
finder,D-019,finder-card,기후기술센터네트워크 기술지원 분야·단계·성과,KEEP,,states the data and its reading in reader-facing Korean
finder,B-035,finder-card,토지이용·산림 관련 면적 지표와 변화,KEEP,,states the data and its reading in reader-facing Korean
finder,E-015,finder-card,국가 온실가스 감축목표 파트너십 참여 현황,KEEP,,states the data and its reading in reader-facing Korean
finder,A-013,finder-card,국가 온실가스 감축목표와 지속가능발전목표의 연계,KEEP,,states the data and its reading in reader-facing Korean
detail,A-001,analysis,부패인식지수(CPI)의 수준과 장기 변화,KEEP,,states the data and its reading in reader-facing Korean
detail,A-002,analysis,거버넌스 여섯 부문의 수준과 장기 변화,KEEP,,states the data and its reading in reader-facing Korean
detail,A-003,analysis,국내총생산 및 경제성장의 추세와 최근 수준,KEEP,,states the data and its reading in reader-facing Korean
detail,A-004,analysis,빈곤율 및 극빈곤율의 추세와 최근 수준,KEEP,,states the data and its reading in reader-facing Korean
detail,A-005,analysis,산업구조의 항목별 비중과 연도별 흐름,KEEP,,states the data and its reading in reader-facing Korean
detail,A-006,analysis,전체·청년 실업률과 연도별 변화,KEEP,,states the data and its reading in reader-facing Korean
detail,A-007,analysis,인구 및 도시화의 추세와 최근 수준,KEEP,,states the data and its reading in reader-facing Korean
detail,A-008,analysis,소득 불평등(지니계수)의 수준과 장기 변화,KEEP,,states the data and its reading in reader-facing Korean
detail,A-009,analysis,온실가스 배출집약도의 추세와 최근 수준,KEEP,,states the data and its reading in reader-facing Korean
detail,A-010,analysis,온실가스 종류별 배출량의 항목별 비중과 연도별 흐름,KEEP,,states the data and its reading in reader-facing Korean
detail,A-011,analysis,부문별 온실가스 배출량의 항목별 비중과 연도별 흐름,KEEP,,states the data and its reading in reader-facing Korean
detail,A-012,analysis,온실가스 총배출량의 추세와 최근 수준,KEEP,,states the data and its reading in reader-facing Korean
detail,A-013,analysis,기후목표와 지속가능발전목표의 연결,KEEP,,states the data and its reading in reader-facing Korean
detail,A-014,analysis,지속가능발전목표 지수의 수준과 장기 변화,KEEP,,states the data and its reading in reader-facing Korean
detail,A-015,analysis,목표별 세부지표 달성도,KEEP,,states the data and its reading in reader-facing Korean
detail,A-016,analysis,1차 에너지 소비구조의 항목별 비중과 연도별 흐름,KEEP,,states the data and its reading in reader-facing Korean
detail,A-017,analysis,발전원별 비용 범위와 미래 전망,KEEP,,states the data and its reading in reader-facing Korean
detail,A-018,analysis,발전설비 용량의 항목별 비중과 연도별 흐름,KEEP,,states the data and its reading in reader-facing Korean
detail,A-019,analysis,송배전 손실률의 추세와 최근 수준,KEEP,,states the data and its reading in reader-facing Korean
detail,A-020,analysis,재생에너지 비중의 추세와 최근 수준,KEEP,,states the data and its reading in reader-facing Korean
detail,A-021,analysis,전력 접근률의 추세와 최근 수준,KEEP,,states the data and its reading in reader-facing Korean
detail,A-022,analysis,정전 빈도와 지속시간의 추세와 최근 수준,KEEP,,states the data and its reading in reader-facing Korean
detail,A-023,analysis,발전원별 시설 수·설비용량과 위치,KEEP,,states the data and its reading in reader-facing Korean
detail,A-024,analysis,베트남 송전망의 지역별 차이와 범위,KEEP,,states the data and its reading in reader-facing Korean
detail,A-025,analysis,CCS 실증·후보·연구 현황,KEEP,,states the data and its reading in reader-facing Korean
detail,A-026,analysis,건물 공간자료 제공 현황,KEEP,,states the data and its reading in reader-facing Korean
detail,A-027,analysis,육상교통 인프라의 지역별 차이와 범위,KEEP,,states the data and its reading in reader-facing Korean
detail,A-028,analysis,해안·수자원 인프라의 지역별 차이와 범위,KEEP,,states the data and its reading in reader-facing Korean
detail,A-029,analysis,자유무역협정 체결 현황의 주요 제도 변화,KEEP,,states the data and its reading in reader-facing Korean
detail,A-030,analysis,한국과의 수출·수입 및 교역 변화,KEEP,,states the data and its reading in reader-facing Korean
detail,A-031,analysis,물류성과지수의 수준과 장기 변화,KEEP,,states the data and its reading in reader-facing Korean
detail,A-032,analysis,중간재 무역 지표의 연도별 변화,KEEP,,states the data and its reading in reader-facing Korean
detail,A-033,analysis,해운 연결성의 수준과 장기 변화,KEEP,,states the data and its reading in reader-facing Korean
detail,B-001,analysis,월별 강수량·기온과 건기·우기,KEEP,,states the data and its reading in reader-facing Korean
detail,B-002,analysis,기후대의 지역별 차이와 범위,KEEP,,states the data and its reading in reader-facing Korean
detail,B-003,analysis,평균 기온과 강수량의 추세와 최근 수준,KEEP,,states the data and its reading in reader-facing Korean
detail,B-004,analysis,과거·미래 기후전망(CMIP6)의 시나리오·기간별 변화,KEEP,,states the data and its reading in reader-facing Korean
detail,B-005,analysis,가뭄 위험의 시나리오별 장기 전망,KEEP,,states the data and its reading in reader-facing Korean
detail,B-006,analysis,폭염 위험의 지역별 차이와 범위,KEEP,,states the data and its reading in reader-facing Korean
detail,B-007,analysis,홍수·호우 위험의 지역별 차이와 범위,KEEP,,states the data and its reading in reader-facing Korean
detail,B-008,analysis,해수면 상승 전망의 시나리오·기간별 변화,KEEP,,states the data and its reading in reader-facing Korean
detail,B-009,analysis,생물다양성·기후 위험의 항목별 공개 현황,KEEP,,states the data and its reading in reader-facing Korean
detail,B-010,analysis,기후위험지수의 항목별 공개 현황,KEEP,,states the data and its reading in reader-facing Korean
detail,B-011,analysis,기후취약성지수의 항목별 공개 현황,KEEP,,states the data and its reading in reader-facing Korean
detail,B-012,analysis,재해·재난 이력의 사건 유형과 발생 시기,KEEP,,states the data and its reading in reader-facing Korean
detail,B-013,analysis,탄소국경조정제도 영향의 항목별 공개 현황,KEEP,,states the data and its reading in reader-facing Korean
detail,B-014,analysis,탄소세 도입 효과 전망의 시나리오·기간별 변화,KEEP,,states the data and its reading in reader-facing Korean
detail,B-015,analysis,탄소가격 수준의 주요 제도 변화,KEEP,,states the data and its reading in reader-facing Korean
detail,B-016,analysis,화석연료 의존도의 추세와 최근 수준,KEEP,,states the data and its reading in reader-facing Korean
detail,B-017,analysis,물 스트레스의 지역별 차이와 범위,KEEP,,states the data and its reading in reader-facing Korean
detail,B-018,analysis,장기 국내총생산 전망의 시나리오·기간별 변화,KEEP,,states the data and its reading in reader-facing Korean
detail,B-019,analysis,장기 인구 전망의 시나리오·기간별 변화,KEEP,,states the data and its reading in reader-facing Korean
detail,B-020,analysis,복합 위험지수의 항목별 공개 현황,KEEP,,states the data and its reading in reader-facing Korean
detail,B-021,analysis,취약성지수의 항목별 공개 현황,KEEP,,states the data and its reading in reader-facing Korean
detail,B-022,analysis,기후피해의 경제적 비용의 항목별 공개 현황,KEEP,,states the data and its reading in reader-facing Korean
detail,B-023,analysis,관측지점별 건기·우기 유량과 그 비율,KEEP,,states the data and its reading in reader-facing Korean
detail,B-024,analysis,농업 용수 비중(%)의 항목별 비중과 연도별 흐름,KEEP,,states the data and its reading in reader-facing Korean
detail,B-025,analysis,전체 유역과 베트남 내 면적 비교,KEEP,,states the data and its reading in reader-facing Korean
detail,B-026,analysis,성·시별 물이 흐르는 방향,KEEP,,states the data and its reading in reader-facing Korean
detail,B-027,analysis,전국 지하수 자원량의 연도별 변화,KEEP,,states the data and its reading in reader-facing Korean
detail,B-028,analysis,관측지점별 하천 유량과 전국 수자원 총량,KEEP,,states the data and its reading in reader-facing Korean
detail,B-029,analysis,산림 유형별 면적의 지역별 차이와 범위,KEEP,,states the data and its reading in reader-facing Korean
detail,B-030,analysis,산림 이득(2000–2020 누적)의 지역별 차이와 범위,KEEP,,states the data and its reading in reader-facing Korean
detail,B-031,analysis,산림 총면적의 지역별 차이와 범위,KEEP,,states the data and its reading in reader-facing Korean
detail,B-032,analysis,수관 피복률(%)의 지역별 차이와 범위,KEEP,,states the data and its reading in reader-facing Korean
detail,B-033,analysis,연간 산림손실의 지역별 차이와 범위,KEEP,,states the data and its reading in reader-facing Korean
detail,B-034,analysis,탄소 저장량의 지역별 차이와 범위,KEEP,,states the data and its reading in reader-facing Korean
detail,B-035,analysis,전국 토지이용과 농지 지표의 변화,KEEP,,states the data and its reading in reader-facing Korean
detail,B-036,analysis,토지 유형별 이용·피복 변화율과 두 시점 변화,KEEP,,states the data and its reading in reader-facing Korean
detail,B-037,analysis,토지피복 구성의 지역별 차이와 범위,KEEP,,states the data and its reading in reader-facing Korean
detail,B-038,analysis,바이오매스·폐기물 자원과 발전설비 현황,KEEP,,states the data and its reading in reader-facing Korean
detail,B-039,analysis,수력 잠재량의 지역별 차이와 범위,KEEP,,states the data and its reading in reader-facing Korean
detail,B-040,analysis,지열 잠재량의 지역별 차이와 범위,KEEP,,states the data and its reading in reader-facing Korean
detail,B-041,analysis,태양광 자원의 지역별 차이와 범위,KEEP,,states the data and its reading in reader-facing Korean
detail,B-042,analysis,풍력 자원의 지역별 차이와 범위,KEEP,,states the data and its reading in reader-facing Korean
detail,B-043,analysis,화석연료 자원량의 지역별 차이와 범위,KEEP,,states the data and its reading in reader-facing Korean
detail,B-044,analysis,핵심 광물 종류의 항목별 공개 현황,KEEP,,states the data and its reading in reader-facing Korean
detail,B-045,analysis,광물자원 국제순위의 항목별 공개 현황,KEEP,,states the data and its reading in reader-facing Korean
detail,B-046,analysis,광물 매장량의 항목별 공개 현황,KEEP,,states the data and its reading in reader-facing Korean
detail,B-047,analysis,광물 생산량의 항목별 공개 현황,KEEP,,states the data and its reading in reader-facing Korean
detail,B-048,analysis,주요 광산 위치의 지역별 차이와 범위,KEEP,,states the data and its reading in reader-facing Korean
detail,C-001,analysis,NDC 이행 조건별 감축목표,KEEP,,states the data and its reading in reader-facing Korean
detail,C-002,analysis,보고서에 수록된 배출량과 이행 정보,KEEP,,states the data and its reading in reader-facing Korean
detail,C-003,analysis,국가적응계획(NAP)의 항목별 공개 현황,KEEP,,states the data and its reading in reader-facing Korean
detail,C-004,analysis,장기 저탄소 발전전략의 항목별 공개 현황,KEEP,,states the data and its reading in reader-facing Korean
detail,C-005,analysis,기후기술 수요 및 우선기술의 항목별 공개 현황,KEEP,,states the data and its reading in reader-facing Korean
detail,C-006,analysis,파리협정 제6조 양자협력 체계의 항목별 공개 현황,KEEP,,states the data and its reading in reader-facing Korean
detail,C-007,analysis,파리협정 6.8조 비시장접근법(NMA) 참여 현황,KEEP,,states the data and its reading in reader-facing Korean
detail,C-008,analysis,국제 기후협력 이니셔티브의 베트남 참여,KEEP,,states the data and its reading in reader-facing Korean
detail,C-009,analysis,기후변화 법·제도의 주요 제도 변화,KEEP,,states the data and its reading in reader-facing Korean
detail,C-010,analysis,환경 법·제도의 주요 제도 변화,KEEP,,states the data and its reading in reader-facing Korean
detail,C-011,analysis,치안·안전 정보의 항목별 공개 현황,KEEP,,states the data and its reading in reader-facing Korean
detail,C-012,analysis,민관협력·조달 제도의 항목별 공개 현황,KEEP,,states the data and its reading in reader-facing Korean
detail,C-013,analysis,외국인 투자제도의 항목별 공개 현황,KEEP,,states the data and its reading in reader-facing Korean
detail,C-014,analysis,사업 인허가 절차의 항목별 공개 현황,KEEP,,states the data and its reading in reader-facing Korean
detail,C-015,analysis,정책·제도 원문자료의 항목별 공개 현황,KEEP,,states the data and its reading in reader-facing Korean
detail,C-016,analysis,성·시별 재생에너지 계획용량,KEEP,,states the data and its reading in reader-facing Korean
detail,C-017,analysis,재생에너지 투자 인센티브의 항목별 공개 현황,KEEP,,states the data and its reading in reader-facing Korean
detail,C-018,analysis,개정 PDP8의 전력 계획·전망과 전력가격 규정,KEEP,,states the data and its reading in reader-facing Korean
detail,C-019,analysis,지역별 온실가스 인벤토리 의무 대상 시설,KEEP,,states the data and its reading in reader-facing Korean
detail,C-020,analysis,온실가스 감축사업 기초정보 수집 상태,KEEP,,states the data and its reading in reader-facing Korean
detail,C-021,analysis,자발적 탄소시장 사업목록 수집 상태,KEEP,,states the data and its reading in reader-facing Korean
detail,C-022,analysis,인벤토리 대상 시설의 지역·부문별 구성,KEEP,,states the data and its reading in reader-facing Korean
detail,C-023,analysis,한계저감비용 자료 수집 상태,KEEP,,states the data and its reading in reader-facing Korean
detail,C-024,analysis,산림전용 방지 및 산림보전(REDD+)의 항목별 공개 현황,KEEP,,states the data and its reading in reader-facing Korean
detail,C-025,analysis,탄소크레딧 사업 및 발행실적의 규모와 분야별 분포,KEEP,,states the data and its reading in reader-facing Korean
detail,D-001,analysis,단위 사업당 CAPEX의 항목별 공개 현황,KEEP,,states the data and its reading in reader-facing Korean
detail,D-002,analysis,시장 성장률의 항목별 공개 현황,KEEP,,states the data and its reading in reader-facing Korean
detail,D-003,analysis,예상 감축량의 항목별 공개 현황,KEEP,,states the data and its reading in reader-facing Korean
detail,D-004,analysis,크레딧 가격 연동 수익성의 항목별 공개 현황,KEEP,,states the data and its reading in reader-facing Korean
detail,D-005,analysis,기후예산의 적응·감축 배분 구조,KEEP,,states the data and its reading in reader-facing Korean
detail,D-006,analysis,환경보호세 수입과 연료별 세율,KEEP,,states the data and its reading in reader-facing Korean
detail,D-007,analysis,"기후예산태깅(CBT, Climate Budget Tagging) 도입 여부 및 수준의 항목별 공개 현황",KEEP,,states the data and its reading in reader-facing Korean
detail,D-008,analysis,주관 부처별 기후 예산 규모의 항목별 공개 현황,KEEP,,states the data and its reading in reader-facing Korean
detail,D-009,analysis,"총 지출 규모, 연도별 추이의 항목별 공개 현황",KEEP,,states the data and its reading in reader-facing Korean
detail,D-010,analysis,화석연료 보조금 규모의 항목별 공개 현황,KEEP,,states the data and its reading in reader-facing Korean
detail,D-011,analysis,ODA 유입 규모와 공여자 구성,KEEP,,states the data and its reading in reader-facing Korean
detail,D-012,analysis,경쟁국 민간기업의 개도국 진출 현황의 항목별 공개 현황,KEEP,,states the data and its reading in reader-facing Korean
detail,D-013,analysis,녹색성장지수의 종합·부문·세부항목별 점수,KEEP,,states the data and its reading in reader-facing Korean
detail,D-014,analysis,대외경제협력기금 사업의 규모와 분야별 분포,KEEP,,states the data and its reading in reader-facing Korean
detail,D-015,analysis,한국 공적개발원조 사업의 규모와 분야별 분포,KEEP,,states the data and its reading in reader-facing Korean
detail,D-016,analysis,정부·지방자치단체 협력사업의 규모와 분야별 분포,KEEP,,states the data and its reading in reader-facing Korean
detail,D-017,analysis,한국 ODA 사업기획·입찰의 항목별 공개 현황,KEEP,,states the data and its reading in reader-facing Korean
detail,D-018,analysis,적응기금 사업의 규모와 분야별 분포,KEEP,,states the data and its reading in reader-facing Korean
detail,D-019,analysis,CTCN 기술지원의 규모와 분야별 분포,KEEP,,states the data and its reading in reader-facing Korean
detail,D-020,analysis,녹색기후기금 사업의 규모와 분야별 분포,KEEP,,states the data and its reading in reader-facing Korean
detail,D-021,analysis,국제기구·개발은행 사업의 규모와 분야별 분포,KEEP,,states the data and its reading in reader-facing Korean
detail,D-022,analysis,개발금융·민관협력 투자사업의 규모와 분야별 분포,KEEP,,states the data and its reading in reader-facing Korean
detail,D-023,analysis,국제협력·기후재원 사업의 규모와 분야별 분포,KEEP,,states the data and its reading in reader-facing Korean
detail,D-024,analysis,벤처·임팩트 투자의 규모와 분야별 분포,KEEP,,states the data and its reading in reader-facing Korean
detail,D-025,analysis,민간 인프라 투자의 규모와 분야별 분포,KEEP,,states the data and its reading in reader-facing Korean
detail,D-026,analysis,정치적 위험 보증사업의 규모와 분야별 분포,KEEP,,states the data and its reading in reader-facing Korean
detail,E-001,analysis,CTCN 국가지정기구의 기관별 공개 정보,KEEP,,states the data and its reading in reader-facing Korean
detail,E-002,analysis,파리협정 국가지정기관의 기관별 공개 정보,KEEP,,states the data and its reading in reader-facing Korean
detail,E-003,analysis,녹색기후기금 국가지정기관의 기관별 공개 정보,KEEP,,states the data and its reading in reader-facing Korean
detail,E-004,analysis,국제기구 현지사무소의 기관별 공개 정보,KEEP,,states the data and its reading in reader-facing Korean
detail,E-005,analysis,대학·연구기관·시민사회의 기관별 공개 정보,KEEP,,states the data and its reading in reader-facing Korean
detail,E-006,analysis,현지 투자자 네트워크의 기관별 공개 정보,KEEP,,states the data and its reading in reader-facing Korean
detail,E-007,analysis,온실가스 산정·보고·검증 체계의 항목별 공개 현황,KEEP,,states the data and its reading in reader-facing Korean
detail,E-008,analysis,기후기술 논문·특허의 연도별 성과와 구성,KEEP,,states the data and its reading in reader-facing Korean
detail,E-009,analysis,STEM 졸업 비중과 연구자 규모,KEEP,,states the data and its reading in reader-facing Korean
detail,E-010,analysis,연구개발·혁신 역량의 수준과 장기 변화,KEEP,,states the data and its reading in reader-facing Korean
detail,E-011,analysis,기술준비수준 입력 준비 상태,KEEP,,states the data and its reading in reader-facing Korean
detail,E-012,analysis,직군·성별에 따른 고용과 임금,KEEP,,states the data and its reading in reader-facing Korean
detail,E-013,analysis,운영·유지보수 역량 입력 양식,KEEP,,states the data and its reading in reader-facing Korean
detail,E-014,analysis,기후·녹색성장 양자협정의 항목별 공개 현황,KEEP,,states the data and its reading in reader-facing Korean
detail,E-015,analysis,NDC 파트너십 참여의 항목별 공개 현황,KEEP,,states the data and its reading in reader-facing Korean
detail,E-016,analysis,한국 기후기술 성숙도의 항목별 공개 현황,KEEP,,states the data and its reading in reader-facing Korean
detail,E-017,analysis,한국 기후기술 비교우위의 항목별 공개 현황,KEEP,,states the data and its reading in reader-facing Korean
detail,E-018,analysis,한국 기업의 현지 진출의 규모와 분야별 분포,KEEP,,states the data and its reading in reader-facing Korean
detail,E-019,analysis,한국 기관 현지사무소의 기관별 공개 정보,KEEP,,states the data and its reading in reader-facing Korean
detail,E-020,analysis,한국의 공공·민간 지원제도의 규모와 분야별 분포,KEEP,,states the data and its reading in reader-facing Korean
map,A-023,left-list,발전소 / 입지·발전원·설비용량 분포 · WRI(세계자원연구소) 2021,KEEP,,states the data and its reading in reader-facing Korean
map,A-023,legend,발전소분석 기준 · 발전소 위치·발전원 · 곳표시 끄기,KEEP,,states the data and its reading in reader-facing Korean
map,A-023,selected-detail,데이터 지도자료를 여러 개 체크해 함께 볼 수 있습니다. 지역 색상 지도는 한 자료만 칠합니다.접기국가베트남방글라데시 · 준비 중필리핀 · 준비 중캄보디아 · 준비 중인도네시아 · 준비 중라오스 · 준비 중스리랑카 · 준비 중인도 · 준비 중말레이시아 · 준비 중이집트 · 준비 중전체 범위 보기모두 지우기지도 데이터42개 자료 · 선택 1개 · 준비 중 1개 · 색상·분석 기준: 발전소모두 펼치기선택 해제에너지·인프라8개 · 선택 1발전소입지·발전원·설비용량 분포 · WRI(세계자원연구소) 2021i분석 기준표시 끄기베트남 송전망선로 경로·전압별 분포 · 2016iCCS(탄소포집·저장) 시설·실증 및 후보지역시설·후보지 점 · 2026i수력 이론 잠재량성·시 경계(개편 전 63) · 2017i지열 자원(심도,KEEP,,states the data and its reading in reader-facing Korean
map,A-024,left-list,베트남 송전망 / 선로 경로·전압별 분포 · 2016,KEEP,,states the data and its reading in reader-facing Korean
map,A-024,legend,베트남 송전망분석 기준 · 전체 전압 · kV표시 끄기,KEEP,,states the data and its reading in reader-facing Korean
map,A-024,selected-detail,데이터 지도자료를 여러 개 체크해 함께 볼 수 있습니다. 지역 색상 지도는 한 자료만 칠합니다.접기국가베트남방글라데시 · 준비 중필리핀 · 준비 중캄보디아 · 준비 중인도네시아 · 준비 중라오스 · 준비 중스리랑카 · 준비 중인도 · 준비 중말레이시아 · 준비 중이집트 · 준비 중전체 범위 보기모두 지우기지도 데이터42개 자료 · 선택 1개 · 준비 중 1개 · 색상·분석 기준: 베트남 송전망모두 펼치기선택 해제에너지·인프라8개 · 선택 1발전소입지·발전원·설비용량 분포 · WRI(세계자원연구소) 2021i베트남 송전망선로 경로·전압별 분포 · 2016i분석 기준표시 끄기CCS(탄소포집·저장) 시설·실증 및 후보지역시설·후보지 점 · 2026i수력 이론 잠재량성·시 경계(개편 전 63) · 2017i지열 자,KEEP,,states the data and its reading in reader-facing Korean
map,A-025,left-list,CCS(탄소포집·저장) 시설·실증 및 후보지역 / 시설·후보지 점 · 2026,KEEP,,states the data and its reading in reader-facing Korean
map,A-025,legend,CCS 시설·실증 및 후보지역분석 기준 · CCS 시설·실증·후보지 · 건표시 끄기,KEEP,,states the data and its reading in reader-facing Korean
map,A-025,selected-detail,데이터 지도자료를 여러 개 체크해 함께 볼 수 있습니다. 지역 색상 지도는 한 자료만 칠합니다.접기국가베트남방글라데시 · 준비 중필리핀 · 준비 중캄보디아 · 준비 중인도네시아 · 준비 중라오스 · 준비 중스리랑카 · 준비 중인도 · 준비 중말레이시아 · 준비 중이집트 · 준비 중전체 범위 보기모두 지우기지도 데이터42개 자료 · 선택 1개 · 준비 중 1개 · 색상·분석 기준: CCS 시설·실증 및 후보지역모두 펼치기선택 해제에너지·인프라8개 · 선택 1발전소입지·발전원·설비용량 분포 · WRI(세계자원연구소) 2021i베트남 송전망선로 경로·전압별 분포 · 2016iCCS(탄소포집·저장) 시설·실증 및 후보지역시설·후보지 점 · 2026i분석 기준표시 끄기수력 이론 잠재량성·시 경계(개편 전 63) · ,KEEP,,states the data and its reading in reader-facing Korean
map,B-003,left-list,연평균 기온·강수 / 성·시 경계(개편 전 63) · 2025,KEEP,,states the data and its reading in reader-facing Korean
map,B-003,legend,연평균 기온·강수색상 지도 · 분석 기준 · 연평균 기온 · °C표시 끄기,KEEP,,states the data and its reading in reader-facing Korean
map,B-003,selected-detail,데이터 지도자료를 여러 개 체크해 함께 볼 수 있습니다. 지역 색상 지도는 한 자료만 칠합니다.접기국가베트남방글라데시 · 준비 중필리핀 · 준비 중캄보디아 · 준비 중인도네시아 · 준비 중라오스 · 준비 중스리랑카 · 준비 중인도 · 준비 중말레이시아 · 준비 중이집트 · 준비 중전체 범위 보기모두 지우기지도 데이터42개 자료 · 선택 1개 · 준비 중 1개 · 색상·분석 기준: 연평균 기온·강수모두 펼치기선택 해제에너지·인프라8개발전소입지·발전원·설비용량 분포 · WRI(세계자원연구소) 2021i베트남 송전망선로 경로·전압별 분포 · 2016iCCS(탄소포집·저장) 시설·실증 및 후보지역시설·후보지 점 · 2026i수력 이론 잠재량성·시 경계(개편 전 63) · 2017i지열 자원(심도별 지온)성·시 경계,KEEP,,states the data and its reading in reader-facing Korean
map,B-004,left-list,미래기후 전망(CMIP6) / 성·시 경계(개편 전 63) · 2100,KEEP,,states the data and its reading in reader-facing Korean
map,B-004,legend,미래기후 전망(CMIP6)색상 지도 · 분석 기준 · 연평균 기온 · SSP2-4.5 · °C표시 끄기,KEEP,,states the data and its reading in reader-facing Korean
map,B-004,selected-detail,데이터 지도자료를 여러 개 체크해 함께 볼 수 있습니다. 지역 색상 지도는 한 자료만 칠합니다.접기국가베트남방글라데시 · 준비 중필리핀 · 준비 중캄보디아 · 준비 중인도네시아 · 준비 중라오스 · 준비 중스리랑카 · 준비 중인도 · 준비 중말레이시아 · 준비 중이집트 · 준비 중전체 범위 보기모두 지우기지도 데이터42개 자료 · 선택 1개 · 준비 중 1개 · 색상·분석 기준: 미래기후 전망(CMIP6)모두 펼치기선택 해제에너지·인프라8개발전소입지·발전원·설비용량 분포 · WRI(세계자원연구소) 2021i베트남 송전망선로 경로·전압별 분포 · 2016iCCS(탄소포집·저장) 시설·실증 및 후보지역시설·후보지 점 · 2026i수력 이론 잠재량성·시 경계(개편 전 63) · 2017i지열 자원(심도별 지온)성,KEEP,,states the data and its reading in reader-facing Korean
map,B-005,left-list,가뭄 / 성·시 경계(개편 전 63) · 2100,KEEP,,states the data and its reading in reader-facing Korean
map,B-005,legend,가뭄색상 지도 · 분석 기준 · 연속 건조일수(CDD) · SSP2-4.5 · 일표시 끄기,KEEP,,states the data and its reading in reader-facing Korean
map,B-005,selected-detail,데이터 지도자료를 여러 개 체크해 함께 볼 수 있습니다. 지역 색상 지도는 한 자료만 칠합니다.접기국가베트남방글라데시 · 준비 중필리핀 · 준비 중캄보디아 · 준비 중인도네시아 · 준비 중라오스 · 준비 중스리랑카 · 준비 중인도 · 준비 중말레이시아 · 준비 중이집트 · 준비 중전체 범위 보기모두 지우기지도 데이터42개 자료 · 선택 1개 · 준비 중 1개 · 색상·분석 기준: 가뭄모두 펼치기선택 해제에너지·인프라8개발전소입지·발전원·설비용량 분포 · WRI(세계자원연구소) 2021i베트남 송전망선로 경로·전압별 분포 · 2016iCCS(탄소포집·저장) 시설·실증 및 후보지역시설·후보지 점 · 2026i수력 이론 잠재량성·시 경계(개편 전 63) · 2017i지열 자원(심도별 지온)성·시 경계(개편 전 6,KEEP,,states the data and its reading in reader-facing Korean
map,B-006,left-list,폭염 / 성·시 경계(개편 전 63) · 2100,KEEP,,states the data and its reading in reader-facing Korean
map,B-006,legend,폭염색상 지도 · 분석 기준 · 폭염일수(최고기온 35°C 이상) · SSP2-4.5 · 일표시 끄기,KEEP,,states the data and its reading in reader-facing Korean
map,B-006,selected-detail,데이터 지도자료를 여러 개 체크해 함께 볼 수 있습니다. 지역 색상 지도는 한 자료만 칠합니다.접기국가베트남방글라데시 · 준비 중필리핀 · 준비 중캄보디아 · 준비 중인도네시아 · 준비 중라오스 · 준비 중스리랑카 · 준비 중인도 · 준비 중말레이시아 · 준비 중이집트 · 준비 중전체 범위 보기모두 지우기지도 데이터42개 자료 · 선택 1개 · 준비 중 1개 · 색상·분석 기준: 폭염모두 펼치기선택 해제에너지·인프라8개발전소입지·발전원·설비용량 분포 · WRI(세계자원연구소) 2021i베트남 송전망선로 경로·전압별 분포 · 2016iCCS(탄소포집·저장) 시설·실증 및 후보지역시설·후보지 점 · 2026i수력 이론 잠재량성·시 경계(개편 전 63) · 2017i지열 자원(심도별 지온)성·시 경계(개편 전 6,KEEP,,states the data and its reading in reader-facing Korean
map,B-007,left-list,극한강수 / 성·시 경계(개편 전 63) · 2100,KEEP,,states the data and its reading in reader-facing Korean
map,B-007,legend,극한강수색상 지도 · 분석 기준 · 최대 1일 강수량(RX1day) · SSP2-4.5 · mm표시 끄기,KEEP,,states the data and its reading in reader-facing Korean
map,B-007,selected-detail,데이터 지도자료를 여러 개 체크해 함께 볼 수 있습니다. 지역 색상 지도는 한 자료만 칠합니다.접기국가베트남방글라데시 · 준비 중필리핀 · 준비 중캄보디아 · 준비 중인도네시아 · 준비 중라오스 · 준비 중스리랑카 · 준비 중인도 · 준비 중말레이시아 · 준비 중이집트 · 준비 중전체 범위 보기모두 지우기지도 데이터42개 자료 · 선택 1개 · 준비 중 1개 · 색상·분석 기준: 극한강수모두 펼치기선택 해제에너지·인프라8개발전소입지·발전원·설비용량 분포 · WRI(세계자원연구소) 2021i베트남 송전망선로 경로·전압별 분포 · 2016iCCS(탄소포집·저장) 시설·실증 및 후보지역시설·후보지 점 · 2026i수력 이론 잠재량성·시 경계(개편 전 63) · 2017i지열 자원(심도별 지온)성·시 경계(개편 전,KEEP,,states the data and its reading in reader-facing Korean
map,B-008,left-list,해수면 상승 전망 / 관측소 점 · 2100,KEEP,,states the data and its reading in reader-facing Korean
map,B-008,legend,해수면 상승 전망분석 기준 · 조위 관측소·해수면 전망 · 곳표시 끄기,KEEP,,states the data and its reading in reader-facing Korean
map,B-008,selected-detail,데이터 지도자료를 여러 개 체크해 함께 볼 수 있습니다. 지역 색상 지도는 한 자료만 칠합니다.접기국가베트남방글라데시 · 준비 중필리핀 · 준비 중캄보디아 · 준비 중인도네시아 · 준비 중라오스 · 준비 중스리랑카 · 준비 중인도 · 준비 중말레이시아 · 준비 중이집트 · 준비 중전체 범위 보기모두 지우기지도 데이터42개 자료 · 선택 1개 · 준비 중 1개 · 색상·분석 기준: 해수면 상승 전망모두 펼치기선택 해제에너지·인프라8개발전소입지·발전원·설비용량 분포 · WRI(세계자원연구소) 2021i베트남 송전망선로 경로·전압별 분포 · 2016iCCS(탄소포집·저장) 시설·실증 및 후보지역시설·후보지 점 · 2026i수력 이론 잠재량성·시 경계(개편 전 63) · 2017i지열 자원(심도별 지온)성·시 경계,KEEP,,states the data and its reading in reader-facing Korean
map,B-012,left-list,재해 이력 / 사건 점 · 2024,KEEP,,states the data and its reading in reader-facing Korean
map,B-012,legend,재해 이력분석 기준 · 재해 사건 위치 · 건 · 속 빈 기호 = 근사 위치표시 끄기,KEEP,,states the data and its reading in reader-facing Korean
map,B-012,selected-detail,데이터 지도자료를 여러 개 체크해 함께 볼 수 있습니다. 지역 색상 지도는 한 자료만 칠합니다.접기국가베트남방글라데시 · 준비 중필리핀 · 준비 중캄보디아 · 준비 중인도네시아 · 준비 중라오스 · 준비 중스리랑카 · 준비 중인도 · 준비 중말레이시아 · 준비 중이집트 · 준비 중전체 범위 보기모두 지우기지도 데이터42개 자료 · 선택 1개 · 준비 중 1개 · 색상·분석 기준: 재해 이력모두 펼치기선택 해제에너지·인프라8개발전소입지·발전원·설비용량 분포 · WRI(세계자원연구소) 2021i베트남 송전망선로 경로·전압별 분포 · 2016iCCS(탄소포집·저장) 시설·실증 및 후보지역시설·후보지 점 · 2026i수력 이론 잠재량성·시 경계(개편 전 63) · 2017i지열 자원(심도별 지온)성·시 경계(개편 ,KEEP,,states the data and its reading in reader-facing Korean
map,B-021,left-list,지역 취약성 / 권역별 취약성 수준 · 2023,KEEP,,states the data and its reading in reader-facing Korean
map,B-021,legend,지역 취약성색상 지도 · 분석 기준 · GVI 취약성 지수 · 0–100 지수표시 끄기,KEEP,,states the data and its reading in reader-facing Korean
map,B-021,selected-detail,데이터 지도자료를 여러 개 체크해 함께 볼 수 있습니다. 지역 색상 지도는 한 자료만 칠합니다.접기국가베트남방글라데시 · 준비 중필리핀 · 준비 중캄보디아 · 준비 중인도네시아 · 준비 중라오스 · 준비 중스리랑카 · 준비 중인도 · 준비 중말레이시아 · 준비 중이집트 · 준비 중전체 범위 보기모두 지우기지도 데이터42개 자료 · 선택 1개 · 준비 중 1개 · 색상·분석 기준: 지역 취약성모두 펼치기선택 해제에너지·인프라8개발전소입지·발전원·설비용량 분포 · WRI(세계자원연구소) 2021i베트남 송전망선로 경로·전압별 분포 · 2016iCCS(탄소포집·저장) 시설·실증 및 후보지역시설·후보지 점 · 2026i수력 이론 잠재량성·시 경계(개편 전 63) · 2017i지열 자원(심도별 지온)성·시 경계(개편,KEEP,,states the data and its reading in reader-facing Korean
map,B-023,left-list,건기·우기 유량 차이 / 관측지점 점 · 유역 대표점 · 2026,KEEP,,states the data and its reading in reader-facing Korean
map,B-023,legend,건기·우기 유량 차이분석 기준 · 관측지점·유역 대표점 유량 · 곳 · 속 빈 기호 = 근사 위치표시 끄기,KEEP,,states the data and its reading in reader-facing Korean
map,B-023,selected-detail,데이터 지도자료를 여러 개 체크해 함께 볼 수 있습니다. 지역 색상 지도는 한 자료만 칠합니다.접기국가베트남방글라데시 · 준비 중필리핀 · 준비 중캄보디아 · 준비 중인도네시아 · 준비 중라오스 · 준비 중스리랑카 · 준비 중인도 · 준비 중말레이시아 · 준비 중이집트 · 준비 중전체 범위 보기모두 지우기지도 데이터42개 자료 · 선택 1개 · 준비 중 1개 · 색상·분석 기준: 건기·우기 유량 차이모두 펼치기선택 해제에너지·인프라8개발전소입지·발전원·설비용량 분포 · WRI(세계자원연구소) 2021i베트남 송전망선로 경로·전압별 분포 · 2016iCCS(탄소포집·저장) 시설·실증 및 후보지역시설·후보지 점 · 2026i수력 이론 잠재량성·시 경계(개편 전 63) · 2017i지열 자원(심도별 지온)성·시 ,KEEP,,states the data and its reading in reader-facing Korean
map,B-025,left-list,유역면적 / 유역 대표점 · 2026,KEEP,,states the data and its reading in reader-facing Korean
map,B-025,legend,유역면적분석 기준 · 유역 대표점·면적 · 곳 · 속 빈 기호 = 근사 위치표시 끄기,KEEP,,states the data and its reading in reader-facing Korean
map,B-025,selected-detail,데이터 지도자료를 여러 개 체크해 함께 볼 수 있습니다. 지역 색상 지도는 한 자료만 칠합니다.접기국가베트남방글라데시 · 준비 중필리핀 · 준비 중캄보디아 · 준비 중인도네시아 · 준비 중라오스 · 준비 중스리랑카 · 준비 중인도 · 준비 중말레이시아 · 준비 중이집트 · 준비 중전체 범위 보기모두 지우기지도 데이터42개 자료 · 선택 1개 · 준비 중 1개 · 색상·분석 기준: 유역면적모두 펼치기선택 해제에너지·인프라8개발전소입지·발전원·설비용량 분포 · WRI(세계자원연구소) 2021i베트남 송전망선로 경로·전압별 분포 · 2016iCCS(탄소포집·저장) 시설·실증 및 후보지역시설·후보지 점 · 2026i수력 이론 잠재량성·시 경계(개편 전 63) · 2017i지열 자원(심도별 지온)성·시 경계(개편 전,KEEP,,states the data and its reading in reader-facing Korean
map,B-028,left-list,하천유량 / 관측지점 점 · 유역 대표점 · 2026,KEEP,,states the data and its reading in reader-facing Korean
map,B-028,legend,하천유량분석 기준 · 관측지점·유역 유량 · 곳 · 속 빈 기호 = 근사 위치표시 끄기,KEEP,,states the data and its reading in reader-facing Korean
map,B-028,selected-detail,데이터 지도자료를 여러 개 체크해 함께 볼 수 있습니다. 지역 색상 지도는 한 자료만 칠합니다.접기국가베트남방글라데시 · 준비 중필리핀 · 준비 중캄보디아 · 준비 중인도네시아 · 준비 중라오스 · 준비 중스리랑카 · 준비 중인도 · 준비 중말레이시아 · 준비 중이집트 · 준비 중전체 범위 보기모두 지우기지도 데이터42개 자료 · 선택 1개 · 준비 중 1개 · 색상·분석 기준: 하천유량모두 펼치기선택 해제에너지·인프라8개발전소입지·발전원·설비용량 분포 · WRI(세계자원연구소) 2021i베트남 송전망선로 경로·전압별 분포 · 2016iCCS(탄소포집·저장) 시설·실증 및 후보지역시설·후보지 점 · 2026i수력 이론 잠재량성·시 경계(개편 전 63) · 2017i지열 자원(심도별 지온)성·시 경계(개편 전,KEEP,,states the data and its reading in reader-facing Korean
map,B-029,left-list,이탄지 면적(산림 유형별 면적 중) / 성·시 경계(개편 전 63) · 2022,KEEP,,states the data and its reading in reader-facing Korean
map,B-029,legend,이탄지 면적(산림 유형별 면적 중)색상 지도 · 분석 기준 · 이탄지 면적 합계 · km²표시 끄기,KEEP,,states the data and its reading in reader-facing Korean
map,B-029,selected-detail,데이터 지도자료를 여러 개 체크해 함께 볼 수 있습니다. 지역 색상 지도는 한 자료만 칠합니다.접기국가베트남방글라데시 · 준비 중필리핀 · 준비 중캄보디아 · 준비 중인도네시아 · 준비 중라오스 · 준비 중스리랑카 · 준비 중인도 · 준비 중말레이시아 · 준비 중이집트 · 준비 중전체 범위 보기모두 지우기지도 데이터42개 자료 · 선택 1개 · 준비 중 1개 · 색상·분석 기준: 이탄지 면적(산림 유형별 면적 중)모두 펼치기선택 해제에너지·인프라8개발전소입지·발전원·설비용량 분포 · WRI(세계자원연구소) 2021i베트남 송전망선로 경로·전압별 분포 · 2016iCCS(탄소포집·저장) 시설·실증 및 후보지역시설·후보지 점 · 2026i수력 이론 잠재량성·시 경계(개편 전 63) · 2017i지열 자원(심도별,KEEP,,states the data and its reading in reader-facing Korean
map,B-030,left-list,산림 이득 / 성·시 경계(개편 전 63) · 2000–2020,KEEP,,states the data and its reading in reader-facing Korean
map,B-030,legend,산림 이득색상 지도 · 분석 기준 · 수관 이득(2000–2020 누적) · ha표시 끄기,KEEP,,states the data and its reading in reader-facing Korean
map,B-030,selected-detail,데이터 지도자료를 여러 개 체크해 함께 볼 수 있습니다. 지역 색상 지도는 한 자료만 칠합니다.접기국가베트남방글라데시 · 준비 중필리핀 · 준비 중캄보디아 · 준비 중인도네시아 · 준비 중라오스 · 준비 중스리랑카 · 준비 중인도 · 준비 중말레이시아 · 준비 중이집트 · 준비 중전체 범위 보기모두 지우기지도 데이터42개 자료 · 선택 1개 · 준비 중 1개 · 색상·분석 기준: 산림 이득모두 펼치기선택 해제에너지·인프라8개발전소입지·발전원·설비용량 분포 · WRI(세계자원연구소) 2021i베트남 송전망선로 경로·전압별 분포 · 2016iCCS(탄소포집·저장) 시설·실증 및 후보지역시설·후보지 점 · 2026i수력 이론 잠재량성·시 경계(개편 전 63) · 2017i지열 자원(심도별 지온)성·시 경계(개편 ,KEEP,,states the data and its reading in reader-facing Korean
map,B-031,left-list,산림 총면적 / 성·시별 산림면적 · 2010,KEEP,,states the data and its reading in reader-facing Korean
map,B-031,legend,산림 총면적색상 지도 · 분석 기준 · 성(省)별 수관 면적(2010) · ha표시 끄기,KEEP,,states the data and its reading in reader-facing Korean
map,B-031,selected-detail,데이터 지도자료를 여러 개 체크해 함께 볼 수 있습니다. 지역 색상 지도는 한 자료만 칠합니다.접기국가베트남방글라데시 · 준비 중필리핀 · 준비 중캄보디아 · 준비 중인도네시아 · 준비 중라오스 · 준비 중스리랑카 · 준비 중인도 · 준비 중말레이시아 · 준비 중이집트 · 준비 중전체 범위 보기모두 지우기지도 데이터42개 자료 · 선택 1개 · 준비 중 1개 · 색상·분석 기준: 산림 총면적모두 펼치기선택 해제에너지·인프라8개발전소입지·발전원·설비용량 분포 · WRI(세계자원연구소) 2021i베트남 송전망선로 경로·전압별 분포 · 2016iCCS(탄소포집·저장) 시설·실증 및 후보지역시설·후보지 점 · 2026i수력 이론 잠재량성·시 경계(개편 전 63) · 2017i지열 자원(심도별 지온)성·시 경계(개편,KEEP,,states the data and its reading in reader-facing Korean
map,B-032,left-list,수관 피복률 / 성·시별 수관피복률 · 2010,KEEP,,states the data and its reading in reader-facing Korean
map,B-032,legend,수관 피복률색상 지도 · 분석 기준 · 성(省)별 수관 피복률 — 임계 30% · %표시 끄기,KEEP,,states the data and its reading in reader-facing Korean
map,B-032,selected-detail,데이터 지도자료를 여러 개 체크해 함께 볼 수 있습니다. 지역 색상 지도는 한 자료만 칠합니다.접기국가베트남방글라데시 · 준비 중필리핀 · 준비 중캄보디아 · 준비 중인도네시아 · 준비 중라오스 · 준비 중스리랑카 · 준비 중인도 · 준비 중말레이시아 · 준비 중이집트 · 준비 중전체 범위 보기모두 지우기지도 데이터42개 자료 · 선택 1개 · 준비 중 1개 · 색상·분석 기준: 수관 피복률모두 펼치기선택 해제에너지·인프라8개발전소입지·발전원·설비용량 분포 · WRI(세계자원연구소) 2021i베트남 송전망선로 경로·전압별 분포 · 2016iCCS(탄소포집·저장) 시설·실증 및 후보지역시설·후보지 점 · 2026i수력 이론 잠재량성·시 경계(개편 전 63) · 2017i지열 자원(심도별 지온)성·시 경계(개편,KEEP,,states the data and its reading in reader-facing Korean
map,B-033,left-list,연간 산림손실 / 지역별 손실·연도 변화 · 2024,KEEP,,states the data and its reading in reader-facing Korean
map,B-033,legend,연간 산림손실색상 지도 · 분석 기준 · 연간 수관 손실 — 성(省) 단위 · ha표시 끄기,KEEP,,states the data and its reading in reader-facing Korean
map,B-033,selected-detail,데이터 지도자료를 여러 개 체크해 함께 볼 수 있습니다. 지역 색상 지도는 한 자료만 칠합니다.접기국가베트남방글라데시 · 준비 중필리핀 · 준비 중캄보디아 · 준비 중인도네시아 · 준비 중라오스 · 준비 중스리랑카 · 준비 중인도 · 준비 중말레이시아 · 준비 중이집트 · 준비 중전체 범위 보기모두 지우기지도 데이터42개 자료 · 선택 1개 · 준비 중 1개 · 색상·분석 기준: 연간 산림손실모두 펼치기선택 해제에너지·인프라8개발전소입지·발전원·설비용량 분포 · WRI(세계자원연구소) 2021i베트남 송전망선로 경로·전압별 분포 · 2016iCCS(탄소포집·저장) 시설·실증 및 후보지역시설·후보지 점 · 2026i수력 이론 잠재량성·시 경계(개편 전 63) · 2017i지열 자원(심도별 지온)성·시 경계(개,KEEP,,states the data and its reading in reader-facing Korean
map,B-034,left-list,산림 탄소 / 저장·배출·흡수량 · 2001–2024,KEEP,,states the data and its reading in reader-facing Korean
map,B-034,legend,산림 탄소색상 지도 · 분석 기준 · 산림탄소 순플럭스(연평균) · Mg CO2e/yr표시 끄기,KEEP,,states the data and its reading in reader-facing Korean
map,B-034,selected-detail,데이터 지도자료를 여러 개 체크해 함께 볼 수 있습니다. 지역 색상 지도는 한 자료만 칠합니다.접기국가베트남방글라데시 · 준비 중필리핀 · 준비 중캄보디아 · 준비 중인도네시아 · 준비 중라오스 · 준비 중스리랑카 · 준비 중인도 · 준비 중말레이시아 · 준비 중이집트 · 준비 중전체 범위 보기모두 지우기지도 데이터42개 자료 · 선택 1개 · 준비 중 1개 · 색상·분석 기준: 산림 탄소모두 펼치기선택 해제에너지·인프라8개발전소입지·발전원·설비용량 분포 · WRI(세계자원연구소) 2021i베트남 송전망선로 경로·전압별 분포 · 2016iCCS(탄소포집·저장) 시설·실증 및 후보지역시설·후보지 점 · 2026i수력 이론 잠재량성·시 경계(개편 전 63) · 2017i지열 자원(심도별 지온)성·시 경계(개편 ,KEEP,,states the data and its reading in reader-facing Korean
map,B-037,left-list,토지피복 분류별 면적 / 성·시 경계(개편 전 63) · 2021,KEEP,,states the data and its reading in reader-facing Korean
map,B-037,legend,토지피복 분류별 면적색상 지도 · 분석 기준 · 경작지 면적 · km²표시 끄기,KEEP,,states the data and its reading in reader-facing Korean
map,B-037,selected-detail,데이터 지도자료를 여러 개 체크해 함께 볼 수 있습니다. 지역 색상 지도는 한 자료만 칠합니다.접기국가베트남방글라데시 · 준비 중필리핀 · 준비 중캄보디아 · 준비 중인도네시아 · 준비 중라오스 · 준비 중스리랑카 · 준비 중인도 · 준비 중말레이시아 · 준비 중이집트 · 준비 중전체 범위 보기모두 지우기지도 데이터42개 자료 · 선택 1개 · 준비 중 1개 · 색상·분석 기준: 토지피복 분류별 면적모두 펼치기선택 해제에너지·인프라8개발전소입지·발전원·설비용량 분포 · WRI(세계자원연구소) 2021i베트남 송전망선로 경로·전압별 분포 · 2016iCCS(탄소포집·저장) 시설·실증 및 후보지역시설·후보지 점 · 2026i수력 이론 잠재량성·시 경계(개편 전 63) · 2017i지열 자원(심도별 지온)성·시 ,KEEP,,states the data and its reading in reader-facing Korean
map,B-039,left-list,수력 이론 잠재량 / 성·시 경계(개편 전 63) · 2017,KEEP,,states the data and its reading in reader-facing Korean
map,B-039,legend,수력 이론 잠재량색상 지도 · 분석 기준 · 이론 총잠재량 · GWh/년표시 끄기,KEEP,,states the data and its reading in reader-facing Korean
map,B-039,selected-detail,데이터 지도자료를 여러 개 체크해 함께 볼 수 있습니다. 지역 색상 지도는 한 자료만 칠합니다.접기국가베트남방글라데시 · 준비 중필리핀 · 준비 중캄보디아 · 준비 중인도네시아 · 준비 중라오스 · 준비 중스리랑카 · 준비 중인도 · 준비 중말레이시아 · 준비 중이집트 · 준비 중전체 범위 보기모두 지우기지도 데이터42개 자료 · 선택 1개 · 준비 중 1개 · 색상·분석 기준: 수력 이론 잠재량모두 펼치기선택 해제에너지·인프라8개 · 선택 1발전소입지·발전원·설비용량 분포 · WRI(세계자원연구소) 2021i베트남 송전망선로 경로·전압별 분포 · 2016iCCS(탄소포집·저장) 시설·실증 및 후보지역시설·후보지 점 · 2026i수력 이론 잠재량성·시 경계(개편 전 63) · 2017i색상 지도 · 분석 기,KEEP,,states the data and its reading in reader-facing Korean
map,B-040,left-list,지열 자원(심도별 지온) / 성·시 경계(개편 전 63) · 2026,KEEP,,states the data and its reading in reader-facing Korean
map,B-040,legend,지열 자원(심도별 지온)색상 지도 · 분석 기준 · 심도 2km 지온(평균) · °C표시 끄기,KEEP,,states the data and its reading in reader-facing Korean
map,B-040,selected-detail,데이터 지도자료를 여러 개 체크해 함께 볼 수 있습니다. 지역 색상 지도는 한 자료만 칠합니다.접기국가베트남방글라데시 · 준비 중필리핀 · 준비 중캄보디아 · 준비 중인도네시아 · 준비 중라오스 · 준비 중스리랑카 · 준비 중인도 · 준비 중말레이시아 · 준비 중이집트 · 준비 중전체 범위 보기모두 지우기지도 데이터42개 자료 · 선택 1개 · 준비 중 1개 · 색상·분석 기준: 지열 자원(심도별 지온)모두 펼치기선택 해제에너지·인프라8개 · 선택 1발전소입지·발전원·설비용량 분포 · WRI(세계자원연구소) 2021i베트남 송전망선로 경로·전압별 분포 · 2016iCCS(탄소포집·저장) 시설·실증 및 후보지역시설·후보지 점 · 2026i수력 이론 잠재량성·시 경계(개편 전 63) · 2017i지열 자원(심도,KEEP,,states the data and its reading in reader-facing Korean
map,B-041,left-list,태양광 자원 / 성·시 경계(개편 전 63) · 1999–2018 장기평균(LTA),KEEP,,states the data and its reading in reader-facing Korean
map,B-041,legend,"태양광 자원색상 지도 · 분석 기준 · 수평면 전일사량(GHI, 평균) · kWh/m²/일표시 끄기",KEEP,,states the data and its reading in reader-facing Korean
map,B-041,selected-detail,데이터 지도자료를 여러 개 체크해 함께 볼 수 있습니다. 지역 색상 지도는 한 자료만 칠합니다.접기국가베트남방글라데시 · 준비 중필리핀 · 준비 중캄보디아 · 준비 중인도네시아 · 준비 중라오스 · 준비 중스리랑카 · 준비 중인도 · 준비 중말레이시아 · 준비 중이집트 · 준비 중전체 범위 보기모두 지우기지도 데이터42개 자료 · 선택 1개 · 준비 중 1개 · 색상·분석 기준: 태양광 자원모두 펼치기선택 해제에너지·인프라8개 · 선택 1발전소입지·발전원·설비용량 분포 · WRI(세계자원연구소) 2021i베트남 송전망선로 경로·전압별 분포 · 2016iCCS(탄소포집·저장) 시설·실증 및 후보지역시설·후보지 점 · 2026i수력 이론 잠재량성·시 경계(개편 전 63) · 2017i지열 자원(심도별 지온)성·,KEEP,,states the data and its reading in reader-facing Korean
map,B-042,left-list,풍력 자원 / 성·시 경계(개편 전 63) · 2008–2017 장기평균(ERA5(유럽중기예보센터 제5세대 재분석자료) 기반),KEEP,,states the data and its reading in reader-facing Korean
map,B-042,legend,풍력 자원색상 지도 · 분석 기준 · 풍속 평균(고도 100m) · m/s표시 끄기,KEEP,,states the data and its reading in reader-facing Korean
map,B-042,selected-detail,데이터 지도자료를 여러 개 체크해 함께 볼 수 있습니다. 지역 색상 지도는 한 자료만 칠합니다.접기국가베트남방글라데시 · 준비 중필리핀 · 준비 중캄보디아 · 준비 중인도네시아 · 준비 중라오스 · 준비 중스리랑카 · 준비 중인도 · 준비 중말레이시아 · 준비 중이집트 · 준비 중전체 범위 보기모두 지우기지도 데이터42개 자료 · 선택 1개 · 준비 중 1개 · 색상·분석 기준: 풍력 자원모두 펼치기선택 해제에너지·인프라8개 · 선택 1발전소입지·발전원·설비용량 분포 · WRI(세계자원연구소) 2021i베트남 송전망선로 경로·전압별 분포 · 2016iCCS(탄소포집·저장) 시설·실증 및 후보지역시설·후보지 점 · 2026i수력 이론 잠재량성·시 경계(개편 전 63) · 2017i지열 자원(심도별 지온)성·시,KEEP,,states the data and its reading in reader-facing Korean
map,B-048,left-list,주요 광산 / 위치·광종 분포 · 2022,KEEP,,states the data and its reading in reader-facing Korean
map,B-048,legend,주요 광산분석 기준 · 광산 위치·광종 · 곳표시 끄기,KEEP,,states the data and its reading in reader-facing Korean
map,B-048,selected-detail,데이터 지도자료를 여러 개 체크해 함께 볼 수 있습니다. 지역 색상 지도는 한 자료만 칠합니다.접기국가베트남방글라데시 · 준비 중필리핀 · 준비 중캄보디아 · 준비 중인도네시아 · 준비 중라오스 · 준비 중스리랑카 · 준비 중인도 · 준비 중말레이시아 · 준비 중이집트 · 준비 중전체 범위 보기모두 지우기지도 데이터42개 자료 · 선택 1개 · 준비 중 1개 · 색상·분석 기준: 주요 광산모두 펼치기선택 해제에너지·인프라8개발전소입지·발전원·설비용량 분포 · WRI(세계자원연구소) 2021i베트남 송전망선로 경로·전압별 분포 · 2016iCCS(탄소포집·저장) 시설·실증 및 후보지역시설·후보지 점 · 2026i수력 이론 잠재량성·시 경계(개편 전 63) · 2017i지열 자원(심도별 지온)성·시 경계(개편 ,KEEP,,states the data and its reading in reader-facing Korean
map,C-009,left-list,기후 법제도(지방 문서) / 성·시 경계(개편 전 63) · 2021–2025,KEEP,,states the data and its reading in reader-facing Korean
map,C-009,legend,기후 법제도(지방 문서)색상 지도 · 분석 기준 · 지방 기후 법제도 문서 수 · 건표시 끄기,KEEP,,states the data and its reading in reader-facing Korean
map,C-009,selected-detail,데이터 지도자료를 여러 개 체크해 함께 볼 수 있습니다. 지역 색상 지도는 한 자료만 칠합니다.접기국가베트남방글라데시 · 준비 중필리핀 · 준비 중캄보디아 · 준비 중인도네시아 · 준비 중라오스 · 준비 중스리랑카 · 준비 중인도 · 준비 중말레이시아 · 준비 중이집트 · 준비 중전체 범위 보기모두 지우기지도 데이터42개 자료 · 선택 1개 · 준비 중 1개 · 색상·분석 기준: 기후 법제도(지방 문서)모두 펼치기선택 해제에너지·인프라8개발전소입지·발전원·설비용량 분포 · WRI(세계자원연구소) 2021i베트남 송전망선로 경로·전압별 분포 · 2016iCCS(탄소포집·저장) 시설·실증 및 후보지역시설·후보지 점 · 2026i수력 이론 잠재량성·시 경계(개편 전 63) · 2017i지열 자원(심도별 지온)성·,KEEP,,states the data and its reading in reader-facing Korean
map,C-010,left-list,환경 법제도(지방 문서) / 성·시 경계(개편 전 63) · 2021–2025,KEEP,,states the data and its reading in reader-facing Korean
map,C-010,legend,환경 법제도(지방 문서)색상 지도 · 분석 기준 · 지방 환경 법제도 문서 수 · 건표시 끄기,KEEP,,states the data and its reading in reader-facing Korean
map,C-010,selected-detail,데이터 지도자료를 여러 개 체크해 함께 볼 수 있습니다. 지역 색상 지도는 한 자료만 칠합니다.접기국가베트남방글라데시 · 준비 중필리핀 · 준비 중캄보디아 · 준비 중인도네시아 · 준비 중라오스 · 준비 중스리랑카 · 준비 중인도 · 준비 중말레이시아 · 준비 중이집트 · 준비 중전체 범위 보기모두 지우기지도 데이터42개 자료 · 선택 1개 · 준비 중 1개 · 색상·분석 기준: 환경 법제도(지방 문서)모두 펼치기선택 해제에너지·인프라8개발전소입지·발전원·설비용량 분포 · WRI(세계자원연구소) 2021i베트남 송전망선로 경로·전압별 분포 · 2016iCCS(탄소포집·저장) 시설·실증 및 후보지역시설·후보지 점 · 2026i수력 이론 잠재량성·시 경계(개편 전 63) · 2017i지열 자원(심도별 지온)성·,KEEP,,states the data and its reading in reader-facing Korean
map,C-012,left-list,PPP(민관협력) 사업 이력 / 34개 성·시 값을 소속 63개 경계에 동일 표시 · 1997–2024,KEEP,,states the data and its reading in reader-facing Korean
map,C-012,legend,PPP 사업 이력색상 지도 · 분석 기준 · PPP 사업 수(PPI 수록) · 건표시 끄기,KEEP,,states the data and its reading in reader-facing Korean
map,C-012,selected-detail,데이터 지도자료를 여러 개 체크해 함께 볼 수 있습니다. 지역 색상 지도는 한 자료만 칠합니다.접기국가베트남방글라데시 · 준비 중필리핀 · 준비 중캄보디아 · 준비 중인도네시아 · 준비 중라오스 · 준비 중스리랑카 · 준비 중인도 · 준비 중말레이시아 · 준비 중이집트 · 준비 중전체 범위 보기모두 지우기지도 데이터42개 자료 · 선택 1개 · 준비 중 1개 · 색상·분석 기준: PPP 사업 이력모두 펼치기선택 해제에너지·인프라8개발전소입지·발전원·설비용량 분포 · WRI(세계자원연구소) 2021i베트남 송전망선로 경로·전압별 분포 · 2016iCCS(탄소포집·저장) 시설·실증 및 후보지역시설·후보지 점 · 2026i수력 이론 잠재량성·시 경계(개편 전 63) · 2017i지열 자원(심도별 지온)성·시 경계,KEEP,,states the data and its reading in reader-facing Korean
map,C-013,left-list,외국인 투자 규정(지역 특별 인센티브) / 34개 성·시 값을 소속 63개 경계에 동일 표시 · 2014–2025,KEEP,,states the data and its reading in reader-facing Korean
map,C-013,legend,외국인 투자 규정(지역 특별 인센티브)색상 지도 · 분석 기준 · 지역 특별 인센티브 근거 행 수 · 건표시 끄기,KEEP,,states the data and its reading in reader-facing Korean
map,C-013,selected-detail,데이터 지도자료를 여러 개 체크해 함께 볼 수 있습니다. 지역 색상 지도는 한 자료만 칠합니다.접기국가베트남방글라데시 · 준비 중필리핀 · 준비 중캄보디아 · 준비 중인도네시아 · 준비 중라오스 · 준비 중스리랑카 · 준비 중인도 · 준비 중말레이시아 · 준비 중이집트 · 준비 중전체 범위 보기모두 지우기지도 데이터42개 자료 · 선택 1개 · 준비 중 1개 · 색상·분석 기준: 외국인 투자 규정(지역 특별 인센티브)모두 펼치기선택 해제에너지·인프라8개발전소입지·발전원·설비용량 분포 · WRI(세계자원연구소) 2021i베트남 송전망선로 경로·전압별 분포 · 2016iCCS(탄소포집·저장) 시설·실증 및 후보지역시설·후보지 점 · 2026i수력 이론 잠재량성·시 경계(개편 전 63) · 2017i지열 자원(심,KEEP,,states the data and its reading in reader-facing Korean
map,C-016,left-list,재생에너지 지역계획 / 성·시별 계획용량 · 2025-2030,KEEP,,states the data and its reading in reader-facing Korean
map,C-016,legend,재생에너지 지역계획색상 지도 · 분석 기준 · 옥상태양광(ĐMT mái nhà) 계획용량 · MW표시 끄기,KEEP,,states the data and its reading in reader-facing Korean
map,C-016,selected-detail,데이터 지도자료를 여러 개 체크해 함께 볼 수 있습니다. 지역 색상 지도는 한 자료만 칠합니다.접기국가베트남방글라데시 · 준비 중필리핀 · 준비 중캄보디아 · 준비 중인도네시아 · 준비 중라오스 · 준비 중스리랑카 · 준비 중인도 · 준비 중말레이시아 · 준비 중이집트 · 준비 중전체 범위 보기모두 지우기지도 데이터42개 자료 · 선택 1개 · 준비 중 1개 · 색상·분석 기준: 재생에너지 지역계획모두 펼치기선택 해제에너지·인프라8개 · 선택 1발전소입지·발전원·설비용량 분포 · WRI(세계자원연구소) 2021i베트남 송전망선로 경로·전압별 분포 · 2016iCCS(탄소포집·저장) 시설·실증 및 후보지역시설·후보지 점 · 2026i수력 이론 잠재량성·시 경계(개편 전 63) · 2017i지열 자원(심도별 지,KEEP,,states the data and its reading in reader-facing Korean
map,C-019,left-list,탄소시장 대상시설(인벤토리 의무) / 34개 성·시 값을 소속 63개 경계에 동일 표시 · 2026,KEEP,,states the data and its reading in reader-facing Korean
map,C-019,legend,탄소시장 대상시설(인벤토리 의무)색상 지도 · 분석 기준 · 온실가스 인벤토리 의무 대상 시설 수 · 개표시 끄기,KEEP,,states the data and its reading in reader-facing Korean
map,C-019,selected-detail,데이터 지도자료를 여러 개 체크해 함께 볼 수 있습니다. 지역 색상 지도는 한 자료만 칠합니다.접기국가베트남방글라데시 · 준비 중필리핀 · 준비 중캄보디아 · 준비 중인도네시아 · 준비 중라오스 · 준비 중스리랑카 · 준비 중인도 · 준비 중말레이시아 · 준비 중이집트 · 준비 중전체 범위 보기모두 지우기지도 데이터42개 자료 · 선택 1개 · 준비 중 1개 · 색상·분석 기준: 탄소시장 대상시설(인벤토리 의무)모두 펼치기선택 해제에너지·인프라8개발전소입지·발전원·설비용량 분포 · WRI(세계자원연구소) 2021i베트남 송전망선로 경로·전압별 분포 · 2016iCCS(탄소포집·저장) 시설·실증 및 후보지역시설·후보지 점 · 2026i수력 이론 잠재량성·시 경계(개편 전 63) · 2017i지열 자원(심도별 ,KEEP,,states the data and its reading in reader-facing Korean
map,C-022,left-list,탄소시장 대상시설 업종 구성 / 34개 성·시 값을 소속 63개 경계에 동일 표시 · 2026,KEEP,,states the data and its reading in reader-facing Korean
map,C-022,legend,탄소시장 대상시설 업종 구성색상 지도 · 분석 기준 · 대상시설 수 — 공상(산업·무역) · 개표시 끄기,KEEP,,states the data and its reading in reader-facing Korean
map,C-022,selected-detail,데이터 지도자료를 여러 개 체크해 함께 볼 수 있습니다. 지역 색상 지도는 한 자료만 칠합니다.접기국가베트남방글라데시 · 준비 중필리핀 · 준비 중캄보디아 · 준비 중인도네시아 · 준비 중라오스 · 준비 중스리랑카 · 준비 중인도 · 준비 중말레이시아 · 준비 중이집트 · 준비 중전체 범위 보기모두 지우기지도 데이터42개 자료 · 선택 1개 · 준비 중 1개 · 색상·분석 기준: 탄소시장 대상시설 업종 구성모두 펼치기선택 해제에너지·인프라8개발전소입지·발전원·설비용량 분포 · WRI(세계자원연구소) 2021i베트남 송전망선로 경로·전압별 분포 · 2016iCCS(탄소포집·저장) 시설·실증 및 후보지역시설·후보지 점 · 2026i수력 이론 잠재량성·시 경계(개편 전 63) · 2017i지열 자원(심도별 지온),KEEP,,states the data and its reading in reader-facing Korean
map,C-024,left-list,REDD+(산림전용·산림황폐화 배출 감축 플러스) 사업 참여지역 / 성·시 경계(개편 전 63) · 2022,KEEP,,states the data and its reading in reader-facing Korean
map,C-024,legend,REDD+ 사업 참여지역색상 지도 · 분석 기준 · FCPF ERPA(북중부 6개 성) 참여 · 참여 프로그램 수표시 끄기,KEEP,,states the data and its reading in reader-facing Korean
map,C-024,selected-detail,데이터 지도자료를 여러 개 체크해 함께 볼 수 있습니다. 지역 색상 지도는 한 자료만 칠합니다.접기국가베트남방글라데시 · 준비 중필리핀 · 준비 중캄보디아 · 준비 중인도네시아 · 준비 중라오스 · 준비 중스리랑카 · 준비 중인도 · 준비 중말레이시아 · 준비 중이집트 · 준비 중전체 범위 보기모두 지우기지도 데이터42개 자료 · 선택 1개 · 준비 중 1개 · 색상·분석 기준: REDD+ 사업 참여지역모두 펼치기선택 해제에너지·인프라8개발전소입지·발전원·설비용량 분포 · WRI(세계자원연구소) 2021i베트남 송전망선로 경로·전압별 분포 · 2016iCCS(탄소포집·저장) 시설·실증 및 후보지역시설·후보지 점 · 2026i수력 이론 잠재량성·시 경계(개편 전 63) · 2017i지열 자원(심도별 지온)성·,KEEP,,states the data and its reading in reader-facing Korean
map,C-025,left-list,탄소크레딧 사업 / 위치·유형별 분포 · 2026,KEEP,,states the data and its reading in reader-facing Korean
map,C-025,legend,탄소크레딧 사업분석 기준 · 사업 위치·유형 · 건표시 끄기,KEEP,,states the data and its reading in reader-facing Korean
map,C-025,selected-detail,데이터 지도자료를 여러 개 체크해 함께 볼 수 있습니다. 지역 색상 지도는 한 자료만 칠합니다.접기국가베트남방글라데시 · 준비 중필리핀 · 준비 중캄보디아 · 준비 중인도네시아 · 준비 중라오스 · 준비 중스리랑카 · 준비 중인도 · 준비 중말레이시아 · 준비 중이집트 · 준비 중전체 범위 보기모두 지우기지도 데이터42개 자료 · 선택 1개 · 준비 중 1개 · 색상·분석 기준: 탄소크레딧 사업모두 펼치기선택 해제에너지·인프라8개발전소입지·발전원·설비용량 분포 · WRI(세계자원연구소) 2021i베트남 송전망선로 경로·전압별 분포 · 2016iCCS(탄소포집·저장) 시설·실증 및 후보지역시설·후보지 점 · 2026i수력 이론 잠재량성·시 경계(개편 전 63) · 2017i지열 자원(심도별 지온)성·시 경계(,KEEP,,states the data and its reading in reader-facing Korean
map,D-008,left-list,지역 기후예산 / 성·시별 기후예산 규모 · 2010-2013,KEEP,,states the data and its reading in reader-facing Korean
map,D-008,legend,지역 기후예산색상 지도 · 분석 기준 · 성 단위 기후변화 지출 누계 · VND표시 끄기,KEEP,,states the data and its reading in reader-facing Korean
map,D-008,selected-detail,데이터 지도자료를 여러 개 체크해 함께 볼 수 있습니다. 지역 색상 지도는 한 자료만 칠합니다.접기국가베트남방글라데시 · 준비 중필리핀 · 준비 중캄보디아 · 준비 중인도네시아 · 준비 중라오스 · 준비 중스리랑카 · 준비 중인도 · 준비 중말레이시아 · 준비 중이집트 · 준비 중전체 범위 보기모두 지우기지도 데이터42개 자료 · 선택 1개 · 준비 중 1개 · 색상·분석 기준: 지역 기후예산모두 펼치기선택 해제에너지·인프라8개발전소입지·발전원·설비용량 분포 · WRI(세계자원연구소) 2021i베트남 송전망선로 경로·전압별 분포 · 2016iCCS(탄소포집·저장) 시설·실증 및 후보지역시설·후보지 점 · 2026i수력 이론 잠재량성·시 경계(개편 전 63) · 2017i지열 자원(심도별 지온)성·시 경계(개,KEEP,,states the data and its reading in reader-facing Korean
map,D-018,left-list,적응기금 사업 / 참여지역·활동지역 · 2026,KEEP,,states the data and its reading in reader-facing Korean
map,D-018,legend,적응기금 사업분석 기준 · 지역 협력범위·세부 활동지역 · 사업표시 끄기,KEEP,,states the data and its reading in reader-facing Korean
map,D-018,selected-detail,데이터 지도자료를 여러 개 체크해 함께 볼 수 있습니다. 지역 색상 지도는 한 자료만 칠합니다.접기국가베트남방글라데시 · 준비 중필리핀 · 준비 중캄보디아 · 준비 중인도네시아 · 준비 중라오스 · 준비 중스리랑카 · 준비 중인도 · 준비 중말레이시아 · 준비 중이집트 · 준비 중전체 범위 보기모두 지우기지도 데이터42개 자료 · 선택 1개 · 준비 중 1개 · 색상·분석 기준: 적응기금 사업모두 펼치기선택 해제에너지·인프라8개발전소입지·발전원·설비용량 분포 · WRI(세계자원연구소) 2021i베트남 송전망선로 경로·전압별 분포 · 2016iCCS(탄소포집·저장) 시설·실증 및 후보지역시설·후보지 점 · 2026i수력 이론 잠재량성·시 경계(개편 전 63) · 2017i지열 자원(심도별 지온)성·시 경계(개,KEEP,,states the data and its reading in reader-facing Korean
map,E-004,left-list,국제기구 현지사무소 / 사무소 점(정밀도 표시) · 2026,KEEP,,states the data and its reading in reader-facing Korean
map,E-004,legend,국제기구 현지사무소분석 기준 · 국제기구 현지사무소 · 곳 · 속 빈 기호 = 근사 위치표시 끄기,KEEP,,states the data and its reading in reader-facing Korean
map,E-004,selected-detail,데이터 지도자료를 여러 개 체크해 함께 볼 수 있습니다. 지역 색상 지도는 한 자료만 칠합니다.접기국가베트남방글라데시 · 준비 중필리핀 · 준비 중캄보디아 · 준비 중인도네시아 · 준비 중라오스 · 준비 중스리랑카 · 준비 중인도 · 준비 중말레이시아 · 준비 중이집트 · 준비 중전체 범위 보기모두 지우기지도 데이터42개 자료 · 선택 1개 · 준비 중 1개 · 색상·분석 기준: 국제기구 현지사무소모두 접기선택 해제에너지·인프라8개발전소입지·발전원·설비용량 분포 · WRI(세계자원연구소) 2021i베트남 송전망선로 경로·전압별 분포 · 2016iCCS(탄소포집·저장) 시설·실증 및 후보지역시설·후보지 점 · 2026i수력 이론 잠재량성·시 경계(개편 전 63) · 2017i지열 자원(심도별 지온)성·시 경계,KEEP,,states the data and its reading in reader-facing Korean
map,E-005,left-list,대학·연구기관·NGO(비정부기구) / 기관 점(정밀도 표시) · 2026,KEEP,,states the data and its reading in reader-facing Korean
map,E-005,legend,대학·연구기관·NGO분석 기준 · 대학·연구기관·NGO · 개 기관 · 속 빈 기호 = 근사 위치표시 끄기,KEEP,,states the data and its reading in reader-facing Korean
map,E-005,selected-detail,데이터 지도자료를 여러 개 체크해 함께 볼 수 있습니다. 지역 색상 지도는 한 자료만 칠합니다.접기국가베트남방글라데시 · 준비 중필리핀 · 준비 중캄보디아 · 준비 중인도네시아 · 준비 중라오스 · 준비 중스리랑카 · 준비 중인도 · 준비 중말레이시아 · 준비 중이집트 · 준비 중전체 범위 보기모두 지우기지도 데이터42개 자료 · 선택 1개 · 준비 중 1개 · 색상·분석 기준: 대학·연구기관·NGO모두 접기선택 해제에너지·인프라8개발전소입지·발전원·설비용량 분포 · WRI(세계자원연구소) 2021i베트남 송전망선로 경로·전압별 분포 · 2016iCCS(탄소포집·저장) 시설·실증 및 후보지역시설·후보지 점 · 2026i수력 이론 잠재량성·시 경계(개편 전 63) · 2017i지열 자원(심도별 지온)성·시 경,KEEP,,states the data and its reading in reader-facing Korean
map,E-006,left-list,현지 투자자 네트워크 / 거점 점(정밀도 표시) · 2026,KEEP,,states the data and its reading in reader-facing Korean
map,E-006,legend,현지 투자자 네트워크분석 기준 · 베트남 내 투자자 거점 · 곳 · 속 빈 기호 = 근사 위치표시 끄기,KEEP,,states the data and its reading in reader-facing Korean
map,E-006,selected-detail,데이터 지도자료를 여러 개 체크해 함께 볼 수 있습니다. 지역 색상 지도는 한 자료만 칠합니다.접기국가베트남방글라데시 · 준비 중필리핀 · 준비 중캄보디아 · 준비 중인도네시아 · 준비 중라오스 · 준비 중스리랑카 · 준비 중인도 · 준비 중말레이시아 · 준비 중이집트 · 준비 중전체 범위 보기모두 지우기지도 데이터42개 자료 · 선택 1개 · 준비 중 1개 · 색상·분석 기준: 현지 투자자 네트워크모두 접기선택 해제에너지·인프라8개발전소입지·발전원·설비용량 분포 · WRI(세계자원연구소) 2021i베트남 송전망선로 경로·전압별 분포 · 2016iCCS(탄소포집·저장) 시설·실증 및 후보지역시설·후보지 점 · 2026i수력 이론 잠재량성·시 경계(개편 전 63) · 2017i지열 자원(심도별 지온)성·시 경,KEEP,,states the data and its reading in reader-facing Korean
map,E-018,left-list,한국 기업 진출 / 사업지 점(진출 상태·정밀도 표시) · 2026,KEEP,,states the data and its reading in reader-facing Korean
map,E-018,legend,한국 기업 진출분석 기준 · 한국 기업 사업지·법인 · 곳 · 속 빈 기호 = 근사 위치표시 끄기,KEEP,,states the data and its reading in reader-facing Korean
map,E-018,selected-detail,데이터 지도자료를 여러 개 체크해 함께 볼 수 있습니다. 지역 색상 지도는 한 자료만 칠합니다.접기국가베트남방글라데시 · 준비 중필리핀 · 준비 중캄보디아 · 준비 중인도네시아 · 준비 중라오스 · 준비 중스리랑카 · 준비 중인도 · 준비 중말레이시아 · 준비 중이집트 · 준비 중전체 범위 보기모두 지우기지도 데이터42개 자료 · 선택 1개 · 준비 중 1개 · 색상·분석 기준: 한국 기업 진출모두 접기선택 해제에너지·인프라8개발전소입지·발전원·설비용량 분포 · WRI(세계자원연구소) 2021i베트남 송전망선로 경로·전압별 분포 · 2016iCCS(탄소포집·저장) 시설·실증 및 후보지역시설·후보지 점 · 2026i수력 이론 잠재량성·시 경계(개편 전 63) · 2017i지열 자원(심도별 지온)성·시 경계(개,KEEP,,states the data and its reading in reader-facing Korean
map,E-019,left-list,한국 기관 사무소 / 사무소 점(정밀도 표시) · 2026,KEEP,,states the data and its reading in reader-facing Korean
map,E-019,legend,한국 기관 사무소분석 기준 · 한국 기관 사무소 · 곳 · 속 빈 기호 = 근사 위치표시 끄기,KEEP,,states the data and its reading in reader-facing Korean
map,E-019,selected-detail,데이터 지도자료를 여러 개 체크해 함께 볼 수 있습니다. 지역 색상 지도는 한 자료만 칠합니다.접기국가베트남방글라데시 · 준비 중필리핀 · 준비 중캄보디아 · 준비 중인도네시아 · 준비 중라오스 · 준비 중스리랑카 · 준비 중인도 · 준비 중말레이시아 · 준비 중이집트 · 준비 중전체 범위 보기모두 지우기지도 데이터42개 자료 · 선택 1개 · 준비 중 1개 · 색상·분석 기준: 한국 기관 사무소모두 접기선택 해제에너지·인프라8개발전소입지·발전원·설비용량 분포 · WRI(세계자원연구소) 2021i베트남 송전망선로 경로·전압별 분포 · 2016iCCS(탄소포집·저장) 시설·실증 및 후보지역시설·후보지 점 · 2026i수력 이론 잠재량성·시 경계(개편 전 63) · 2017i지열 자원(심도별 지온)성·시 경계(,KEEP,,states the data and its reading in reader-facing Korean
download,download,BUTTON,개도국 기후기술 협력 플랫폼국가녹색기술연구소 · 기후기술 협력 데이터,KEEP,,states the data and its reading in reader-facing Korean
download,download,BUTTON,데이터 찾기,KEEP,,states the data and its reading in reader-facing Korean
download,download,BUTTON,데이터 지도,KEEP,,states the data and its reading in reader-facing Korean
download,download,BUTTON,데이터 다운로드,KEEP,,states the data and its reading in reader-facing Korean
download,download,BUTTON,⌕검색Ctrl K,KEEP,,states the data and its reading in reader-facing Korean
download,download,H1,데이터 다운로드,KEEP,,states the data and its reading in reader-facing Korean
download,download,P,다운로드할 데이터를 선택하세요. CSV 또는 JSON으로 내려받을 수 있습니다,KEEP,,states the data and its reading in reader-facing Korean
download,download,BUTTON,CSV,KEEP,,states the data and its reading in reader-facing Korean
download,download,BUTTON,JSON,KEEP,,states the data and its reading in reader-facing Korean
download,download,H2,1. 데이터 선택,KEEP,,states the data and its reading in reader-facing Korean
download,download,LABEL,검색,KEEP,,states the data and its reading in reader-facing Korean
download,download,LABEL,국가전체베트남,KEEP,,states the data and its reading in reader-facing Korean
download,download,LABEL,대분류전체국가 기본 정보기후 환경정책·제도시장·산업 및 재원협력·실행 기반,KEEP,,states the data and its reading in reader-facing Korean
download,download,LABEL,부패인식지수(CPI) 선택,KEEP,,states the data and its reading in reader-facing Korean
download,download,BUTTON,CPI,KEEP,,states the data and its reading in reader-facing Korean
download,download,LABEL,국가 거버넌스 지표(WGI) 선택,KEEP,,states the data and its reading in reader-facing Korean
download,download,BUTTON,WGI,KEEP,,states the data and its reading in reader-facing Korean
download,download,LABEL,국내총생산 및 경제성장 선택,KEEP,,states the data and its reading in reader-facing Korean
download,download,LABEL,빈곤율 및 극빈곤율 선택,KEEP,,states the data and its reading in reader-facing Korean
download,download,LABEL,산업구조 선택,KEEP,,states the data and its reading in reader-facing Korean
download,download,LABEL,고용 및 실업 선택,KEEP,,states the data and its reading in reader-facing Korean
download,download,LABEL,인구 및 도시화 선택,KEEP,,states the data and its reading in reader-facing Korean
download,download,LABEL,소득 불평등(지니계수) 선택,KEEP,,states the data and its reading in reader-facing Korean
download,download,LABEL,온실가스 배출집약도 선택,KEEP,,states the data and its reading in reader-facing Korean
download,download,BUTTON,JRC,KEEP,,states the data and its reading in reader-facing Korean
download,download,BUTTON,EDGAR,KEEP,,states the data and its reading in reader-facing Korean
download,download,LABEL,온실가스 종류별 배출량 선택,KEEP,,states the data and its reading in reader-facing Korean
download,download,BUTTON,JRC,KEEP,,states the data and its reading in reader-facing Korean
download,download,BUTTON,EDGAR,KEEP,,states the data and its reading in reader-facing Korean
download,download,LABEL,부문별 온실가스 배출량 선택,KEEP,,states the data and its reading in reader-facing Korean
download,download,BUTTON,JRC,KEEP,,states the data and its reading in reader-facing Korean
download,download,BUTTON,EDGAR,KEEP,,states the data and its reading in reader-facing Korean
download,download,LABEL,온실가스 총배출량 선택,KEEP,,states the data and its reading in reader-facing Korean
download,download,BUTTON,JRC,KEEP,,states the data and its reading in reader-facing Korean
download,download,BUTTON,EDGAR,KEEP,,states the data and its reading in reader-facing Korean
download,download,LABEL,NDC와 지속가능발전목표 연계 선택,KEEP,,states the data and its reading in reader-facing Korean
download,download,BUTTON,NDC,KEEP,,states the data and its reading in reader-facing Korean
download,download,LABEL,지속가능발전목표 지수 선택,KEEP,,states the data and its reading in reader-facing Korean
download,download,BUTTON,SDSN,KEEP,,states the data and its reading in reader-facing Korean
download,download,LABEL,지속가능발전목표 세부 달성도 선택,KEEP,,states the data and its reading in reader-facing Korean
download,download,BUTTON,SDSN,KEEP,,states the data and its reading in reader-facing Korean
download,download,LABEL,1차 에너지 소비구조 선택,KEEP,,states the data and its reading in reader-facing Korean
download,download,LABEL,발전원별 균등화 발전비용 선택,KEEP,,states the data and its reading in reader-facing Korean
download,download,LABEL,발전설비 용량 선택,KEEP,,states the data and its reading in reader-facing Korean
download,download,BUTTON,IRENA,KEEP,,states the data and its reading in reader-facing Korean
download,download,LABEL,송배전 손실률 선택,KEEP,,states the data and its reading in reader-facing Korean
download,download,LABEL,재생에너지 비중 선택,KEEP,,states the data and its reading in reader-facing Korean
download,download,BUTTON,IRENA,KEEP,,states the data and its reading in reader-facing Korean
download,download,LABEL,전력 접근률 선택,KEEP,,states the data and its reading in reader-facing Korean
download,download,LABEL,정전 빈도와 지속시간 선택,KEEP,,states the data and its reading in reader-facing Korean
download,download,BUTTON,EVN,KEEP,,states the data and its reading in reader-facing Korean
download,download,LABEL,발전소 현황 선택,KEEP,,states the data and its reading in reader-facing Korean
download,download,LABEL,베트남 송전망 선택,KEEP,,states the data and its reading in reader-facing Korean
download,download,LABEL,탄소포집·저장 시설 선택,KEEP,,states the data and its reading in reader-facing Korean
download,download,LABEL,건물 분포 선택,KEEP,,states the data and its reading in reader-facing Korean
download,download,LABEL,육상교통 인프라 선택,KEEP,,states the data and its reading in reader-facing Korean
download,download,LABEL,해안·수자원 인프라 선택,KEEP,,states the data and its reading in reader-facing Korean
download,download,LABEL,자유무역협정 체결 현황 선택,KEEP,,states the data and its reading in reader-facing Korean
download,download,BUTTON,WTO,KEEP,,states the data and its reading in reader-facing Korean
download,download,BUTTON,VCCI,KEEP,,states the data and its reading in reader-facing Korean
download,download,LABEL,한국과의 교역 규모 선택,KEEP,,states the data and its reading in reader-facing Korean
download,download,LABEL,물류성과지수 선택,KEEP,,states the data and its reading in reader-facing Korean
download,download,LABEL,중간재 교역 규모 선택,KEEP,,states the data and its reading in reader-facing Korean
download,download,BUTTON,OECD,KEEP,,states the data and its reading in reader-facing Korean
download,download,LABEL,해운 연결성 선택,KEEP,,states the data and its reading in reader-facing Korean
download,download,BUTTON,UNCTAD,KEEP,,states the data and its reading in reader-facing Korean
download,download,LABEL,건기와 우기 선택,KEEP,,states the data and its reading in reader-facing Korean
download,download,BUTTON,CCKP,KEEP,,states the data and its reading in reader-facing Korean
download,download,BUTTON,CRU,KEEP,,states the data and its reading in reader-facing Korean
download,download,LABEL,기후대 선택,KEEP,,states the data and its reading in reader-facing Korean
download,download,LABEL,평균 기온과 강수량 선택,KEEP,,states the data and its reading in reader-facing Korean
download,download,BUTTON,CCKP,KEEP,,states the data and its reading in reader-facing Korean
download,download,BUTTON,CRU,KEEP,,states the data and its reading in reader-facing Korean
download,download,LABEL,과거·미래 기후전망(CMIP6) 선택,KEEP,,states the data and its reading in reader-facing Korean
download,download,BUTTON,CMIP6,KEEP,,states the data and its reading in reader-facing Korean
download,download,BUTTON,ESMAP,KEEP,,states the data and its reading in reader-facing Korean
download,download,LABEL,가뭄 위험 선택,KEEP,,states the data and its reading in reader-facing Korean
download,download,BUTTON,ERA5,KEEP,,states the data and its reading in reader-facing Korean
download,download,LABEL,폭염 위험 선택,KEEP,,states the data and its reading in reader-facing Korean
download,download,BUTTON,CCKP,KEEP,,states the data and its reading in reader-facing Korean
download,download,BUTTON,CMIP6,KEEP,,states the data and its reading in reader-facing Korean
download,download,LABEL,홍수·호우 위험 선택,KEEP,,states the data and its reading in reader-facing Korean
download,download,BUTTON,CCKP,KEEP,,states the data and its reading in reader-facing Korean
download,download,BUTTON,CMIP6,KEEP,,states the data and its reading in reader-facing Korean
download,download,LABEL,해수면 상승 전망 선택,KEEP,,states the data and its reading in reader-facing Korean
download,download,BUTTON,IPCC,KEEP,,states the data and its reading in reader-facing Korean
download,download,BUTTON,AR6,KEEP,,states the data and its reading in reader-facing Korean
download,download,BUTTON,NASA,KEEP,,states the data and its reading in reader-facing Korean
download,download,BUTTON,IPCC,KEEP,,states the data and its reading in reader-facing Korean
download,download,LABEL,생물다양성·기후 위험 선택,KEEP,,states the data and its reading in reader-facing Korean
download,download,BUTTON,ND-GAIN,KEEP,,states the data and its reading in reader-facing Korean
download,download,LABEL,기후위험지수 선택,KEEP,,states the data and its reading in reader-facing Korean
download,download,LABEL,기후취약성지수 선택,KEEP,,states the data and its reading in reader-facing Korean
download,download,BUTTON,ND-GAIN,KEEP,,states the data and its reading in reader-facing Korean
download,download,LABEL,재해·재난 이력 선택,KEEP,,states the data and its reading in reader-facing Korean
download,download,BUTTON,EM-DAT,KEEP,,states the data and its reading in reader-facing Korean
download,download,LABEL,탄소국경조정제도 영향 선택,KEEP,,states the data and its reading in reader-facing Korean
download,download,BUTTON,CBAM,KEEP,,states the data and its reading in reader-facing Korean
download,download,LABEL,탄소세 도입 효과 전망 선택,KEEP,,states the data and its reading in reader-facing Korean
download,download,BUTTON,CCDR,KEEP,,states the data and its reading in reader-facing Korean
download,download,LABEL,탄소가격 수준 선택,KEEP,,states the data and its reading in reader-facing Korean
download,download,LABEL,화석연료 의존도 선택,KEEP,,states the data and its reading in reader-facing Korean
download,download,LABEL,물 스트레스 선택,KEEP,,states the data and its reading in reader-facing Korean
download,download,BUTTON,FAO,KEEP,,states the data and its reading in reader-facing Korean
download,download,BUTTON,AQUASTAT,KEEP,,states the data and its reading in reader-facing Korean
download,download,BUTTON,SDG,KEEP,,states the data and its reading in reader-facing Korean
download,download,LABEL,장기 국내총생산 전망 선택,KEEP,,states the data and its reading in reader-facing Korean
download,download,BUTTON,IIASA,KEEP,,states the data and its reading in reader-facing Korean
download,download,BUTTON,SSP,KEEP,,states the data and its reading in reader-facing Korean
download,download,LABEL,장기 인구 전망 선택,KEEP,,states the data and its reading in reader-facing Korean
download,download,BUTTON,IIASA,KEEP,,states the data and its reading in reader-facing Korean
download,download,BUTTON,SSP,KEEP,,states the data and its reading in reader-facing Korean
download,download,BUTTON,IIASA,KEEP,,states the data and its reading in reader-facing Korean
download,download,LABEL,복합 위험지수 선택,KEEP,,states the data and its reading in reader-facing Korean
download,download,BUTTON,EU,KEEP,,states the data and its reading in reader-facing Korean
download,download,BUTTON,JRC,KEEP,,states the data and its reading in reader-facing Korean
download,download,BUTTON,INFORM,KEEP,,states the data and its reading in reader-facing Korean
download,download,LABEL,취약성지수 선택,KEEP,,states the data and its reading in reader-facing Korean
download,download,BUTTON,GDL,KEEP,,states the data and its reading in reader-facing Korean
download,download,LABEL,기후피해의 경제적 비용 선택,KEEP,,states the data and its reading in reader-facing Korean
guide,guide,BUTTON,개도국 기후기술 협력 플랫폼국가녹색기술연구소 · 기후기술 협력 데이터,KEEP,,states the data and its reading in reader-facing Korean
guide,guide,BUTTON,데이터 찾기,KEEP,,states the data and its reading in reader-facing Korean
guide,guide,BUTTON,데이터 지도,KEEP,,states the data and its reading in reader-facing Korean
guide,guide,BUTTON,데이터 다운로드,KEEP,,states the data and its reading in reader-facing Korean
guide,guide,BUTTON,⌕검색Ctrl K,KEEP,,states the data and its reading in reader-facing Korean
guide,guide,H1,데이터 이용안내,KEEP,,states the data and its reading in reader-facing Korean
guide,guide,P,"데이터 범위, 자료기간, 출처, 다운로드 및 지도 이용 시 참고사항을 안내합니다.",KEEP,,states the data and its reading in reader-facing Korean
guide,guide,H2,조회순·최신순 안내,KEEP,,states the data and its reading in reader-facing Korean
guide,guide,P,"홈의 조회순은 최근 30일간의 상세보기 열람을, 주요 지역 데이터는 데이터 지도에서 주 분석 자료로 선택한 횟수를 기준으로 합니다. 같은 브라우저 세션에서 30분 이내 반복한 열람은 한 번만 집계합니다.",KEEP,,states the data and its reading in reader-facing Korean
guide,guide,P,최신순은 자료 파일이 플랫폼에 갱신된 날짜를 기준으로 합니다. 통계의 기준연도나 기후전망의 대상연도와는 다릅니다. 갱신일이 같은 자료는 데이터명 순으로 표시합니다.,KEEP,,states the data and its reading in reader-facing Korean
guide,guide,SUMMARY,이용 집계에 사용하는 정보,KEEP,,states the data and its reading in reader-facing Korean
guide,guide,P,브라우저의 추적 금지(DNT) 또는 개인정보 보호 신호(GPC)가 활성화되어 있거나 세션 저장을 사용할 수 없으면 조회를 집계하지 않습니다. 서버 운영에 필요한 접속 로그는 이 조회 집계와 별도로 호스팅 서비스 정책을 따릅니다.,KEEP,,states the data and its reading in reader-facing Korean
guide,guide,BUTTON,조회순·최신순,KEEP,,states the data and its reading in reader-facing Korean
guide,guide,BUTTON,제공 범위,KEEP,,states the data and its reading in reader-facing Korean
guide,guide,BUTTON,데이터 상태,KEEP,,states the data and its reading in reader-facing Korean
guide,guide,BUTTON,자료기간,KEEP,,states the data and its reading in reader-facing Korean
guide,guide,BUTTON,결측값,KEEP,,states the data and its reading in reader-facing Korean
guide,guide,BUTTON,다운로드,KEEP,,states the data and its reading in reader-facing Korean
guide,guide,BUTTON,지도 이용,KEEP,,states the data and its reading in reader-facing Korean
guide,guide,BUTTON,용어·약어,KEEP,,states the data and its reading in reader-facing Korean
guide,guide,H2,데이터 제공 범위,KEEP,,states the data and its reading in reader-facing Korean
guide,guide,P,"현재 베트남 데이터를 제공합니다. 정책·제도, 에너지, 온실가스, 산림·토지, 기후사업·재원, 연구·협력기관 자료를 데이터 항목 단위로 확인할 수 있습니다.",KEEP,,states the data and its reading in reader-facing Korean
guide,guide,H2,데이터 상태의 의미,KEEP,,states the data and its reading in reader-facing Korean
guide,guide,DT,데이터 제공,KEEP,,states the data and its reading in reader-facing Korean
guide,guide,DT,일부 데이터 제공,KEEP,,states the data and its reading in reader-facing Korean
guide,guide,DT,값이 없는 데이터,KEEP,,states the data and its reading in reader-facing Korean
guide,guide,H2,자료기간의 의미,KEEP,,states the data and its reading in reader-facing Korean
guide,guide,P,"기준연도는 해당 값이나 목록이 설명하는 시점을 뜻합니다. 여러 해의 값이 있는 데이터는 자료기간을 표시하고, 미래 연도가 있으면 전망임을 함께 적습니다. 자료 갱신일(출처 확인일)과 값의 기준연도는 서로 다를 수 있으며, 자료 정리 기준일을 모든 통계의 기준연도로 읽지 않습니다.",KEEP,,states the data and its reading in reader-facing Korean
guide,guide,H2,결측값 처리원칙,KEEP,,states the data and its reading in reader-facing Korean
guide,guide,P,"원천에 없는 값은 0으로 임의 대체하지 않습니다. 값이 제공되지 않은 기간·지역·분류는 빈 값 또는 결측으로 구분하고, 해석에 중요한 공백은 각 데이터의 유의사항에 설명합니다.",KEEP,,states the data and its reading in reader-facing Korean
guide,guide,H2,다운로드 가능 여부,KEEP,,states the data and its reading in reader-facing Korean
guide,guide,P,"다운로드 가능 표시는 재사용 가능한 공개 파일이 있다는 뜻입니다. 일부 데이터는 이용조건에 따라 화면에서만 제공하며, 실제 입력값이 없는 항목에는 다운로드 자료가 없습니다.",KEEP,,states the data and its reading in reader-facing Korean
guide,guide,H2,출처·이용조건,KEEP,,states the data and its reading in reader-facing Korean
guide,guide,P,"각 상세화면에서 제공기관, 공식 원문, 출처표시와 이용조건을 확인할 수 있습니다. 데이터를 재사용할 때에는 해당 항목에 표시된 출처와 이용조건을 함께 확인해 주세요.",KEEP,,states the data and its reading in reader-facing Korean
guide,guide,H2,지도 이용 시 참고사항,KEEP,,states the data and its reading in reader-facing Korean
guide,guide,P,지역별 자료는 개편 전 베트남 63개 성·시 경계를 기준으로 연결합니다. 결측 지역을 0으로 표시하지 않습니다. 송전망 위치는 국가 단위 분포 확인용이며 정밀 설계나 시설 경계 판정에는 적합하지 않습니다.,KEEP,,states the data and its reading in reader-facing Korean
guide,guide,H2,데이터 기준일,KEEP,,states the data and its reading in reader-facing Korean
guide,guide,P,현재 공개된 데이터의 기준일은 2026.08.27입니다.,KEEP,,states the data and its reading in reader-facing Korean
guide,guide,H2,용어·약어,KEEP,,states the data and its reading in reader-facing Korean
guide,guide,P,플랫폼의 개발협력·기후·에너지 용어와 단위를 한국어·영어 명칭과 함께 확인할 수 있습니다.,KEEP,,states the data and its reading in reader-facing Korean
guide,guide,LABEL,용어 검색,KEEP,,states the data and its reading in reader-facing Korean
guide,guide,P,온도와 온도 변화량을 나타내는 단위입니다.,KEEP,,states the data and its reading in reader-facing Korean
guide,guide,P,국가 간 감축실적 이전과 국제 크레딧 메커니즘을 규정한 파리협정 조항입니다.,KEEP,,states the data and its reading in reader-facing Korean
guide,guide,P,유엔 감독 아래 온실가스 감축실적을 발급·이전하는 파리협정의 국제 탄소시장 메커니즘입니다.,KEEP,,states the data and its reading in reader-facing Korean
guide,guide,P,파리협정 제6조 4항 메커니즘에서 발행되는 감축실적 단위입니다.,KEEP,,states the data and its reading in reader-facing Korean
guide,guide,P,파리협정 제6조 탄소시장·비시장 협력의 이행을 지원하는 국가·기관 파트너십입니다.,KEEP,,states the data and its reading in reader-facing Korean
guide,guide,P,ASEAN과 호주·뉴질랜드가 맺은 다자 자유무역협정입니다.,KEEP,,states the data and its reading in reader-facing Korean
guide,guide,P,우간다가 제출해 UNFCCC NMA 플랫폼에 등재된 비시장접근법의 명칭입니다.,KEEP,,states the data and its reading in reader-facing Korean
guide,guide,P,ASEAN과 캐나다가 맺은 다자 자유무역협정입니다.,KEEP,,states the data and its reading in reader-facing Korean
guide,guide,P,ASEAN과 중국이 맺은 다자 자유무역협정입니다.,KEEP,,states the data and its reading in reader-facing Korean
guide,guide,P,아시아·태평양 지역의 개발사업과 정책을 지원하는 다자개발은행입니다.,KEEP,,states the data and its reading in reader-facing Korean
guide,guide,P,"국가 바로 아래 행정구역 단계입니다. 베트남에서는 성(tỉnh)과 중앙직할시를 뜻하며, 기후 격자 통계는 이 경계로 집계됩니다.",KEEP,,states the data and its reading in reader-facing Korean
guide,guide,P,GCF 사업을 제안·관리할 수 있도록 인증된 기관,KEEP,,states the data and its reading in reader-facing Korean
guide,guide,P,ASEAN 회원국이 단일 시장과 생산기지를 지향해 구성한 경제공동체입니다.,KEEP,,states the data and its reading in reader-facing Korean
guide,guide,P,프랑스의 공공 개발금융기관으로 개발협력 사업과 정책금융을 지원합니다.,KEEP,,states the data and its reading in reader-facing Korean
guide,guide,P,"농업과 산림, 기타 토지이용에서 발생하는 온실가스 배출·흡수를 함께 다루는 부문입니다.",KEEP,,states the data and its reading in reader-facing Korean
guide,guide,P,ASEAN 회원국 사이의 물품 교역 조건을 정한 역내 협정입니다.,KEEP,,states the data and its reading in reader-facing Korean
guide,guide,P,ASEAN과 홍콩이 맺은 다자 자유무역협정입니다.,KEEP,,states the data and its reading in reader-facing Korean
guide,guide,P,사람의 인지·판단 기능을 기계가 수행하도록 하는 기술 분야입니다.,KEEP,,states the data and its reading in reader-facing Korean
guide,guide,P,ASEAN과 인도가 맺은 다자 자유무역협정입니다.,KEEP,,states the data and its reading in reader-facing Korean
guide,guide,P,ASEAN과 일본이 맺은 포괄적 경제동반자 협정입니다.,KEEP,,states the data and its reading in reader-facing Korean
guide,guide,P,ASEAN과 한국이 맺은 다자 자유무역협정입니다.,KEEP,,states the data and its reading in reader-facing Korean
guide,guide,P,서로 다른 소프트웨어가 정해진 방식으로 데이터와 기능을 주고받는 연결 규칙입니다.,KEEP,,states the data and its reading in reader-facing Korean
guide,guide,P,국가별 수자원과 농업용수 통계를 제공하는 유엔식량농업기구의 국제 정보시스템입니다.,KEEP,,states the data and its reading in reader-facing Korean
guide,guide,P,"2014년 발간된 IPCC 제5차 평가보고서로, 지구온난화지수 값의 근거로 인용됩니다.",KEEP,,states the data and its reading in reader-facing Korean
guide,guide,P,기후변화의 과학적 근거와 영향·적응·감축 지식을 종합한 기후변화에 관한 정부간 협의체의 평가보고서입니다.,KEEP,,states the data and its reading in reader-facing Korean
guide,guide,P,산림 부문 감축성과(REDD+)의 크레딧 발행 기준(TREES)을 운영하는 독립 표준 기구입니다.,KEEP,,states the data and its reading in reader-facing Korean
guide,guide,P,국제감축·시장 및 비시장 협력을 다루는 조항,KEEP,,states the data and its reading in reader-facing Korean
guide,guide,P,국제농업개발기금(IFAD)이 운영하는 소농 기후적응 지원 프로그램입니다.,KEEP,,states the data and its reading in reader-facing Korean
guide,guide,P,동남아시아 국가들의 경제·사회·안보 협력을 위한 지역 협력체입니다.,KEEP,,states the data and its reading in reader-facing Korean
guide,guide,P,투자기관이 운용하는 총 자산규모,KEEP,,states the data and its reading in reader-facing Korean
guide,guide,P,최종 소비자가 아니라 기업과 기업 사이에 이루어지는 거래를 뜻합니다.,KEEP,,states the data and its reading in reader-facing Korean
guide,guide,P,추가 정책이나 조치가 없다고 가정한 기준 시나리오입니다.,KEEP,,states the data and its reading in reader-facing Korean
guide,guide,P,전력을 배터리에 저장했다가 필요한 시점에 공급하는 설비입니다.,KEEP,,states the data and its reading in reader-facing Korean
guide,guide,P,베트남의 기업·인프라·개발금융을 제공하는 상업은행입니다.,KEEP,,states the data and its reading in reader-facing Korean
guide,guide,P,산림·토지이용 기반 감축과 농촌 저탄소 개발 지원,KEEP,,states the data and its reading in reader-facing Korean
guide,guide,P,민간이 건설해 임대 운영한 뒤 소유권을 국가에 넘기는 민관협력 계약 방식입니다.,KEEP,,states the data and its reading in reader-facing Korean
guide,guide,P,민간이 시설을 건설해 소유하고 직접 운영하는 민관협력 계약 방식입니다.,KEEP,,states the data and its reading in reader-facing Korean
guide,guide,P,민간이 시설을 건설·운영한 뒤 약정 기간 후 공공에 이전하는 사업방식입니다.,KEEP,,states the data and its reading in reader-facing Korean
guide,guide,P,전용 차로와 우선 신호로 버스를 지하철처럼 운영하는 대중교통 방식입니다.,KEEP,,states the data and its reading in reader-facing Korean
guide,guide,P,민간이 시설을 건설한 뒤 소유권을 국가에 넘기는 민관협력 계약 방식입니다.,KEEP,,states the data and its reading in reader-facing Korean
guide,guide,P,민간이 건설해 소유권을 넘기고 임대료를 받아 회수하는 민관협력 계약 방식입니다.,KEEP,,states the data and its reading in reader-facing Korean
guide,guide,P,민간이 건설 후 소유권을 넘기고 일정 기간 운영권을 갖는 민관협력 계약 방식입니다.,KEEP,,states the data and its reading in reader-facing Korean
guide,guide,P,파리협정 투명성체계에 따라 2년마다 제출하는 국가 기후행동 보고서입니다.,KEEP,,states the data and its reading in reader-facing Korean
guide,guide,P,파리협정 투명성 체계에 따라 각국이 제출하는 첫 격년 이행보고서입니다.,KEEP,,states the data and its reading in reader-facing Korean
guide,guide,P,개도국이 온실가스 배출과 기후행동 현황을 2년 주기로 갱신해 제출하던 보고서입니다.,KEEP,,states the data and its reading in reader-facing Korean
guide,guide,P,감축실적을 국가 간에 이전할 때 이중계상을 막기 위해 배출량 장부를 맞추는 조정입니다.,KEEP,,states the data and its reading in reader-facing Korean
guide,guide,P,시작값과 종료값 사이의 연평균 성장속도를 복리 기준으로 환산한 값입니다.,KEEP,,states the data and its reading in reader-facing Korean
guide,guide,P,설비 구축·건설에 필요한 초기 투자비,KEEP,,states the data and its reading in reader-facing Korean
guide,guide,P,파리협정 제6조의 국제 이전 감축실적을 기록하고 보고하는 유엔기후변화협약 플랫폼입니다.,KEEP,,states the data and its reading in reader-facing Korean
guide,guide,P,수입품의 내재배출량에 탄소비용을 반영하는 국경 조정제도입니다.,KEEP,,states the data and its reading in reader-facing Korean
guide,guide,P,예산사업이 기후변화 대응에 기여하는지 분류·표시해 관련 지출을 추적하는 제도입니다.,KEEP,,states the data and its reading in reader-facing Korean
guide,guide,P,이미 일어난 기후변화의 영향에 대비해 피해를 줄이는 정책과 조치입니다.,KEEP,,states the data and its reading in reader-facing Korean
guide,guide,P,메탄 등 단기 체류 기후오염물질 감축을 추진하는 국제 연합체입니다.,KEEP,,states the data and its reading in reader-facing Korean
guide,guide,P,저탄소·기후회복력 정책과 파리협정 이행을 지원하는 유엔환경계획 전문센터입니다.,KEEP,,states the data and its reading in reader-facing Korean
guide,guide,P,기후와 개발 목표을 함께 달성하기 위한 우선과제를 분석한 세계은행 국가보고서입니다.,KEEP,,states the data and its reading in reader-facing Korean
guide,guide,P,가스터빈과 증기터빈을 결합해 연료 이용효율을 높인 발전방식입니다.,KEEP,,states the data and its reading in reader-facing Korean
guide,guide,P,유럽우주국 기후변화 이니셔티브가 위성관측으로 구축한 토지피복 자료입니다.,KEEP,,states the data and its reading in reader-facing Korean
guide,guide,P,기후변화가 문화·자연유산에 미치는 영향을 다루는 국제 협력 이니셔티브입니다.,KEEP,,states the data and its reading in reader-facing Korean
guide,guide,P,세계은행이 국가별 기후관측과 미래전망 데이터를 제공하는 포털입니다.,KEEP,,states the data and its reading in reader-facing Korean
guide,guide,P,각국의 기후 관련 법령과 정책 문서를 수집·공개하는 데이터베이스입니다.,KEEP,,states the data and its reading in reader-facing Korean
guide,guide,P,배출원의 이산화탄소를 포집해 장기간 저장하는 기술 체계입니다.,KEEP,,states the data and its reading in reader-facing Korean
guide,guide,P,포집한 이산화탄소를 활용하거나 장기간 저장하는 기술 체계입니다.,KEEP,,states the data and its reading in reader-facing Korean
guide,guide,P,강수가 기준 이하인 날이 연속되는 최대 기간,KEEP,,states the data and its reading in reader-facing Korean
guide,guide,P,교토의정서에 따라 개도국 감축사업의 실적을 탄소배출권으로 인정한 제도입니다.,KEEP,,states the data and its reading in reader-facing Korean
guide,guide,P,"일본이 제출한 파리협정 6.8조 비시장접근법으로, 아세안 역내 청정에너지 협력 모델입니다.",KEEP,,states the data and its reading in reader-facing Korean
guide,guide,P,에너지전환과 녹색성장 정책을 연구하는 베트남 연구기관입니다.,KEEP,,states the data and its reading in reader-facing Korean
guide,guide,P,국가·산업·금융시장별 거시경제와 기업 통계를 제공하는 상업 데이터 서비스입니다.,KEEP,,states the data and its reading in reader-facing Korean
guide,guide,P,배출구에서 오염물질 농도를 상시 실측하는 장치입니다.,KEEP,,states the data and its reading in reader-facing Korean
guide,guide,P,상품 교역뿐 아니라 서비스·투자·협력까지 함께 다루는 경제동반자 협정 형식입니다.,KEEP,,states the data and its reading in reader-facing Korean
guide,guide,P,"백열등을 대체하는 소형 형광 조명으로, 조명 효율 개선 사업에 쓰입니다.",KEEP,,states the data and its reading in reader-facing Korean
guide,guide,P,식량안보와 지속가능한 농업을 연구하는 국제 연구기관 연합입니다.,KEEP,,states the data and its reading in reader-facing Korean
guide,guide,P,위성관측을 이용해 토지피복·식생·물순환 등 전지구 육상 정보를 제공하는 서비스입니다.,KEEP,,states the data and its reading in reader-facing Korean
guide,guide,P,이산화탄소보다 온난화 영향이 큰 주요 온실가스입니다.,KEEP,,states the data and its reading in reader-facing Korean
guide,guide,P,전기와 열을 한 설비에서 함께 생산해 연료 이용률을 높이는 방식입니다.,KEEP,,states the data and its reading in reader-facing Korean
guide,guide,P,개발은행을 통해 청정기술·기후회복력 투자를 지원,KEEP,,states the data and its reading in reader-facing Korean
guide,guide,P,법인의 소득에 부과하는 세금입니다. 베트남 투자법령의 우대세율·면제감면은 이 세목을 기준으로 정합니다.,KEEP,,states the data and its reading in reader-facing Korean
guide,guide,P,기후행동 포털(NAZCA)에 등재된 미생물 생명공학 협력 플랫폼입니다.,KEEP,,states the data and its reading in reader-facing Korean
guide,guide,P,다수 기후모델의 과거 재현과 미래 전망을 비교하는 국제 기후모델 프로젝트입니다.,KEEP,,states the data and its reading in reader-facing Korean
guide,guide,P,화석연료 연소와 토지이용 변화 등에서 배출되는 대표적인 온실가스입니다.,KEEP,,states the data and its reading in reader-facing Korean
