elementId,title,description,period,tags,actions,decision,replacement,reason
A-016,1차 에너지 소비량,,1965–2025년,,EJ / EJ / EJ / 상세보기 / 다운로드,KEEP,,no visible copy on this surface
D-003,1MW당 예상 온실가스 감축량,,바이오에너지 기술 · 1MW당 20년 누적 온실가스 감축량,,EVN / EVN / MW / EVN / DCC / 상세보기 / 다운로드,KEEP,,no visible copy on this surface
B-005,가뭄 지표,,1950–2100년 (과거 모형 1950–2014 · 전망 2015–2100),,CCKP / CMIP6 / CDD / SSP2-4.5 / CDD / SSP2-4.5 / CCKP / CMIP6 / 상세보기 / 지도에서 보기 / 다운로드,KEEP,,no visible copy on this surface
A-010,가스종류별 온실가스 배출량,,2024년 구성 · 1970–2024년 제공,,GHG / EU / JRC / EDGAR / MtCO₂e / MtCO₂e / GWP / AR5 / CO₂ / CH₄ / N₂O / JRC / EDGAR / 상세보기 / 다운로드,KEEP,,no visible copy on this surface
E-001,각국 기후기술 창구기관(NDE),,2026년,,CTCN / NDE / UNFCCC / CTCN / NDE / VUSTA / CTCN / 상세보기 / 다운로드,KEEP,,no visible copy on this surface
D-005,감축·적응 기후예산 배분 비율,,2010·2013·2020년,,CCDR / MPI / CPEIR / MPI / CPEIR / 상세보기 / 다운로드,KEEP,,no visible copy on this surface
E-002,감축사업 승인기관(DNA),,2026년,,UNFCCC / DNA / DNA / UNFCCC / 상세보기 / 다운로드,KEEP,,no visible copy on this surface
E-019,개도국 내 한국 기관 사무소,,2026년,,NIGT / KOICA / KOTRA / KOTRA / 상세보기 / 지도에서 보기 / 다운로드,KEEP,,no visible copy on this surface
B-001,건기·우기 구분,,1991–2020년 평년값,,CCKP / CCKP / CRU TS / 상세보기 / 다운로드,KEEP,,no visible copy on this surface
B-023,건기·우기 유량 차이,,2004·2009·2010년,,MRC / MRC / 상세보기 / 지도에서 보기 / 다운로드,KEEP,,no visible copy on this surface
A-026,건물 윤곽·속성,,2023년 자료 설명,,GIS / 상세보기 / 다운로드,KEEP,,no visible copy on this surface
C-002,격년투명성보고서(BTR·구 BUR),,2010–2059년,,BTR / BUR / UNFCCC / BTR / BUR / GCF / UNFCCC / MONRE / UNFCCC / BTR / BUR / GEF / 상세보기 / 다운로드,KEEP,,no visible copy on this surface
D-012,경쟁국 기업 진출 현황,,2019–2021년,,IEEFA / IEEFA / RE / RE / RE / RE / IEEFA / 상세보기 / 다운로드,KEEP,,no visible copy on this surface
B-019,공유사회경제경로(SSP) 인구 전망,,2020–2100년,,SSP / IIASA / SSP / SSP2 / SSP2 / IIASA / SSP / IIASA / 상세보기 / 다운로드,KEEP,,no visible copy on this surface
B-018,공유사회경제경로(SSP) GDP 전망,,2020–2100년,,SSP / IIASA / SSP / GDP / GDP / PPP / SSP2 / GDP / PPP / SSP2 / IIASA / SSP / OECD / 상세보기 / 다운로드,KEEP,,no visible copy on this surface
D-015,공적개발원조(ODA) 프로젝트,,2024년,,ODA / ODA / ODA / ODA / ODA / OECD / CRS / EDCF / KOICA / 상세보기 / 다운로드,KEEP,,no visible copy on this surface
B-004,과거·미래 기후 변수(CMIP6),,1950–2100년 (과거 모형 1950–2014 · 전망 2015–2100),,CCKP / CMIP6 / CMIP6 / °C / SSP2-4.5 / °C / SSP2-4.5 / CCKP / CMIP6 / 상세보기 / 지도에서 보기 / 다운로드,KEEP,,no visible copy on this surface
B-046,광물 매장량(확인·추정),,안티모니,,USGS / USGS / 상세보기 / 다운로드,KEEP,,no visible copy on this surface
B-048,광산·가공 시설 위치,,2016–2022년,,USGS / USGS / MRDS / USGS / USGS / MRDS / 상세보기 / 지도에서 보기 / 다운로드,KEEP,,no visible copy on this surface
B-047,광종별 광산 생산량,,주석,,USGS / USGS / 상세보기 / 다운로드,KEEP,,no visible copy on this surface
B-045,광종별 세계 매장량·생산 순위,,2026년,,USGS / USGS / USGS / 상세보기 / 다운로드,KEEP,,no visible copy on this surface
A-027,교통 인프라,,피처 수 · OSM 도로 레이어의 지물 건수,,GIS / OSM / OSM / 상세보기 / 다운로드,KEEP,,no visible copy on this surface
C-003,국가 적응계획(NAP),,2020–2050년,,NAP / UNFCCC / NAP / UNFCCC / UNFCCC / NAP / MAE / 상세보기 / 다운로드,KEEP,,no visible copy on this surface
C-001,국가결정기여(NDC),,2022년 제출 · 2030년 목표,,NDC / UNFCCC / NDC / UNFCCC / BAU / UNFCCC / NDC / MONRE / 상세보기 / 다운로드,KEEP,,no visible copy on this surface
E-018,국내 기업 개도국 진출 현황,,2026년,,NIGT / KETEP / 상세보기 / 지도에서 보기 / 다운로드,KEEP,,no visible copy on this surface
A-003,국내총생산(GDP),,1985–2025년,,WDI / GDP / 상세보기 / 다운로드,KEEP,,no visible copy on this surface
D-023,국제 기후기금 승인 사업,,1991–2026년 승인·등록 사업,,GCF / GCF / GEF / AF / CIF / GEF / GCF / CIF / GCF / GEF / CIF / 상세보기 / 다운로드,KEEP,,no visible copy on this surface
E-015,국제 기후협력체 참여 현황,,2026년,,NDC / NDC / GGGI / NDC / IRENA / NDC / GGGI / IRENA / 상세보기 / 다운로드,KEEP,,no visible copy on this surface
E-004,국제기구 현지사무소 담당자,,2026년,,UNDP / 상세보기 / 지도에서 보기 / 다운로드,KEEP,,no visible copy on this surface
C-005,기술수요평가(TNA),,2012년,,TNA / UNFCCC / TNA / MONRE / UNFCCC / TT:CLEAR / MONRE / TNA / UNFCCC / TT:CLEAR / 상세보기 / 다운로드,KEEP,,no visible copy on this surface
D-019,기술지원 요청 현황,,2025년,,CTCN / NDE / CTCN / 상세보기 / 다운로드,KEEP,,no visible copy on this surface
B-017,기저 물 스트레스,,2023–2080년,,WRI / WRI / WRI / 상세보기 / 다운로드,KEEP,,no visible copy on this surface
D-006,기후 관련 조세(환경보호세) 수입,,2019–2024년,,EPT / VND / EPT / VND / EPT / 상세보기 / 다운로드,KEEP,,no visible copy on this surface
B-010,기후 리스크 지수(CRI),,61 순위,,CRI / CRI / 상세보기 / 다운로드,KEEP,,no visible copy on this surface
C-009,기후 법제도 현황,,2005–2050년,,NĐ-CP / QĐ-TTg / QĐ-TTg / 상세보기 / 지도에서 보기 / 다운로드,KEEP,,no visible copy on this surface
B-011,기후 취약성·적응 준비도 지수,,1995–2024년,,ND-GAIN / ND-GAIN / ND-GAIN / ND-GAIN / 상세보기 / 다운로드,KEEP,,no visible copy on this surface
B-022,기후 피해 경제적 비용(CCDR),,2040년,,CCDR / CCDR / 상세보기 / 다운로드,KEEP,,no visible copy on this surface
D-024,기후기술 벤처·임팩트 투자,,2026년,,RMIT / RMIT / 상세보기 / 다운로드,KEEP,,no visible copy on this surface
D-002,기후기술 시장 성장률(CAGR),,바이오에너지 기술 · 2023→2030 설비용량 연평균성장률(CAGR),,CAGR / CAGR / CAGR / QĐ-TTg / PDP8 / 상세보기 / 다운로드,KEEP,,no visible copy on this surface
D-009,기후대응 정부 예산 규모,,GDP 대비 기후지출 비중 · 5개 부처 기후지출의 GDP 대비 비중,,UNDP / GDP / GDP / GDP / MPI / CPEIR / 상세보기 / 다운로드,KEEP,,no visible copy on this surface
D-007,기후예산태깅(CBT) 도입 여부·수준,,2015–2022년,,CBT / TCCRE / TCCRE / MPI / CPEIR / CCDR / 상세보기 / 다운로드,KEEP,,no visible copy on this surface
D-018,기후적응 지원사업,,2026년,,USD / USD / 상세보기 / 지도에서 보기 / 다운로드,KEEP,,no visible copy on this surface
D-013,녹색성장지수,,2024년,,GGGI / GGGI / GGGI / NCP / ESRU / GEO / GGGI / 상세보기 / 다운로드,KEEP,,no visible copy on this surface
B-024,농업용수 취수 비중,,1990–2023년,,FAO / AQUASTAT / FAO / AQUASTAT / 상세보기 / 다운로드,KEEP,,no visible copy on this surface
D-022,다자개발은행·개발금융기관 기후 관련 투자 사업,,2026년,,IATI / IDA / IBRD / IATI / ADB / IFC / MDB / DFI / 상세보기 / 다운로드,KEEP,,no visible copy on this surface
D-021,다자개발은행·국제기구 개발협력 사업,,2026년,,IATI / IATI / ADB / IFC / UNDP / FAO / UNESCO / UNICEF / UN / UNEP / IFAD / UNIDO / WHO / ILO / 상세보기 / 다운로드,KEEP,,no visible copy on this surface
D-001,단위 사업당 설비투자비(CAPEX),,바이오에너지 기술 (Biomass) · 총투자액÷설비용량 중앙값,,PPI / CAPEX / USD / 단위 사업당 CAPEX / PPI / 상세보기 / 다운로드,KEEP,,no visible copy on this surface
E-005,대학·연구기관·비영리단체(NGO),,2026년,,NIGT / NGO / CTCN / 상세보기 / 지도에서 보기 / 다운로드,KEEP,,no visible copy on this surface
A-031,물류성과지수(LPI),,2007–2022년,,LPI / LPI / LPI / 상세보기 / 다운로드,KEEP,,no visible copy on this surface
D-025,민간 인프라 참여 사업(PPI),,2024년,,PPI / PPI / 상세보기 / 다운로드,KEEP,,no visible copy on this surface
C-012,민관협력(PPP) 제도·조달 체계,,2000–2026년,,PPP / PPP / PPP / BLT / BOO / BOT / 상세보기 / 지도에서 보기 / 다운로드,KEEP,,no visible copy on this surface
B-038,바이오매스 발생량,,2015–2050년,,상세보기 / 다운로드,KEEP,,no visible copy on this surface
A-023,발전소 공간정보(GPPD),,WRI GPPD v1.3.0(2021) · OSM 2026년 추출,,GIS / WRI / GPPD / MW / WRI / WRI / OSM / WRI / GPPD / OSM / 상세보기 / 지도에서 보기 / 다운로드,KEEP,,no visible copy on this surface
B-020,복합 리스크 지수,,2017–2026년,,INFORM / INFORM / INFORM / INFORM / INFORM / EU / JRC / INFORM / 상세보기 / 다운로드,KEEP,,no visible copy on this surface
A-011,부문별 온실가스 배출량,,1970–2024년,,GHG / EU / JRC / EDGAR / MtCO₂e / MtCO₂e / MtCO₂e / IPPU / JRC / EDGAR / 상세보기 / 다운로드,KEEP,,no visible copy on this surface
D-016,부처·지자체 개발협력 사업,,2024년,,ODA / ODA / ODA / OECD / CRS / EDCF / KOICA / 상세보기 / 다운로드,KEEP,,no visible copy on this surface
D-008,부처별 기후 예산,,2012·2013·2020년,,UNDP / MPI / CPEIR / CCDR / MPI / CPEIR / 상세보기 / 지도에서 보기 / 다운로드,KEEP,,no visible copy on this surface
A-001,부패인식지수(CPI),,2012–2025년,,CPI / CPI / CPI / 상세보기 / 다운로드,KEEP,,no visible copy on this surface
A-004,빈곤율,,1992–2022년,,WDI / 상세보기 / 다운로드,KEEP,,no visible copy on this surface
C-014,사업 인허가 절차·기간·비용,,2020–2026년,,상세보기 / 다운로드,KEEP,,no visible copy on this surface
D-017,사업개요서(PCP)·입찰 공고,,2026년,,KOICA / PCP / KOICA / PMC / PMC / KOICA / G2B / ODA / 상세보기 / 다운로드,KEEP,,no visible copy on this surface
E-003,사업제안 추천기관(NDA),,2026년,,GCF / NDA / GCF / NDA / VDB / BIDV / MOF / GCF / 상세보기 / 다운로드,KEEP,,no visible copy on this surface
B-029,산림 유형별 면적,,2022,,FAOSTAT / FAO / FAO / FAOSTAT / LC / UMD / WRI / UNEP / 상세보기 / 지도에서 보기 / 다운로드,KEEP,,no visible copy on this surface
B-034,산림 탄소 저장량,,2000–2025년,,CO2e/yr / CO2e/yr / 상세보기 / 지도에서 보기 / 다운로드,KEEP,,no visible copy on this surface
C-024,산림전용·황폐화 방지(REDD+) 이행,,2016–2026년,,UNFCCC / REDD+ / REDD+ / 상세보기 / 지도에서 보기 / 다운로드,KEEP,,no visible copy on this surface
A-005,산업별 부가가치 비중,,1986–2025년,,상세보기 / 다운로드,KEEP,,no visible copy on this surface
B-009,생물다양성 리스크(BRF),,1995–2024년,,WWF / BRF / ND-GAIN / ND-GAIN / ND-GAIN / 상세보기 / 다운로드,KEEP,,no visible copy on this surface
A-002,세계 거버넌스 지표(WGI),,2024년 값 · 1996–2024년 제공,,WGI / WGI / 상세보기 / 다운로드,KEEP,,no visible copy on this surface
A-019,송배전 손실률,,1990–2023년,,WDI / 상세보기 / 다운로드,KEEP,,no visible copy on this surface
A-024,송전망 공간정보,,2016년 선로(경로 있음) · 계획 선로는 목록,,GIS / kV / kV / kV / 상세보기 / 지도에서 보기 / 다운로드,KEEP,,no visible copy on this surface
B-032,수관 피복률,,2010년,,상세보기 / 지도에서 보기 / 다운로드,KEEP,,no visible copy on this surface
B-031,수목 피복 면적(산림 총 면적),,2000년,,ha / ha / UMD / WRI / 상세보기 / 지도에서 보기 / 다운로드,KEEP,,no visible copy on this surface
B-030,수목 피복 증가(산림 이득),,2000–2020,,ha / ha / UMD / 상세보기 / 지도에서 보기 / 다운로드,KEEP,,no visible copy on this surface
D-020,승인 사업 목록,,2026년,,GCF / AE / REDD+ / REDD-plus / 상세보기 / 다운로드,KEEP,,no visible copy on this surface
A-006,실업률,,1991–2025년,,WDI / ILO / ILO / 상세보기 / 다운로드,KEEP,,no visible copy on this surface
E-014,양자 기후협력 협정 현황,,2013–2026년,,JCM / ITMO / JWG / MOFA / JCM / BAFU / MTI / JETP / 상세보기 / 다운로드,KEEP,,no visible copy on this surface
D-014,양허성 차관 사업,,2024년,,ODA / EDCF / ODA / EDCF / ODA / OECD / CRS / EDCF / KOICA / 상세보기 / 다운로드,KEEP,,no visible copy on this surface
B-033,연간 수목 피복 손실,,2001–2024년,,ha / ha / UMD / WRI / 상세보기 / 지도에서 보기 / 다운로드,KEEP,,no visible copy on this surface
B-003,연평균 기온·강수,,1901–2025년,,CCKP / °C / °C / CCKP / CRU TS / CCKP / CRU TS / 상세보기 / 지도에서 보기 / 다운로드,KEEP,,no visible copy on this surface
A-009,온실가스 배출강도,,1990–2024년,,GHG / EU / JRC / EDGAR / EU / JRC / tCO2eq / GHG / GDP / GHG / tCO2eq / GDP / JRC / EDGAR / 상세보기 / 다운로드,KEEP,,no visible copy on this surface
A-012,온실가스 총배출량·순배출량,,1970–2024년,,GHG / EU / JRC / EDGAR / MtCO₂e / GHG / LULUCF / GHG / MtCO₂e / LULUCF / JRC / EDGAR / 상세보기 / 다운로드,KEEP,,no visible copy on this surface
E-007,온실가스 측정·보고·검증(MRV) 체계,,2021–2026년,,MRV / UNFCCC / MRV / MRV / UNFCCC / 상세보기 / 다운로드,KEEP,,no visible copy on this surface
C-013,외국인 투자 규제,,2016–2026년,,NĐ-CP / QH15 / 상세보기 / 지도에서 보기 / 다운로드,KEEP,,no visible copy on this surface
A-025,이산화탄소 포집·저장 시설(CCS),,수록 CCS 시설·프로젝트 총 건수,,GIS / CCS / CCS / CCS / CCS / 상세보기 / 지도에서 보기 / 다운로드,KEEP,,no visible copy on this surface
A-007,인구,,1960–2025년,,WDI / 상세보기 / 다운로드,KEEP,,no visible copy on this surface
A-029,자유무역협정 현황(FTA),,체결·협상 중 협정 총 건수,,FTA / VCCI / WTO / FTA / FTA / WTO / VCCI / 상세보기 / 다운로드,KEEP,,no visible copy on this surface
C-004,장기 저탄소 발전전략(LT-LEDS)·에너지 믹스 전망,,2022–2050년,,LT-LEDS / LT-LEDS / QĐ-TTg / QĐ-TTg / 상세보기 / 다운로드,KEEP,,no visible copy on this surface
A-018,재생·비재생에너지 기술별 발전 설비용량,,2000–2025년,,IRENA / MW / MW / IRENA / 상세보기 / 다운로드,KEEP,,no visible copy on this surface
B-027,재생가능 지하수 부존량,,2005–2023년,,FAO / AQUASTAT / FAO / AQUASTAT / 상세보기 / 다운로드,KEEP,,no visible copy on this surface
C-016,재생에너지 발주·확대 계획,,2025–2030년 · 집중형 태양광,,MW / MW / MOIT / PDP8 / 상세보기 / 지도에서 보기 / 다운로드,KEEP,,no visible copy on this surface
C-015,재생에너지 법령 원문 링크,,2016–2026년,,PDP8 / 상세보기 / 다운로드,KEEP,,no visible copy on this surface
C-017,재생에너지 투자 인센티브·인센티브 조건,,2016–2026년,,EREA / FIT / RE / 상세보기 / 다운로드,KEEP,,no visible copy on this surface
B-012,재해·재난 이력,,1952–2024년,,CRED / EM-DAT / EM-DAT / CRED / GADM / 상세보기 / 지도에서 보기 / 다운로드,KEEP,,no visible copy on this surface
A-020,전력 부문 재생에너지 비중,,2000–2025년,,IRENA / IRENA / 상세보기 / 다운로드,KEEP,,no visible copy on this surface
A-021,전력 접근률,,1997–2024년,,WDI / 상세보기 / 다운로드,KEEP,,no visible copy on this surface
B-039,전지구 수력 총잠재량,,2017(Hoes et al.),,GWh / GWh / IHA / EVN / EIA / ESMAP / QĐ-TTg / 상세보기 / 지도에서 보기 / 다운로드,KEEP,,no visible copy on this surface
A-033,정기선 해운 연결성(LSCI),,2006–2026년,,UNCTAD / LSCI / LSCI / LSCI / UNCTAD / 상세보기 / 다운로드,KEEP,,no visible copy on this surface
A-022,"정전 지속시간·횟수(SAIDI, SAIFI)",,2015–2024년,,SAIDI / SAIFI / MAIFI / EVN / MAIFI / EVN / EVN / 상세보기 / 다운로드,KEEP,,no visible copy on this surface
D-026,정치적 위험 보증 현황,,1999–2018년,,MIGA / MIGA / NHSFO / MIGA / 상세보기 / 다운로드,KEEP,,no visible copy on this surface
A-032,중간재 교역 규모(TiVA),,1995–2020년,,OECD / OECD / 상세보기 / 다운로드,KEEP,,no visible copy on this surface
C-018,중장기 에너지 전망,,계획 2030·2050년 · 가격 규정 2024–2025년,,MW / PDP8 / MW / BESS / 상세보기 / 다운로드,KEEP,,no visible copy on this surface
A-008,지니계수,,1992–2022년,,WDI / 상세보기 / 다운로드,KEEP,,no visible copy on this surface
A-014,지속가능발전목표 이행 종합점수(SDG Index),,2000–2025년,,SDG / SDSN / SDG / SDG / SDG / SDG / SDSN / 상세보기 / 다운로드,KEEP,,no visible copy on this surface
B-040,지열 잠재량,,2026 기준(격자 집계),,IRENA / IRENA / °C / °C / IRENA / HDR / MOIT / EIA / IRENA / 상세보기 / 지도에서 보기 / 다운로드,KEEP,,no visible copy on this surface
D-011,지원 주체별 공적개발원조(ODA) 규모,,2020–2024년,,OECD / ODA / ODA / USD / ODA / USD / ODA / CRS / 상세보기 / 다운로드,KEEP,,no visible copy on this surface
E-012,직군별 종사자 수·임금,,전체 직군 · 전체,,ILO / NSO / 상세보기 / 다운로드,KEEP,,no visible copy on this surface
B-021,취약성 지수(GVI),,2000–2023년,,GVI / GVI / GVI / GVI / 상세보기 / 지도에서 보기 / 다운로드,KEEP,,no visible copy on this surface
B-002,쾨펜-가이거 기후대 구분,,2020년,,상세보기 / 다운로드,KEEP,,no visible copy on this surface
D-004,크레딧 수익의 투자비 회수율,,바이오에너지 기술(고 시나리오) · 20년 누적 크레딧 수익의 CAPEX 대비 회수율,,WFE / CAPEX / CAPEX / VCM / MSCI / 상세보기 / 다운로드,KEEP,,no visible copy on this surface
B-015,탄소 가격 수준(ETS·탄소세),,2026년,,ETS / ETS / ETS / QĐ-TTg / NĐ-CP / 상세보기 / 다운로드,KEEP,,no visible copy on this surface
C-019,탄소가격제 법률·예산,,2026-08-10 기준,,ETS / 상세보기 / 지도에서 보기 / 다운로드,KEEP,,no visible copy on this surface
B-013,탄소국경조정제도(CBAM) 노출 지수,,2022년,,CBAM / EU / EU / EU / CBAM / 상세보기 / 다운로드,KEEP,,no visible copy on this surface
B-014,탄소세 도입 효과 모의 결과(CCDR),,NZP-no-reforms,,CCDR / GDP / NZP / NZP / CCDR / 상세보기 / 다운로드,KEEP,,no visible copy on this surface
C-022,탄소시장 참여 준비도,,2026-08-10 기준,,GHG / 상세보기 / 지도에서 보기 / 다운로드,KEEP,,no visible copy on this surface
C-025,탄소크레딧 발행·소각 실적,,2025–2026년,,CDM / VCS / GCC / JCM / ART / TREES / 상세보기 / 지도에서 보기 / 다운로드,KEEP,,no visible copy on this surface
B-041,태양 일사량(GHI·DNI),,1999–2018 장기평균,,GHI / DNI / ESMAP / kWh / GHI / GHI / kWh / GHI / ESMAP / 상세보기 / 지도에서 보기 / 다운로드,KEEP,,no visible copy on this surface
B-036,토지이용 변화율,,2020·2024년,,FAOSTAT / FAO / FAO / FAOSTAT / 상세보기 / 다운로드,KEEP,,no visible copy on this surface
B-035,토지이용·토지이용변화 및 임업(LULUCF) 면적,,1961–2024년,,FAOSTAT / LULUCF / ha / ha / FAO / FAOSTAT / 상세보기 / 다운로드,KEEP,,no visible copy on this surface
B-037,토지피복 분류별 면적,,2021,,ESA / ESA / FAO / FAOSTAT / LC / CCI-LC / MODIS / CGLS / 상세보기 / 지도에서 보기 / 다운로드,KEEP,,no visible copy on this surface
C-007,파리협정 6.8조 비시장 접근법(NMA),,2025–2026년 확인,,UNFCCC / NMA / UNFCCC / NMA / METI / UNFCCC / NMA / UNFCCC / Article 6 / NMA / 상세보기 / 다운로드,KEEP,,no visible copy on this surface
C-006,파리협정 6조 국제 감축실적 거래(ITMO),,2023–2026년,,UNFCCC / ITMO / ITMO / Article 6 / NĐ-CP / MAE / 상세보기 / 다운로드,KEEP,,no visible copy on this surface
B-006,폭염 지표,,1950–2100년 (과거 모형 1950–2014 · 전망 2015–2100),,CCKP / CMIP6 / SSP2-4.5 / SSP2-4.5 / CCKP / CMIP6 / 상세보기 / 지도에서 보기 / 다운로드,KEEP,,no visible copy on this surface
B-042,풍속·바람 에너지밀도,,2008–2017 장기평균,,상세보기 / 지도에서 보기 / 다운로드,KEEP,,no visible copy on this surface
B-028,하천 유량,,2004–2023년,,FAO / AQUASTAT / FAO / FAO / AQUASTAT / 상세보기 / 지도에서 보기 / 다운로드,KEEP,,no visible copy on this surface
B-025,하천유역 면적,,2024–2026년,,MONRE / HydroSHEDS / MONRE / HydroSHEDS / GIS / MONRE / WEPA / VNMC / MONRE / WEPA / VNMC / HydroSHEDS DIR / OSM / 상세보기 / 지도에서 보기 / 다운로드,KEEP,,no visible copy on this surface
A-030,한-베트남 교역액,,2021·2022·2024년,,FTA / USD / USD / 상세보기 / 다운로드,KEEP,,no visible copy on this surface
E-020,한국 기후기술 해외진출 지원사업,,2026년,,KEITI / ODA / KEITI / EDCF / CTCN / NIGT / 상세보기 / 다운로드,KEEP,,no visible copy on this surface
B-008,해수면 상승 전망(SSP),,2020–2090년,,NASA / IPCC / AR6 / SSP / SSP2-4.5 / SSP2-4.5 / IPCC / AR6 / NASA / IPCC / 상세보기 / 지도에서 보기 / 다운로드,KEEP,,no visible copy on this surface
A-028,해안·수자원 인프라,,피처 수 · OSM 수로 레이어의 지물 건수,,GIS / OSM / OSM / 상세보기 / 다운로드,KEEP,,no visible copy on this surface
B-044,핵심광물 광종 목록,,2026년,,USGS / USGS / 상세보기 / 다운로드,KEEP,,no visible copy on this surface
E-010,혁신지수(GII)·연구개발비 비중(GERD),,2002–2023년,,WIPO / GII / GERD / GII / GDP / GERD / GDP / R&D / UNESCO / 상세보기 / 다운로드,KEEP,,no visible copy on this surface
E-006,현지 기후사업 투자기관,,2026년,,NIGT / 상세보기 / 지도에서 보기 / 다운로드,KEEP,,no visible copy on this surface
C-011,현지 치안·안전 정보,,2011–2026년,,UNODC / 상세보기 / 다운로드,KEEP,,no visible copy on this surface
C-008,협력적 기후 이니셔티브 참여,,2026년 확인,,UNFCCC / NAZCA / NAZCA / 상세보기 / 다운로드,KEEP,,no visible copy on this surface
B-007,홍수 관련 극한 강수 지표,,1950–2100년 (과거 모형 1950–2014 · 전망 2015–2100),,CCKP / CMIP6 / RX1day / SSP2-4.5 / RX1day / SSP2-4.5 / CCKP / CMIP6 / 상세보기 / 지도에서 보기 / 다운로드,KEEP,,no visible copy on this surface
D-010,화석연료 보조금,,2021·2022·2024년,,IMF / USD / USD / IEEFA / 상세보기 / 다운로드,KEEP,,no visible copy on this surface
B-016,화석연료 의존도,,1990–2015년,,WDI / IEA / 상세보기 / 다운로드,KEEP,,no visible copy on this surface
B-043,화석연료 확인매장량,,2020년,,상세보기 / 다운로드,KEEP,,no visible copy on this surface
C-010,환경 법제도 현황,,2008–2030년,,EIA / QH15 / NĐ-CP / NĐ-CP / 상세보기 / 지도에서 보기 / 다운로드,KEEP,,no visible copy on this surface
B-026,흐름 방향(유향),,2022년,,HydroSHEDS / HydroSHEDS / 상세보기 / 다운로드,KEEP,,no visible copy on this surface
A-013,NDC·SDG 연계 목록,,Climate Watch 연계 자료 총 건수,,SDG / WRI / NDC / SDG / NDC / NDC / SDG / 상세보기 / 다운로드,KEEP,,no visible copy on this surface
A-015,SDG 세부지표별 달성도,,1일 4.20달러 미만 빈곤율 · 정규화 달성도 점수(0~100),,SDG / SDSN / SDG / SDG / SDG1 / SDSN / 상세보기 / 다운로드,KEEP,,no visible copy on this surface
E-009,STEM 졸업 비중·연구자 수,,단일 시점 값,,UNESCO / UIS / STEM / STEM / STEM / UNESCO / UIS / 상세보기 / 다운로드,KEEP,,no visible copy on this surface
E-011,네트워크 준비지수(NRI),,Portulans Institute,,NRI / NRI / 상세보기,KEEP,,no visible copy on this surface
C-023,한계저감비용(MAC),,IPCC,,GHG / IPCC / MAC / IPCC / 상세보기,KEEP,,no visible copy on this surface
E-013,현지 운영·유지보수 역량(O&M),,US DOE 외,,DOE / O&M / DOE / 상세보기,KEEP,,no visible copy on this surface
