route,surface,userNeeds,before,decision,after,rationale,verification,editorialReview
home,home action cards,"어떤 기능이 있고, CSV·JSON이 무엇인지","이동 버튼 안에 약어 도움말 버튼이 중첩되어, 도움말을 열면 다운로드 화면으로 함께 이동",수정,"카드는 컨테이너, 이동은 버튼, 설명·약어 도움말은 버튼 바깥",button 안의 button은 파서가 분해하며 클릭이 두 동작을 실행,v136-4 중첩 컨트롤 검사 0건 + 도움말 클릭 후 URL 불변 확인 + 1440/1024/768/390/1920 캡처,REVIEWED
D-022,KPI / 분야 선택 / 목록 제목,"약정액·집행액·사업 수, 자료연도, 분야 구성",상단 KPI가 약정액과 집행액을 한 measure로 묶어 첫 행만 표시; 제목 3중 중첩; '확인 금액 합계'·'확인 기간'이 어떤 금액·연도인지 불명,수정,"모호한 상단 KPI 제거(핵심 수치에 약정액·집행액 별도 표시), '사업 규모와 구성' 단일 제목, '투자 약정액 합계'·'사업 시작연도'",commitment 열과 field_92700393(기간 시작)을 원천에서 확인,화면 캡처 + 15건/18.76억/2009-2025 보존 확인,REVIEWED
D-025,설비용량 선택기,사업 규모를 단위와 함께,"'설비용량'에 715 MW와 가스관 399 KM, 'Not Available MW'가 함께 제시",수정,"'사업 규모'로 표시명 변경, 결측 표시는 '규모 미기재'/'214 (단위 미기재)'",열이 사업별 단위를 그대로 담고 있어 용량으로 단정할 수 없음. 값·필터키는 미변경,v136-4 용량 필터 길이단위 혼합 검사 0건 + 캡처,REVIEWED
B-034,KPI / 차트 단위,탄소 지표의 임계값·성별 차이,임계값별과 성 단위 66행 중 첫 행을 대표값으로 표시; 차트 단위 CO₂e/yr에 용어 도움말 없음,수정,"단일 KPI 생략(범주 비교 유지), 차트 '단위:'에 용어 도움말 연결",임계값과 행정구역은 서로 다른 대상이라 한 행이 대표값이 될 수 없음,v134 약어 도움말 검사 0건 + 화면 확인,REVIEWED
A-017,KPI / 발전원 비교,발전원별 균등화발전비용 비교,가스복합화력(하한) 85 USD/MWh가 전체 대표값처럼 표시,수정,"단일 KPI 생략, 24개 발전원 비교 차트가 답을 제시",행이 기술별 구간값이라 첫 행이 대표값이 아님,화면 캡처로 생략 후 가독성 확인,REVIEWED
A-003,KPI,1인당 GDP의 현재 수준,1인당 GDP · 명목 · 경상 미달러 기준 단일 행,유지,변경 없음,행이 하나라 대표값이 모호하지 않음,KPI 유지 확인(변경 전후 census 대조),REVIEWED
A-001,detail,,,유지,,이번 회차에서 화면별 편집 검토를 하지 않음,"nested interactive control sweep (v136-4); term-help opens without navigating (v136-4); KPI wording + raw code sweep (v136-2, 1292 selector states); public copy / glossary / hierarchy gates (v134-v136)",NOT_REVIEWED
A-002,detail,,,유지,,이번 회차에서 화면별 편집 검토를 하지 않음,"nested interactive control sweep (v136-4); term-help opens without navigating (v136-4); KPI wording + raw code sweep (v136-2, 1292 selector states); public copy / glossary / hierarchy gates (v134-v136)",NOT_REVIEWED
A-004,detail,,,유지,,이번 회차에서 화면별 편집 검토를 하지 않음,"nested interactive control sweep (v136-4); term-help opens without navigating (v136-4); KPI wording + raw code sweep (v136-2, 1292 selector states); public copy / glossary / hierarchy gates (v134-v136)",NOT_REVIEWED
A-005,detail,,,유지,,이번 회차에서 화면별 편집 검토를 하지 않음,"nested interactive control sweep (v136-4); term-help opens without navigating (v136-4); KPI wording + raw code sweep (v136-2, 1292 selector states); public copy / glossary / hierarchy gates (v134-v136)",NOT_REVIEWED
A-006,detail,,,유지,,이번 회차에서 화면별 편집 검토를 하지 않음,"nested interactive control sweep (v136-4); term-help opens without navigating (v136-4); KPI wording + raw code sweep (v136-2, 1292 selector states); public copy / glossary / hierarchy gates (v134-v136)",NOT_REVIEWED
A-007,detail,,,유지,,이번 회차에서 화면별 편집 검토를 하지 않음,"nested interactive control sweep (v136-4); term-help opens without navigating (v136-4); KPI wording + raw code sweep (v136-2, 1292 selector states); public copy / glossary / hierarchy gates (v134-v136)",NOT_REVIEWED
A-008,detail,,,유지,,이번 회차에서 화면별 편집 검토를 하지 않음,"nested interactive control sweep (v136-4); term-help opens without navigating (v136-4); KPI wording + raw code sweep (v136-2, 1292 selector states); public copy / glossary / hierarchy gates (v134-v136)",NOT_REVIEWED
A-009,detail,,,유지,,이번 회차에서 화면별 편집 검토를 하지 않음,"nested interactive control sweep (v136-4); term-help opens without navigating (v136-4); KPI wording + raw code sweep (v136-2, 1292 selector states); public copy / glossary / hierarchy gates (v134-v136)",NOT_REVIEWED
A-010,detail,,,유지,,이번 회차에서 화면별 편집 검토를 하지 않음,"nested interactive control sweep (v136-4); term-help opens without navigating (v136-4); KPI wording + raw code sweep (v136-2, 1292 selector states); public copy / glossary / hierarchy gates (v134-v136)",NOT_REVIEWED
A-011,detail,,,유지,,이번 회차에서 화면별 편집 검토를 하지 않음,"nested interactive control sweep (v136-4); term-help opens without navigating (v136-4); KPI wording + raw code sweep (v136-2, 1292 selector states); public copy / glossary / hierarchy gates (v134-v136)",NOT_REVIEWED
A-012,detail,,,유지,,이번 회차에서 화면별 편집 검토를 하지 않음,"nested interactive control sweep (v136-4); term-help opens without navigating (v136-4); KPI wording + raw code sweep (v136-2, 1292 selector states); public copy / glossary / hierarchy gates (v134-v136)",NOT_REVIEWED
A-013,detail,,,유지,,이번 회차에서 화면별 편집 검토를 하지 않음,"nested interactive control sweep (v136-4); term-help opens without navigating (v136-4); KPI wording + raw code sweep (v136-2, 1292 selector states); public copy / glossary / hierarchy gates (v134-v136)",NOT_REVIEWED
A-014,detail,,,유지,,이번 회차에서 화면별 편집 검토를 하지 않음,"nested interactive control sweep (v136-4); term-help opens without navigating (v136-4); KPI wording + raw code sweep (v136-2, 1292 selector states); public copy / glossary / hierarchy gates (v134-v136)",NOT_REVIEWED
A-015,detail,,,유지,,이번 회차에서 화면별 편집 검토를 하지 않음,"nested interactive control sweep (v136-4); term-help opens without navigating (v136-4); KPI wording + raw code sweep (v136-2, 1292 selector states); public copy / glossary / hierarchy gates (v134-v136)",NOT_REVIEWED
A-016,detail,,,유지,,이번 회차에서 화면별 편집 검토를 하지 않음,"nested interactive control sweep (v136-4); term-help opens without navigating (v136-4); KPI wording + raw code sweep (v136-2, 1292 selector states); public copy / glossary / hierarchy gates (v134-v136)",NOT_REVIEWED
A-018,detail,,,유지,,이번 회차에서 화면별 편집 검토를 하지 않음,"nested interactive control sweep (v136-4); term-help opens without navigating (v136-4); KPI wording + raw code sweep (v136-2, 1292 selector states); public copy / glossary / hierarchy gates (v134-v136)",NOT_REVIEWED
A-019,detail,,,유지,,이번 회차에서 화면별 편집 검토를 하지 않음,"nested interactive control sweep (v136-4); term-help opens without navigating (v136-4); KPI wording + raw code sweep (v136-2, 1292 selector states); public copy / glossary / hierarchy gates (v134-v136)",NOT_REVIEWED
A-020,detail,,,유지,,이번 회차에서 화면별 편집 검토를 하지 않음,"nested interactive control sweep (v136-4); term-help opens without navigating (v136-4); KPI wording + raw code sweep (v136-2, 1292 selector states); public copy / glossary / hierarchy gates (v134-v136)",NOT_REVIEWED
A-021,detail,,,유지,,이번 회차에서 화면별 편집 검토를 하지 않음,"nested interactive control sweep (v136-4); term-help opens without navigating (v136-4); KPI wording + raw code sweep (v136-2, 1292 selector states); public copy / glossary / hierarchy gates (v134-v136)",NOT_REVIEWED
A-022,detail,,,유지,,이번 회차에서 화면별 편집 검토를 하지 않음,"nested interactive control sweep (v136-4); term-help opens without navigating (v136-4); KPI wording + raw code sweep (v136-2, 1292 selector states); public copy / glossary / hierarchy gates (v134-v136)",NOT_REVIEWED
A-023,detail,,,유지,,이번 회차에서 화면별 편집 검토를 하지 않음,"nested interactive control sweep (v136-4); term-help opens without navigating (v136-4); KPI wording + raw code sweep (v136-2, 1292 selector states); public copy / glossary / hierarchy gates (v134-v136)",NOT_REVIEWED
A-024,detail,,,유지,,이번 회차에서 화면별 편집 검토를 하지 않음,"nested interactive control sweep (v136-4); term-help opens without navigating (v136-4); KPI wording + raw code sweep (v136-2, 1292 selector states); public copy / glossary / hierarchy gates (v134-v136)",NOT_REVIEWED
A-025,detail,,,유지,,이번 회차에서 화면별 편집 검토를 하지 않음,"nested interactive control sweep (v136-4); term-help opens without navigating (v136-4); KPI wording + raw code sweep (v136-2, 1292 selector states); public copy / glossary / hierarchy gates (v134-v136)",NOT_REVIEWED
A-026,detail,,,유지,,이번 회차에서 화면별 편집 검토를 하지 않음,"nested interactive control sweep (v136-4); term-help opens without navigating (v136-4); KPI wording + raw code sweep (v136-2, 1292 selector states); public copy / glossary / hierarchy gates (v134-v136)",NOT_REVIEWED
A-027,detail,,,유지,,이번 회차에서 화면별 편집 검토를 하지 않음,"nested interactive control sweep (v136-4); term-help opens without navigating (v136-4); KPI wording + raw code sweep (v136-2, 1292 selector states); public copy / glossary / hierarchy gates (v134-v136)",NOT_REVIEWED
A-028,detail,,,유지,,이번 회차에서 화면별 편집 검토를 하지 않음,"nested interactive control sweep (v136-4); term-help opens without navigating (v136-4); KPI wording + raw code sweep (v136-2, 1292 selector states); public copy / glossary / hierarchy gates (v134-v136)",NOT_REVIEWED
A-029,detail,,,유지,,이번 회차에서 화면별 편집 검토를 하지 않음,"nested interactive control sweep (v136-4); term-help opens without navigating (v136-4); KPI wording + raw code sweep (v136-2, 1292 selector states); public copy / glossary / hierarchy gates (v134-v136)",NOT_REVIEWED
A-030,detail,,,유지,,이번 회차에서 화면별 편집 검토를 하지 않음,"nested interactive control sweep (v136-4); term-help opens without navigating (v136-4); KPI wording + raw code sweep (v136-2, 1292 selector states); public copy / glossary / hierarchy gates (v134-v136)",NOT_REVIEWED
A-031,detail,,,유지,,이번 회차에서 화면별 편집 검토를 하지 않음,"nested interactive control sweep (v136-4); term-help opens without navigating (v136-4); KPI wording + raw code sweep (v136-2, 1292 selector states); public copy / glossary / hierarchy gates (v134-v136)",NOT_REVIEWED
A-032,detail,,,유지,,이번 회차에서 화면별 편집 검토를 하지 않음,"nested interactive control sweep (v136-4); term-help opens without navigating (v136-4); KPI wording + raw code sweep (v136-2, 1292 selector states); public copy / glossary / hierarchy gates (v134-v136)",NOT_REVIEWED
A-033,detail,,,유지,,이번 회차에서 화면별 편집 검토를 하지 않음,"nested interactive control sweep (v136-4); term-help opens without navigating (v136-4); KPI wording + raw code sweep (v136-2, 1292 selector states); public copy / glossary / hierarchy gates (v134-v136)",NOT_REVIEWED
B-001,detail,,,유지,,이번 회차에서 화면별 편집 검토를 하지 않음,"nested interactive control sweep (v136-4); term-help opens without navigating (v136-4); KPI wording + raw code sweep (v136-2, 1292 selector states); public copy / glossary / hierarchy gates (v134-v136)",NOT_REVIEWED
B-002,detail,,,유지,,이번 회차에서 화면별 편집 검토를 하지 않음,"nested interactive control sweep (v136-4); term-help opens without navigating (v136-4); KPI wording + raw code sweep (v136-2, 1292 selector states); public copy / glossary / hierarchy gates (v134-v136)",NOT_REVIEWED
B-003,detail,,,유지,,이번 회차에서 화면별 편집 검토를 하지 않음,"nested interactive control sweep (v136-4); term-help opens without navigating (v136-4); KPI wording + raw code sweep (v136-2, 1292 selector states); public copy / glossary / hierarchy gates (v134-v136)",NOT_REVIEWED
B-004,detail,,,유지,,이번 회차에서 화면별 편집 검토를 하지 않음,"nested interactive control sweep (v136-4); term-help opens without navigating (v136-4); KPI wording + raw code sweep (v136-2, 1292 selector states); public copy / glossary / hierarchy gates (v134-v136)",NOT_REVIEWED
B-005,detail,,,유지,,이번 회차에서 화면별 편집 검토를 하지 않음,"nested interactive control sweep (v136-4); term-help opens without navigating (v136-4); KPI wording + raw code sweep (v136-2, 1292 selector states); public copy / glossary / hierarchy gates (v134-v136)",NOT_REVIEWED
B-006,detail,,,유지,,이번 회차에서 화면별 편집 검토를 하지 않음,"nested interactive control sweep (v136-4); term-help opens without navigating (v136-4); KPI wording + raw code sweep (v136-2, 1292 selector states); public copy / glossary / hierarchy gates (v134-v136)",NOT_REVIEWED
B-007,detail,,,유지,,이번 회차에서 화면별 편집 검토를 하지 않음,"nested interactive control sweep (v136-4); term-help opens without navigating (v136-4); KPI wording + raw code sweep (v136-2, 1292 selector states); public copy / glossary / hierarchy gates (v134-v136)",NOT_REVIEWED
B-008,detail,,,유지,,이번 회차에서 화면별 편집 검토를 하지 않음,"nested interactive control sweep (v136-4); term-help opens without navigating (v136-4); KPI wording + raw code sweep (v136-2, 1292 selector states); public copy / glossary / hierarchy gates (v134-v136)",NOT_REVIEWED
B-009,detail,,,유지,,이번 회차에서 화면별 편집 검토를 하지 않음,"nested interactive control sweep (v136-4); term-help opens without navigating (v136-4); KPI wording + raw code sweep (v136-2, 1292 selector states); public copy / glossary / hierarchy gates (v134-v136)",NOT_REVIEWED
B-010,detail,,,유지,,이번 회차에서 화면별 편집 검토를 하지 않음,"nested interactive control sweep (v136-4); term-help opens without navigating (v136-4); KPI wording + raw code sweep (v136-2, 1292 selector states); public copy / glossary / hierarchy gates (v134-v136)",NOT_REVIEWED
B-011,detail,,,유지,,이번 회차에서 화면별 편집 검토를 하지 않음,"nested interactive control sweep (v136-4); term-help opens without navigating (v136-4); KPI wording + raw code sweep (v136-2, 1292 selector states); public copy / glossary / hierarchy gates (v134-v136)",NOT_REVIEWED
B-012,detail,,,유지,,이번 회차에서 화면별 편집 검토를 하지 않음,"nested interactive control sweep (v136-4); term-help opens without navigating (v136-4); KPI wording + raw code sweep (v136-2, 1292 selector states); public copy / glossary / hierarchy gates (v134-v136)",NOT_REVIEWED
B-013,detail,,,유지,,이번 회차에서 화면별 편집 검토를 하지 않음,"nested interactive control sweep (v136-4); term-help opens without navigating (v136-4); KPI wording + raw code sweep (v136-2, 1292 selector states); public copy / glossary / hierarchy gates (v134-v136)",NOT_REVIEWED
B-014,detail,,,유지,,이번 회차에서 화면별 편집 검토를 하지 않음,"nested interactive control sweep (v136-4); term-help opens without navigating (v136-4); KPI wording + raw code sweep (v136-2, 1292 selector states); public copy / glossary / hierarchy gates (v134-v136)",NOT_REVIEWED
B-015,detail,,,유지,,이번 회차에서 화면별 편집 검토를 하지 않음,"nested interactive control sweep (v136-4); term-help opens without navigating (v136-4); KPI wording + raw code sweep (v136-2, 1292 selector states); public copy / glossary / hierarchy gates (v134-v136)",NOT_REVIEWED
B-016,detail,,,유지,,이번 회차에서 화면별 편집 검토를 하지 않음,"nested interactive control sweep (v136-4); term-help opens without navigating (v136-4); KPI wording + raw code sweep (v136-2, 1292 selector states); public copy / glossary / hierarchy gates (v134-v136)",NOT_REVIEWED
B-017,detail,,,유지,,이번 회차에서 화면별 편집 검토를 하지 않음,"nested interactive control sweep (v136-4); term-help opens without navigating (v136-4); KPI wording + raw code sweep (v136-2, 1292 selector states); public copy / glossary / hierarchy gates (v134-v136)",NOT_REVIEWED
B-018,detail,,,유지,,이번 회차에서 화면별 편집 검토를 하지 않음,"nested interactive control sweep (v136-4); term-help opens without navigating (v136-4); KPI wording + raw code sweep (v136-2, 1292 selector states); public copy / glossary / hierarchy gates (v134-v136)",NOT_REVIEWED
B-019,detail,,,유지,,이번 회차에서 화면별 편집 검토를 하지 않음,"nested interactive control sweep (v136-4); term-help opens without navigating (v136-4); KPI wording + raw code sweep (v136-2, 1292 selector states); public copy / glossary / hierarchy gates (v134-v136)",NOT_REVIEWED
B-020,detail,,,유지,,이번 회차에서 화면별 편집 검토를 하지 않음,"nested interactive control sweep (v136-4); term-help opens without navigating (v136-4); KPI wording + raw code sweep (v136-2, 1292 selector states); public copy / glossary / hierarchy gates (v134-v136)",NOT_REVIEWED
B-021,detail,,,유지,,이번 회차에서 화면별 편집 검토를 하지 않음,"nested interactive control sweep (v136-4); term-help opens without navigating (v136-4); KPI wording + raw code sweep (v136-2, 1292 selector states); public copy / glossary / hierarchy gates (v134-v136)",NOT_REVIEWED
B-022,detail,,,유지,,이번 회차에서 화면별 편집 검토를 하지 않음,"nested interactive control sweep (v136-4); term-help opens without navigating (v136-4); KPI wording + raw code sweep (v136-2, 1292 selector states); public copy / glossary / hierarchy gates (v134-v136)",NOT_REVIEWED
B-023,detail,,,유지,,이번 회차에서 화면별 편집 검토를 하지 않음,"nested interactive control sweep (v136-4); term-help opens without navigating (v136-4); KPI wording + raw code sweep (v136-2, 1292 selector states); public copy / glossary / hierarchy gates (v134-v136)",NOT_REVIEWED
B-024,detail,,,유지,,이번 회차에서 화면별 편집 검토를 하지 않음,"nested interactive control sweep (v136-4); term-help opens without navigating (v136-4); KPI wording + raw code sweep (v136-2, 1292 selector states); public copy / glossary / hierarchy gates (v134-v136)",NOT_REVIEWED
B-025,detail,,,유지,,이번 회차에서 화면별 편집 검토를 하지 않음,"nested interactive control sweep (v136-4); term-help opens without navigating (v136-4); KPI wording + raw code sweep (v136-2, 1292 selector states); public copy / glossary / hierarchy gates (v134-v136)",NOT_REVIEWED
B-026,detail,,,유지,,이번 회차에서 화면별 편집 검토를 하지 않음,"nested interactive control sweep (v136-4); term-help opens without navigating (v136-4); KPI wording + raw code sweep (v136-2, 1292 selector states); public copy / glossary / hierarchy gates (v134-v136)",NOT_REVIEWED
B-027,detail,,,유지,,이번 회차에서 화면별 편집 검토를 하지 않음,"nested interactive control sweep (v136-4); term-help opens without navigating (v136-4); KPI wording + raw code sweep (v136-2, 1292 selector states); public copy / glossary / hierarchy gates (v134-v136)",NOT_REVIEWED
B-028,detail,,,유지,,이번 회차에서 화면별 편집 검토를 하지 않음,"nested interactive control sweep (v136-4); term-help opens without navigating (v136-4); KPI wording + raw code sweep (v136-2, 1292 selector states); public copy / glossary / hierarchy gates (v134-v136)",NOT_REVIEWED
B-029,detail,,,유지,,이번 회차에서 화면별 편집 검토를 하지 않음,"nested interactive control sweep (v136-4); term-help opens without navigating (v136-4); KPI wording + raw code sweep (v136-2, 1292 selector states); public copy / glossary / hierarchy gates (v134-v136)",NOT_REVIEWED
B-030,detail,,,유지,,이번 회차에서 화면별 편집 검토를 하지 않음,"nested interactive control sweep (v136-4); term-help opens without navigating (v136-4); KPI wording + raw code sweep (v136-2, 1292 selector states); public copy / glossary / hierarchy gates (v134-v136)",NOT_REVIEWED
B-031,detail,,,유지,,이번 회차에서 화면별 편집 검토를 하지 않음,"nested interactive control sweep (v136-4); term-help opens without navigating (v136-4); KPI wording + raw code sweep (v136-2, 1292 selector states); public copy / glossary / hierarchy gates (v134-v136)",NOT_REVIEWED
B-032,detail,,,유지,,이번 회차에서 화면별 편집 검토를 하지 않음,"nested interactive control sweep (v136-4); term-help opens without navigating (v136-4); KPI wording + raw code sweep (v136-2, 1292 selector states); public copy / glossary / hierarchy gates (v134-v136)",NOT_REVIEWED
B-033,detail,,,유지,,이번 회차에서 화면별 편집 검토를 하지 않음,"nested interactive control sweep (v136-4); term-help opens without navigating (v136-4); KPI wording + raw code sweep (v136-2, 1292 selector states); public copy / glossary / hierarchy gates (v134-v136)",NOT_REVIEWED
B-035,detail,,,유지,,이번 회차에서 화면별 편집 검토를 하지 않음,"nested interactive control sweep (v136-4); term-help opens without navigating (v136-4); KPI wording + raw code sweep (v136-2, 1292 selector states); public copy / glossary / hierarchy gates (v134-v136)",NOT_REVIEWED
B-036,detail,,,유지,,이번 회차에서 화면별 편집 검토를 하지 않음,"nested interactive control sweep (v136-4); term-help opens without navigating (v136-4); KPI wording + raw code sweep (v136-2, 1292 selector states); public copy / glossary / hierarchy gates (v134-v136)",NOT_REVIEWED
B-037,detail,,,유지,,이번 회차에서 화면별 편집 검토를 하지 않음,"nested interactive control sweep (v136-4); term-help opens without navigating (v136-4); KPI wording + raw code sweep (v136-2, 1292 selector states); public copy / glossary / hierarchy gates (v134-v136)",NOT_REVIEWED
B-038,detail,,,유지,,이번 회차에서 화면별 편집 검토를 하지 않음,"nested interactive control sweep (v136-4); term-help opens without navigating (v136-4); KPI wording + raw code sweep (v136-2, 1292 selector states); public copy / glossary / hierarchy gates (v134-v136)",NOT_REVIEWED
B-039,detail,,,유지,,이번 회차에서 화면별 편집 검토를 하지 않음,"nested interactive control sweep (v136-4); term-help opens without navigating (v136-4); KPI wording + raw code sweep (v136-2, 1292 selector states); public copy / glossary / hierarchy gates (v134-v136)",NOT_REVIEWED
B-040,detail,,,유지,,이번 회차에서 화면별 편집 검토를 하지 않음,"nested interactive control sweep (v136-4); term-help opens without navigating (v136-4); KPI wording + raw code sweep (v136-2, 1292 selector states); public copy / glossary / hierarchy gates (v134-v136)",NOT_REVIEWED
B-041,detail,,,유지,,이번 회차에서 화면별 편집 검토를 하지 않음,"nested interactive control sweep (v136-4); term-help opens without navigating (v136-4); KPI wording + raw code sweep (v136-2, 1292 selector states); public copy / glossary / hierarchy gates (v134-v136)",NOT_REVIEWED
B-042,detail,,,유지,,이번 회차에서 화면별 편집 검토를 하지 않음,"nested interactive control sweep (v136-4); term-help opens without navigating (v136-4); KPI wording + raw code sweep (v136-2, 1292 selector states); public copy / glossary / hierarchy gates (v134-v136)",NOT_REVIEWED
B-043,detail,,,유지,,이번 회차에서 화면별 편집 검토를 하지 않음,"nested interactive control sweep (v136-4); term-help opens without navigating (v136-4); KPI wording + raw code sweep (v136-2, 1292 selector states); public copy / glossary / hierarchy gates (v134-v136)",NOT_REVIEWED
B-044,detail,,,유지,,이번 회차에서 화면별 편집 검토를 하지 않음,"nested interactive control sweep (v136-4); term-help opens without navigating (v136-4); KPI wording + raw code sweep (v136-2, 1292 selector states); public copy / glossary / hierarchy gates (v134-v136)",NOT_REVIEWED
B-045,detail,,,유지,,이번 회차에서 화면별 편집 검토를 하지 않음,"nested interactive control sweep (v136-4); term-help opens without navigating (v136-4); KPI wording + raw code sweep (v136-2, 1292 selector states); public copy / glossary / hierarchy gates (v134-v136)",NOT_REVIEWED
B-046,detail,,,유지,,이번 회차에서 화면별 편집 검토를 하지 않음,"nested interactive control sweep (v136-4); term-help opens without navigating (v136-4); KPI wording + raw code sweep (v136-2, 1292 selector states); public copy / glossary / hierarchy gates (v134-v136)",NOT_REVIEWED
B-047,detail,,,유지,,이번 회차에서 화면별 편집 검토를 하지 않음,"nested interactive control sweep (v136-4); term-help opens without navigating (v136-4); KPI wording + raw code sweep (v136-2, 1292 selector states); public copy / glossary / hierarchy gates (v134-v136)",NOT_REVIEWED
B-048,detail,,,유지,,이번 회차에서 화면별 편집 검토를 하지 않음,"nested interactive control sweep (v136-4); term-help opens without navigating (v136-4); KPI wording + raw code sweep (v136-2, 1292 selector states); public copy / glossary / hierarchy gates (v134-v136)",NOT_REVIEWED
C-001,detail,,,유지,,이번 회차에서 화면별 편집 검토를 하지 않음,"nested interactive control sweep (v136-4); term-help opens without navigating (v136-4); KPI wording + raw code sweep (v136-2, 1292 selector states); public copy / glossary / hierarchy gates (v134-v136)",NOT_REVIEWED
C-002,detail,,,유지,,이번 회차에서 화면별 편집 검토를 하지 않음,"nested interactive control sweep (v136-4); term-help opens without navigating (v136-4); KPI wording + raw code sweep (v136-2, 1292 selector states); public copy / glossary / hierarchy gates (v134-v136)",NOT_REVIEWED
C-003,detail,,,유지,,이번 회차에서 화면별 편집 검토를 하지 않음,"nested interactive control sweep (v136-4); term-help opens without navigating (v136-4); KPI wording + raw code sweep (v136-2, 1292 selector states); public copy / glossary / hierarchy gates (v134-v136)",NOT_REVIEWED
C-004,detail,,,유지,,이번 회차에서 화면별 편집 검토를 하지 않음,"nested interactive control sweep (v136-4); term-help opens without navigating (v136-4); KPI wording + raw code sweep (v136-2, 1292 selector states); public copy / glossary / hierarchy gates (v134-v136)",NOT_REVIEWED
C-005,detail,,,유지,,이번 회차에서 화면별 편집 검토를 하지 않음,"nested interactive control sweep (v136-4); term-help opens without navigating (v136-4); KPI wording + raw code sweep (v136-2, 1292 selector states); public copy / glossary / hierarchy gates (v134-v136)",NOT_REVIEWED
C-006,detail,,,유지,,이번 회차에서 화면별 편집 검토를 하지 않음,"nested interactive control sweep (v136-4); term-help opens without navigating (v136-4); KPI wording + raw code sweep (v136-2, 1292 selector states); public copy / glossary / hierarchy gates (v134-v136)",NOT_REVIEWED
C-007,detail,,,유지,,이번 회차에서 화면별 편집 검토를 하지 않음,"nested interactive control sweep (v136-4); term-help opens without navigating (v136-4); KPI wording + raw code sweep (v136-2, 1292 selector states); public copy / glossary / hierarchy gates (v134-v136)",NOT_REVIEWED
C-008,detail,,,유지,,이번 회차에서 화면별 편집 검토를 하지 않음,"nested interactive control sweep (v136-4); term-help opens without navigating (v136-4); KPI wording + raw code sweep (v136-2, 1292 selector states); public copy / glossary / hierarchy gates (v134-v136)",NOT_REVIEWED
C-009,detail,,,유지,,이번 회차에서 화면별 편집 검토를 하지 않음,"nested interactive control sweep (v136-4); term-help opens without navigating (v136-4); KPI wording + raw code sweep (v136-2, 1292 selector states); public copy / glossary / hierarchy gates (v134-v136)",NOT_REVIEWED
C-010,detail,,,유지,,이번 회차에서 화면별 편집 검토를 하지 않음,"nested interactive control sweep (v136-4); term-help opens without navigating (v136-4); KPI wording + raw code sweep (v136-2, 1292 selector states); public copy / glossary / hierarchy gates (v134-v136)",NOT_REVIEWED
C-011,detail,,,유지,,이번 회차에서 화면별 편집 검토를 하지 않음,"nested interactive control sweep (v136-4); term-help opens without navigating (v136-4); KPI wording + raw code sweep (v136-2, 1292 selector states); public copy / glossary / hierarchy gates (v134-v136)",NOT_REVIEWED
C-012,detail,,,유지,,이번 회차에서 화면별 편집 검토를 하지 않음,"nested interactive control sweep (v136-4); term-help opens without navigating (v136-4); KPI wording + raw code sweep (v136-2, 1292 selector states); public copy / glossary / hierarchy gates (v134-v136)",NOT_REVIEWED
C-013,detail,,,유지,,이번 회차에서 화면별 편집 검토를 하지 않음,"nested interactive control sweep (v136-4); term-help opens without navigating (v136-4); KPI wording + raw code sweep (v136-2, 1292 selector states); public copy / glossary / hierarchy gates (v134-v136)",NOT_REVIEWED
C-014,detail,,,유지,,이번 회차에서 화면별 편집 검토를 하지 않음,"nested interactive control sweep (v136-4); term-help opens without navigating (v136-4); KPI wording + raw code sweep (v136-2, 1292 selector states); public copy / glossary / hierarchy gates (v134-v136)",NOT_REVIEWED
C-015,detail,,,유지,,이번 회차에서 화면별 편집 검토를 하지 않음,"nested interactive control sweep (v136-4); term-help opens without navigating (v136-4); KPI wording + raw code sweep (v136-2, 1292 selector states); public copy / glossary / hierarchy gates (v134-v136)",NOT_REVIEWED
C-016,detail,,,유지,,이번 회차에서 화면별 편집 검토를 하지 않음,"nested interactive control sweep (v136-4); term-help opens without navigating (v136-4); KPI wording + raw code sweep (v136-2, 1292 selector states); public copy / glossary / hierarchy gates (v134-v136)",NOT_REVIEWED
C-017,detail,,,유지,,이번 회차에서 화면별 편집 검토를 하지 않음,"nested interactive control sweep (v136-4); term-help opens without navigating (v136-4); KPI wording + raw code sweep (v136-2, 1292 selector states); public copy / glossary / hierarchy gates (v134-v136)",NOT_REVIEWED
C-018,detail,,,유지,,이번 회차에서 화면별 편집 검토를 하지 않음,"nested interactive control sweep (v136-4); term-help opens without navigating (v136-4); KPI wording + raw code sweep (v136-2, 1292 selector states); public copy / glossary / hierarchy gates (v134-v136)",NOT_REVIEWED
C-019,detail,,,유지,,이번 회차에서 화면별 편집 검토를 하지 않음,"nested interactive control sweep (v136-4); term-help opens without navigating (v136-4); KPI wording + raw code sweep (v136-2, 1292 selector states); public copy / glossary / hierarchy gates (v134-v136)",NOT_REVIEWED
C-020,detail,,,유지,,이번 회차에서 화면별 편집 검토를 하지 않음,"nested interactive control sweep (v136-4); term-help opens without navigating (v136-4); KPI wording + raw code sweep (v136-2, 1292 selector states); public copy / glossary / hierarchy gates (v134-v136)",NOT_REVIEWED
C-021,detail,,,유지,,이번 회차에서 화면별 편집 검토를 하지 않음,"nested interactive control sweep (v136-4); term-help opens without navigating (v136-4); KPI wording + raw code sweep (v136-2, 1292 selector states); public copy / glossary / hierarchy gates (v134-v136)",NOT_REVIEWED
C-022,detail,,,유지,,이번 회차에서 화면별 편집 검토를 하지 않음,"nested interactive control sweep (v136-4); term-help opens without navigating (v136-4); KPI wording + raw code sweep (v136-2, 1292 selector states); public copy / glossary / hierarchy gates (v134-v136)",NOT_REVIEWED
C-023,detail,,,유지,,이번 회차에서 화면별 편집 검토를 하지 않음,"nested interactive control sweep (v136-4); term-help opens without navigating (v136-4); KPI wording + raw code sweep (v136-2, 1292 selector states); public copy / glossary / hierarchy gates (v134-v136)",NOT_REVIEWED
C-024,detail,,,유지,,이번 회차에서 화면별 편집 검토를 하지 않음,"nested interactive control sweep (v136-4); term-help opens without navigating (v136-4); KPI wording + raw code sweep (v136-2, 1292 selector states); public copy / glossary / hierarchy gates (v134-v136)",NOT_REVIEWED
C-025,detail,,,유지,,이번 회차에서 화면별 편집 검토를 하지 않음,"nested interactive control sweep (v136-4); term-help opens without navigating (v136-4); KPI wording + raw code sweep (v136-2, 1292 selector states); public copy / glossary / hierarchy gates (v134-v136)",NOT_REVIEWED
D-001,detail,,,유지,,이번 회차에서 화면별 편집 검토를 하지 않음,"nested interactive control sweep (v136-4); term-help opens without navigating (v136-4); KPI wording + raw code sweep (v136-2, 1292 selector states); public copy / glossary / hierarchy gates (v134-v136)",NOT_REVIEWED
D-002,detail,,,유지,,이번 회차에서 화면별 편집 검토를 하지 않음,"nested interactive control sweep (v136-4); term-help opens without navigating (v136-4); KPI wording + raw code sweep (v136-2, 1292 selector states); public copy / glossary / hierarchy gates (v134-v136)",NOT_REVIEWED
D-003,detail,,,유지,,이번 회차에서 화면별 편집 검토를 하지 않음,"nested interactive control sweep (v136-4); term-help opens without navigating (v136-4); KPI wording + raw code sweep (v136-2, 1292 selector states); public copy / glossary / hierarchy gates (v134-v136)",NOT_REVIEWED
D-004,detail,,,유지,,이번 회차에서 화면별 편집 검토를 하지 않음,"nested interactive control sweep (v136-4); term-help opens without navigating (v136-4); KPI wording + raw code sweep (v136-2, 1292 selector states); public copy / glossary / hierarchy gates (v134-v136)",NOT_REVIEWED
D-005,detail,,,유지,,이번 회차에서 화면별 편집 검토를 하지 않음,"nested interactive control sweep (v136-4); term-help opens without navigating (v136-4); KPI wording + raw code sweep (v136-2, 1292 selector states); public copy / glossary / hierarchy gates (v134-v136)",NOT_REVIEWED
D-006,detail,,,유지,,이번 회차에서 화면별 편집 검토를 하지 않음,"nested interactive control sweep (v136-4); term-help opens without navigating (v136-4); KPI wording + raw code sweep (v136-2, 1292 selector states); public copy / glossary / hierarchy gates (v134-v136)",NOT_REVIEWED
D-007,detail,,,유지,,이번 회차에서 화면별 편집 검토를 하지 않음,"nested interactive control sweep (v136-4); term-help opens without navigating (v136-4); KPI wording + raw code sweep (v136-2, 1292 selector states); public copy / glossary / hierarchy gates (v134-v136)",NOT_REVIEWED
D-008,detail,,,유지,,이번 회차에서 화면별 편집 검토를 하지 않음,"nested interactive control sweep (v136-4); term-help opens without navigating (v136-4); KPI wording + raw code sweep (v136-2, 1292 selector states); public copy / glossary / hierarchy gates (v134-v136)",NOT_REVIEWED
D-009,detail,,,유지,,이번 회차에서 화면별 편집 검토를 하지 않음,"nested interactive control sweep (v136-4); term-help opens without navigating (v136-4); KPI wording + raw code sweep (v136-2, 1292 selector states); public copy / glossary / hierarchy gates (v134-v136)",NOT_REVIEWED
D-010,detail,,,유지,,이번 회차에서 화면별 편집 검토를 하지 않음,"nested interactive control sweep (v136-4); term-help opens without navigating (v136-4); KPI wording + raw code sweep (v136-2, 1292 selector states); public copy / glossary / hierarchy gates (v134-v136)",NOT_REVIEWED
D-011,detail,,,유지,,이번 회차에서 화면별 편집 검토를 하지 않음,"nested interactive control sweep (v136-4); term-help opens without navigating (v136-4); KPI wording + raw code sweep (v136-2, 1292 selector states); public copy / glossary / hierarchy gates (v134-v136)",NOT_REVIEWED
D-012,detail,,,유지,,이번 회차에서 화면별 편집 검토를 하지 않음,"nested interactive control sweep (v136-4); term-help opens without navigating (v136-4); KPI wording + raw code sweep (v136-2, 1292 selector states); public copy / glossary / hierarchy gates (v134-v136)",NOT_REVIEWED
D-013,detail,,,유지,,이번 회차에서 화면별 편집 검토를 하지 않음,"nested interactive control sweep (v136-4); term-help opens without navigating (v136-4); KPI wording + raw code sweep (v136-2, 1292 selector states); public copy / glossary / hierarchy gates (v134-v136)",NOT_REVIEWED
D-014,detail,,,유지,,이번 회차에서 화면별 편집 검토를 하지 않음,"nested interactive control sweep (v136-4); term-help opens without navigating (v136-4); KPI wording + raw code sweep (v136-2, 1292 selector states); public copy / glossary / hierarchy gates (v134-v136)",NOT_REVIEWED
D-015,detail,,,유지,,이번 회차에서 화면별 편집 검토를 하지 않음,"nested interactive control sweep (v136-4); term-help opens without navigating (v136-4); KPI wording + raw code sweep (v136-2, 1292 selector states); public copy / glossary / hierarchy gates (v134-v136)",NOT_REVIEWED
D-016,detail,,,유지,,이번 회차에서 화면별 편집 검토를 하지 않음,"nested interactive control sweep (v136-4); term-help opens without navigating (v136-4); KPI wording + raw code sweep (v136-2, 1292 selector states); public copy / glossary / hierarchy gates (v134-v136)",NOT_REVIEWED
D-017,detail,,,유지,,이번 회차에서 화면별 편집 검토를 하지 않음,"nested interactive control sweep (v136-4); term-help opens without navigating (v136-4); KPI wording + raw code sweep (v136-2, 1292 selector states); public copy / glossary / hierarchy gates (v134-v136)",NOT_REVIEWED
D-018,detail,,,유지,,이번 회차에서 화면별 편집 검토를 하지 않음,"nested interactive control sweep (v136-4); term-help opens without navigating (v136-4); KPI wording + raw code sweep (v136-2, 1292 selector states); public copy / glossary / hierarchy gates (v134-v136)",NOT_REVIEWED
D-019,detail,,,유지,,이번 회차에서 화면별 편집 검토를 하지 않음,"nested interactive control sweep (v136-4); term-help opens without navigating (v136-4); KPI wording + raw code sweep (v136-2, 1292 selector states); public copy / glossary / hierarchy gates (v134-v136)",NOT_REVIEWED
D-020,detail,,,유지,,이번 회차에서 화면별 편집 검토를 하지 않음,"nested interactive control sweep (v136-4); term-help opens without navigating (v136-4); KPI wording + raw code sweep (v136-2, 1292 selector states); public copy / glossary / hierarchy gates (v134-v136)",NOT_REVIEWED
D-021,detail,,,유지,,이번 회차에서 화면별 편집 검토를 하지 않음,"nested interactive control sweep (v136-4); term-help opens without navigating (v136-4); KPI wording + raw code sweep (v136-2, 1292 selector states); public copy / glossary / hierarchy gates (v134-v136)",NOT_REVIEWED
D-023,detail,,,유지,,이번 회차에서 화면별 편집 검토를 하지 않음,"nested interactive control sweep (v136-4); term-help opens without navigating (v136-4); KPI wording + raw code sweep (v136-2, 1292 selector states); public copy / glossary / hierarchy gates (v134-v136)",NOT_REVIEWED
D-024,detail,,,유지,,이번 회차에서 화면별 편집 검토를 하지 않음,"nested interactive control sweep (v136-4); term-help opens without navigating (v136-4); KPI wording + raw code sweep (v136-2, 1292 selector states); public copy / glossary / hierarchy gates (v134-v136)",NOT_REVIEWED
D-026,detail,,,유지,,이번 회차에서 화면별 편집 검토를 하지 않음,"nested interactive control sweep (v136-4); term-help opens without navigating (v136-4); KPI wording + raw code sweep (v136-2, 1292 selector states); public copy / glossary / hierarchy gates (v134-v136)",NOT_REVIEWED
E-001,detail,,,유지,,이번 회차에서 화면별 편집 검토를 하지 않음,"nested interactive control sweep (v136-4); term-help opens without navigating (v136-4); KPI wording + raw code sweep (v136-2, 1292 selector states); public copy / glossary / hierarchy gates (v134-v136)",NOT_REVIEWED
E-002,detail,,,유지,,이번 회차에서 화면별 편집 검토를 하지 않음,"nested interactive control sweep (v136-4); term-help opens without navigating (v136-4); KPI wording + raw code sweep (v136-2, 1292 selector states); public copy / glossary / hierarchy gates (v134-v136)",NOT_REVIEWED
E-003,detail,,,유지,,이번 회차에서 화면별 편집 검토를 하지 않음,"nested interactive control sweep (v136-4); term-help opens without navigating (v136-4); KPI wording + raw code sweep (v136-2, 1292 selector states); public copy / glossary / hierarchy gates (v134-v136)",NOT_REVIEWED
E-004,detail,,,유지,,이번 회차에서 화면별 편집 검토를 하지 않음,"nested interactive control sweep (v136-4); term-help opens without navigating (v136-4); KPI wording + raw code sweep (v136-2, 1292 selector states); public copy / glossary / hierarchy gates (v134-v136)",NOT_REVIEWED
E-005,detail,,,유지,,이번 회차에서 화면별 편집 검토를 하지 않음,"nested interactive control sweep (v136-4); term-help opens without navigating (v136-4); KPI wording + raw code sweep (v136-2, 1292 selector states); public copy / glossary / hierarchy gates (v134-v136)",NOT_REVIEWED
E-006,detail,,,유지,,이번 회차에서 화면별 편집 검토를 하지 않음,"nested interactive control sweep (v136-4); term-help opens without navigating (v136-4); KPI wording + raw code sweep (v136-2, 1292 selector states); public copy / glossary / hierarchy gates (v134-v136)",NOT_REVIEWED
E-007,detail,,,유지,,이번 회차에서 화면별 편집 검토를 하지 않음,"nested interactive control sweep (v136-4); term-help opens without navigating (v136-4); KPI wording + raw code sweep (v136-2, 1292 selector states); public copy / glossary / hierarchy gates (v134-v136)",NOT_REVIEWED
E-008,detail,,,유지,,이번 회차에서 화면별 편집 검토를 하지 않음,"nested interactive control sweep (v136-4); term-help opens without navigating (v136-4); KPI wording + raw code sweep (v136-2, 1292 selector states); public copy / glossary / hierarchy gates (v134-v136)",NOT_REVIEWED
E-009,detail,,,유지,,이번 회차에서 화면별 편집 검토를 하지 않음,"nested interactive control sweep (v136-4); term-help opens without navigating (v136-4); KPI wording + raw code sweep (v136-2, 1292 selector states); public copy / glossary / hierarchy gates (v134-v136)",NOT_REVIEWED
E-010,detail,,,유지,,이번 회차에서 화면별 편집 검토를 하지 않음,"nested interactive control sweep (v136-4); term-help opens without navigating (v136-4); KPI wording + raw code sweep (v136-2, 1292 selector states); public copy / glossary / hierarchy gates (v134-v136)",NOT_REVIEWED
E-011,detail,,,유지,,이번 회차에서 화면별 편집 검토를 하지 않음,"nested interactive control sweep (v136-4); term-help opens without navigating (v136-4); KPI wording + raw code sweep (v136-2, 1292 selector states); public copy / glossary / hierarchy gates (v134-v136)",NOT_REVIEWED
E-012,detail,,,유지,,이번 회차에서 화면별 편집 검토를 하지 않음,"nested interactive control sweep (v136-4); term-help opens without navigating (v136-4); KPI wording + raw code sweep (v136-2, 1292 selector states); public copy / glossary / hierarchy gates (v134-v136)",NOT_REVIEWED
E-013,detail,,,유지,,이번 회차에서 화면별 편집 검토를 하지 않음,"nested interactive control sweep (v136-4); term-help opens without navigating (v136-4); KPI wording + raw code sweep (v136-2, 1292 selector states); public copy / glossary / hierarchy gates (v134-v136)",NOT_REVIEWED
E-014,detail,,,유지,,이번 회차에서 화면별 편집 검토를 하지 않음,"nested interactive control sweep (v136-4); term-help opens without navigating (v136-4); KPI wording + raw code sweep (v136-2, 1292 selector states); public copy / glossary / hierarchy gates (v134-v136)",NOT_REVIEWED
E-015,detail,,,유지,,이번 회차에서 화면별 편집 검토를 하지 않음,"nested interactive control sweep (v136-4); term-help opens without navigating (v136-4); KPI wording + raw code sweep (v136-2, 1292 selector states); public copy / glossary / hierarchy gates (v134-v136)",NOT_REVIEWED
E-016,detail,,,유지,,이번 회차에서 화면별 편집 검토를 하지 않음,"nested interactive control sweep (v136-4); term-help opens without navigating (v136-4); KPI wording + raw code sweep (v136-2, 1292 selector states); public copy / glossary / hierarchy gates (v134-v136)",NOT_REVIEWED
E-017,detail,,,유지,,이번 회차에서 화면별 편집 검토를 하지 않음,"nested interactive control sweep (v136-4); term-help opens without navigating (v136-4); KPI wording + raw code sweep (v136-2, 1292 selector states); public copy / glossary / hierarchy gates (v134-v136)",NOT_REVIEWED
E-018,detail,,,유지,,이번 회차에서 화면별 편집 검토를 하지 않음,"nested interactive control sweep (v136-4); term-help opens without navigating (v136-4); KPI wording + raw code sweep (v136-2, 1292 selector states); public copy / glossary / hierarchy gates (v134-v136)",NOT_REVIEWED
E-019,detail,,,유지,,이번 회차에서 화면별 편집 검토를 하지 않음,"nested interactive control sweep (v136-4); term-help opens without navigating (v136-4); KPI wording + raw code sweep (v136-2, 1292 selector states); public copy / glossary / hierarchy gates (v134-v136)",NOT_REVIEWED
E-020,detail,,,유지,,이번 회차에서 화면별 편집 검토를 하지 않음,"nested interactive control sweep (v136-4); term-help opens without navigating (v136-4); KPI wording + raw code sweep (v136-2, 1292 selector states); public copy / glossary / hierarchy gates (v134-v136)",NOT_REVIEWED
