route,surface,nested
home,shell,0
explorer,shell,0
map,shell,0
download,shell,0
A-001,detail,0
A-002,detail,0
A-003,detail,0
A-004,detail,0
A-005,detail,0
A-006,detail,0
A-007,detail,0
A-008,detail,0
A-009,detail,0
A-010,detail,0
A-011,detail,0
A-012,detail,0
A-013,detail,0
A-014,detail,0
A-015,detail,0
A-016,detail,0
A-017,detail,0
A-018,detail,0
A-019,detail,0
A-020,detail,0
A-021,detail,0
A-022,detail,0
A-023,detail,0
A-024,detail,0
A-025,detail,0
A-026,detail,0
A-027,detail,0
A-028,detail,0
A-029,detail,0
A-030,detail,0
A-031,detail,0
A-032,detail,0
A-033,detail,0
B-001,detail,0
B-002,detail,0
B-003,detail,0
B-004,detail,0
B-005,detail,0
B-006,detail,0
B-007,detail,0
B-008,detail,0
B-009,detail,0
B-010,detail,0
B-011,detail,0
B-012,detail,0
B-013,detail,0
B-014,detail,0
B-015,detail,0
B-016,detail,0
B-017,detail,0
B-018,detail,0
B-019,detail,0
B-020,detail,0
B-021,detail,0
B-022,detail,0
B-023,detail,0
B-024,detail,0
B-025,detail,0
B-026,detail,0
B-027,detail,0
B-028,detail,0
B-029,detail,0
B-030,detail,0
B-031,detail,0
B-032,detail,0
B-033,detail,0
B-034,detail,0
B-035,detail,0
B-036,detail,0
B-037,detail,0
B-038,detail,0
B-039,detail,0
B-040,detail,0
B-041,detail,0
B-042,detail,0
B-043,detail,0
B-044,detail,0
B-045,detail,0
B-046,detail,0
B-047,detail,0
B-048,detail,0
C-001,detail,0
C-002,detail,0
C-003,detail,0
C-004,detail,0
C-005,detail,0
C-006,detail,0
C-007,detail,0
C-008,detail,0
C-009,detail,0
C-010,detail,0
C-011,detail,0
C-012,detail,0
C-013,detail,0
C-014,detail,0
C-015,detail,0
C-016,detail,0
C-017,detail,0
C-018,detail,0
C-019,detail,0
C-020,detail,0
C-021,detail,0
C-022,detail,0
C-023,detail,0
C-024,detail,0
C-025,detail,0
D-001,detail,0
D-002,detail,0
D-003,detail,0
D-004,detail,0
D-005,detail,0
D-006,detail,0
D-007,detail,0
D-008,detail,0
D-009,detail,0
D-010,detail,0
D-011,detail,0
D-012,detail,0
D-013,detail,0
D-014,detail,0
D-015,detail,0
D-016,detail,0
D-017,detail,0
D-018,detail,0
D-019,detail,0
D-020,detail,0
D-021,detail,0
D-022,detail,0
D-023,detail,0
D-024,detail,0
D-025,detail,0
D-026,detail,0
E-001,detail,0
E-002,detail,0
E-003,detail,0
E-004,detail,0
E-005,detail,0
E-006,detail,0
E-007,detail,0
E-008,detail,0
E-009,detail,0
E-010,detail,0
E-011,detail,0
E-012,detail,0
E-013,detail,0
E-014,detail,0
E-015,detail,0
E-016,detail,0
E-017,detail,0
E-018,detail,0
E-019,detail,0
E-020,detail,0
