elementId,publicTitle,category,group,sourceWorkbookExists,packageStatus,dataPresenceStatus,publicStatus,observationRows,populatedObservationRows,missingObservationRows,entityRows,populatedEntityRows,publicPopulatedRows,displayAllowed,downloadAllowed,downloadableRecordCount,downloadRestrictionReason,visualizationRenderer,visualizationStatus,mapMode,mapFeatureCount,sourceOrganizations,sourceReferencePeriod,lastPopulatedYear,limitationCount,userFacingStatus,finalDisposition,acceptanceResult
A-001,부패인식지수(CPI),A · 국가 기본 정보,A.1.a · 사회·경제 현황,true,provided,actual-records,actual,114,114,0,0,0,114,true,false,0,원자료 이용조건에 따라 화면 열람만 제공,score-benchmark,archetype,country-aggregate,0,Transparency International,2011~2025,2025,0,데이터 제공,populated-and-released,PASS
A-002,국가 정책·제도 평가(CPIA),A · 국가 기본 정보,A.1.a · 사회·경제 현황,true,provided,actual-records,actual,420,231,189,0,0,231,true,true,420,,score-benchmark,archetype,country-aggregate,0,World Bank,2015,2015,3,데이터 제공,populated-and-released,PASS
A-003,국내총생산 및 경제성장,A · 국가 기본 정보,A.1.a · 사회·경제 현황,true,provided,actual-records,actual,272,272,0,0,0,272,true,true,272,,kpi-trend,archetype,country-aggregate,0,World Bank,2025,2025,0,데이터 제공,populated-and-released,PASS
A-004,빈곤율 및 극빈곤율,A · 국가 기본 정보,A.1.a · 사회·경제 현황,true,provided,actual-records,actual,62,29,33,0,0,29,true,true,62,,kpi-trend,archetype,country-aggregate,0,World Bank,2022,2022,0,데이터 제공,populated-and-released,PASS
A-005,산업구조,A · 국가 기본 정보,A.1.a · 사회·경제 현황,true,provided,actual-records,actual,141,141,0,0,0,141,true,true,141,,composition,archetype,country-aggregate,0,World Bank,2025,2025,0,데이터 제공,populated-and-released,PASS
A-006,고용 및 실업,A · 국가 기본 정보,A.1.a · 사회·경제 현황,true,provided,actual-records,actual,120,114,6,0,0,114,true,true,120,,kpi-trend,archetype,country-aggregate,0,World Bank,2024~2025,2025,0,데이터 제공,populated-and-released,PASS
A-007,인구 및 도시화,A · 국가 기본 정보,A.1.a · 사회·경제 현황,true,provided,actual-records,actual,263,263,0,0,0,263,true,true,263,,kpi-trend,archetype,country-aggregate,0,World Bank,2025,2025,0,데이터 제공,populated-and-released,PASS
A-008,소득 불평등(지니계수),A · 국가 기본 정보,A.1.a · 사회·경제 현황,true,provided,actual-records,actual,31,13,18,0,0,13,true,true,31,,score-benchmark,archetype,country-aggregate,0,World Bank,2022,2022,0,데이터 제공,populated-and-released,PASS
A-009,온실가스 배출집약도,A · 국가 기본 정보,A.1.b · GHG 배출 현황,true,provided,actual-records,actual,90,90,0,0,0,90,true,true,90,,kpi-trend,archetype,country-aggregate,0,"European Commission, Joint Research Centre (JRC) — EDGAR",2024,2024,0,데이터 제공,populated-and-released,PASS
A-010,온실가스 종류별 배출량,A · 국가 기본 정보,A.1.b · GHG 배출 현황,true,provided,actual-records,actual,400,400,0,0,0,400,true,true,290,,composition,archetype,country-aggregate,0,"European Commission, Joint Research Centre (JRC) — EDGAR | European Commission, Joint Research Centre (JRC) — IEA-EDGAR CO2",2024,2024,0,데이터 제공,populated-and-released,PASS
A-011,부문별 온실가스 배출량,A · 국가 기본 정보,A.1.b · GHG 배출 현황,true,provided,actual-records,actual,495,495,0,0,0,495,true,true,495,,composition,archetype,country-aggregate,0,"European Commission, Joint Research Centre (JRC) — EDGAR",2024,2024,0,데이터 제공,populated-and-released,PASS
A-012,온실가스 총배출량,A · 국가 기본 정보,A.1.b · GHG 배출 현황,true,provided,actual-records,actual,103,103,0,0,0,103,true,true,103,,kpi-trend,archetype,country-aggregate,0,"European Commission, Joint Research Centre (JRC) — EDGAR | World Bank",2023~2024,2024,0,데이터 제공,populated-and-released,PASS
A-013,NDC와 지속가능발전목표 연계,A · 국가 기본 정보,A.1.c · SDG,true,provided,actual-records,actual,41,41,0,365,365,406,true,false,0,원자료 이용조건에 따라 화면 열람만 제공,evidence-matrix,archetype,country-aggregate,0,World Resources Institute — Climate Watch,2016,2016,0,데이터 제공,populated-and-released,PASS
A-014,지속가능발전목표 지수,A · 국가 기본 정보,A.1.c · SDG,true,provided,actual-records,actual,494,479,15,0,0,479,true,false,0,원자료 이용조건에 따라 화면 열람만 제공,score-benchmark,archetype,country-aggregate,0,Sustainable Development Solutions Network (SDSN),2025,2025,0,데이터 제공,populated-and-released,PASS
A-015,지속가능발전목표 세부 달성도,A · 국가 기본 정보,A.1.c · SDG,true,provided,actual-records,actual,101,99,2,0,0,99,true,false,0,원자료 이용조건에 따라 화면 열람만 제공,evidence-matrix,archetype,country-aggregate,0,Sustainable Development Solutions Network (SDSN),2011~2026,2026,0,데이터 제공,populated-and-released,PASS
A-016,1차 에너지 소비구조,A · 국가 기본 정보,A.2.a · 에너지·전력 정보,true,provided,actual-records,actual,427,427,0,0,0,427,true,false,0,원자료 이용조건에 따라 화면 열람만 제공,composition,archetype,country-aggregate,0,Energy Institute,2025,2025,0,데이터 제공,populated-and-released,PASS
A-017,발전원별 균등화 발전비용,A · 국가 기본 정보,A.2.a · 에너지·전력 정보,true,provided,actual-records,actual,72,72,0,0,0,72,true,false,0,원자료 이용조건에 따라 화면 열람만 제공,category-comparison,archetype,country-aggregate,0,BloombergNEF,2023,2050,0,데이터 제공,populated-and-released,PASS
A-018,발전설비 용량,A · 국가 기본 정보,A.2.a · 에너지·전력 정보,true,provided,actual-records,actual,676,472,204,0,0,472,true,false,0,원자료 이용조건에 따라 화면 열람만 제공,composition,archetype,country-aggregate,0,International Renewable Energy Agency (IRENA),2025,2025,0,데이터 제공,populated-and-released,PASS
A-019,송배전 손실률,A · 국가 기본 정보,A.2.a · 에너지·전력 정보,true,provided,actual-records,actual,34,34,0,0,0,34,true,true,34,,kpi-trend,archetype,country-aggregate,0,World Bank,2023,2023,0,데이터 제공,populated-and-released,PASS
A-020,재생에너지 비중,A · 국가 기본 정보,A.2.a · 에너지·전력 정보,true,provided,actual-records,actual,52,50,2,0,0,50,true,false,0,원자료 이용조건에 따라 화면 열람만 제공,kpi-trend,archetype,country-aggregate,0,International Renewable Energy Agency (IRENA),2023~2025,2025,0,데이터 제공,populated-and-released,PASS
A-021,전력 접근률,A · 국가 기본 정보,A.2.a · 에너지·전력 정보,true,provided,actual-records,actual,84,84,0,0,0,84,true,true,84,,kpi-trend,archetype,country-aggregate,0,World Bank,2024,2024,0,데이터 제공,populated-and-released,PASS
A-022,정전 빈도와 지속시간,A · 국가 기본 정보,A.2.a · 에너지·전력 정보,true,provided,actual-records,actual,54,39,15,0,0,39,true,false,0,원자료 이용조건에 따라 화면 열람만 제공,kpi-trend,archetype,country-aggregate,0,Vietnam Electricity (EVN),2025~2026,2026,0,데이터 제공,populated-and-released,PASS
A-023,발전소 현황,A · 국가 기본 정보,A.2.b · 에너지·전력 GIS 공간정보,true,provided,actual-records,actual,0,0,0,1963,1963,1963,true,true,236,,spatial-summary,archetype,cluster,1889,OpenStreetMap contributors | World Resources Institute,2021~2026,2026,0,데이터 제공,populated-and-released,PASS
A-024,베트남 송전망,A · 국가 기본 정보,A.2.b · 에너지·전력 GIS 공간정보,true,provided,actual-records,actual,40,40,0,722,722,762,true,true,762,,spatial-summary,archetype,line,606,World Bank (ENERGYDATA.INFO),2016~2026,2024,0,데이터 제공,populated-and-released,PASS
A-025,탄소포집·저장 시설,A · 국가 기본 정보,A.3.a · 인프라 GIS 공간정보,true,provided,actual-records,actual,1,1,0,5,5,6,true,true,6,,spatial-summary,archetype,panel-only,0,STADT(공개 1차 출처 정리),2026,2026,0,데이터 제공,populated-and-released,PASS
A-026,건물 분포,A · 국가 기본 정보,A.3.a · 인프라 GIS 공간정보,true,provided,actual-records,actual,5,5,0,0,0,5,true,false,0,원자료 이용조건에 따라 화면 열람만 제공,spatial-summary,archetype,panel-only,0,OpenStreetMap contributors,2026,2026,0,데이터 제공,populated-and-released,PASS
A-027,육상교통 인프라,A · 국가 기본 정보,A.3.a · 인프라 GIS 공간정보,true,provided,actual-records,actual,35,35,0,0,0,35,true,false,0,원자료 이용조건에 따라 화면 열람만 제공,spatial-summary,archetype,panel-only,0,OpenStreetMap contributors,2026,2026,0,데이터 제공,populated-and-released,PASS
A-028,해안·수자원 인프라,A · 국가 기본 정보,A.3.a · 인프라 GIS 공간정보,true,provided,actual-records,actual,19,19,0,0,0,19,true,false,0,원자료 이용조건에 따라 화면 열람만 제공,spatial-summary,archetype,panel-only,0,OpenStreetMap contributors,2026,2026,0,데이터 제공,populated-and-released,PASS
A-029,자유무역협정 체결 현황,A · 국가 기본 정보,A.4.a · 한·개도국 교역액 및 FTA 체결 현황,true,provided,actual-records,actual,3,3,0,19,17,20,true,false,0,원자료 이용조건에 따라 화면 열람만 제공,policy-timeline,archetype,country-aggregate,0,"WTO and Integration Center, VCCI",2026,2026,0,데이터 제공,populated-and-released,PASS
A-030,한국과의 교역 규모,A · 국가 기본 정보,A.4.a · 한·개도국 교역액 및 FTA 체결 현황,true,provided,actual-records,actual,16,16,0,0,0,16,true,false,0,원자료 이용조건에 따라 화면 열람만 제공,category-comparison,archetype,country-aggregate,0,한국무역협회(Korea International Trade Association),2024,2024,0,데이터 제공,populated-and-released,PASS
A-031,물류성과지수,A · 국가 기본 정보,A.4.b · 공급망,true,provided,actual-records,actual,49,49,0,0,0,49,true,true,49,,score-benchmark,archetype,country-aggregate,0,World Bank,2022,2022,0,데이터 제공,populated-and-released,PASS
A-032,중간재 교역 규모,A · 국가 기본 정보,A.4.b · 공급망,true,provided,actual-records,actual,100,100,0,0,0,100,true,false,0,원자료 이용조건에 따라 화면 열람만 제공,category-comparison,archetype,country-aggregate,0,OECD | World Bank WITS (원자료: UN Comtrade),2020~2023,2023,0,데이터 제공,populated-and-released,PASS
A-033,해운 연결성,A · 국가 기본 정보,A.4.b · 공급망,true,provided,actual-records,actual,82,82,0,0,0,82,true,true,82,,score-benchmark,archetype,country-aggregate,0,United Nations Conference on Trade and Development (UNCTAD),2025~2026,2026,0,데이터 제공,populated-and-released,PASS
B-001,건기와 우기,B · 기후 환경,B.1.a · 기후 기초 정보,true,provided,actual-records,actual,38,38,0,0,0,38,true,true,38,,seasonality,archetype,country-aggregate,0,World Bank CCKP (CRU TS 4.09),1991,1991,0,데이터 제공,populated-and-released,PASS
B-002,기후대,B · 기후 환경,B.1.a · 기후 기초 정보,true,provided,actual-records,actual,19,19,0,0,0,19,true,true,19,,spatial-summary,archetype,panel-only,0,"Beck et al.(2023) — High-resolution (1 km) Köppen-Geiger maps for 1901–2099 (Scientific Data 10, 724)",1930~2099,2099,0,데이터 제공,populated-and-released,PASS
B-003,평균 기온과 강수량,B · 기후 환경,B.1.a · 기후 기초 정보,true,provided,actual-records,actual,496,496,0,0,0,496,true,true,496,,seasonality,archetype,country-aggregate,0,World Bank CCKP (CRU TS 4.09),2024,2024,0,데이터 제공,populated-and-released,PASS
B-004,과거·미래 기후전망(CMIP6),B · 기후 환경,B.1.b · 과거·미래 기후,true,provided,actual-records,actual,2047,2047,0,0,0,2047,true,true,2047,,scenario-range,archetype,panel-only,0,"Global Solar Atlas 2.0 (World Bank/ESMAP, Solargis) | Global Wind Atlas 3.x (DTU/World Bank ESMAP) | World Bank CCKP (CMIP6 x0.25)",2014~2100,2100,0,데이터 제공,populated-and-released,PASS
B-005,가뭄 위험,B · 기후 환경,B.1.c · 기후 영향 인자,true,provided,actual-records,actual,503,503,0,0,0,503,true,true,503,,category-comparison,archetype,panel-only,0,Copernicus ERA5-Land | World Bank CCKP (CMIP6 x0.25),2014~2100,2100,0,데이터 제공,populated-and-released,PASS
B-006,폭염 위험,B · 기후 환경,B.1.c · 기후 영향 인자,true,provided,actual-records,actual,1423,1422,1,0,0,1422,true,true,1423,,category-comparison,archetype,panel-only,0,World Bank CCKP (CMIP6 x0.25),2014~2100,2100,0,데이터 제공,populated-and-released,PASS
B-007,홍수·호우 위험,B · 기후 환경,B.1.c · 기후 영향 인자,true,provided,actual-records,actual,1185,1185,0,0,0,1185,true,true,1185,,category-comparison,archetype,panel-only,0,World Bank CCKP (CMIP6 x0.25),2014~2100,2100,0,데이터 제공,populated-and-released,PASS
B-008,해수면 상승 전망,B · 기후 환경,B.1.d · 해수면 상승 전망,true,provided,actual-records,actual,1800,1800,0,0,0,1800,true,true,1800,,scenario-range,archetype,panel-only,0,IPCC AR6 Sea Level Projection Tool (NASA/IPCC),2100,2100,0,데이터 제공,populated-and-released,PASS
B-009,생물다양성·기후 위험,B · 기후 환경,B.2.a · 물리적 리스크,true,provided,actual-records,actual,435,435,0,0,0,435,true,true,435,,score-benchmark,archetype,country-aggregate,0,University of Notre Dame ND-GAIN Country Index 2026 | WWF Biodiversity Risk Filter | WWF Biodiversity Risk Filter (RFS V3.0),2024~2026,2026,0,데이터 제공,populated-and-released,PASS
B-010,기후위험지수,B · 기후 환경,B.2.a · 물리적 리스크,true,provided,partial-records,partial,12,12,0,0,0,12,true,true,6,,score-benchmark,archetype,country-aggregate,0,Germanwatch Climate Risk Index 2026,2024,2024,0,일부 데이터 제공,partial-and-released,PASS
B-011,기후취약성지수,B · 기후 환경,B.2.a · 물리적 리스크,true,provided,actual-records,actual,1500,1500,0,0,0,1500,true,true,1500,,score-benchmark,archetype,country-aggregate,0,ND-GAIN Country Index 2026 | University of Notre Dame (ND-GAIN) | University of Notre Dame ND-GAIN Country Index 2026,2024,2024,0,데이터 제공,populated-and-released,PASS
B-012,재해·재난 이력,B · 기후 환경,B.2.a · 물리적 리스크,true,provided,partial-records,partial,97,97,0,166,166,263,true,true,1,,policy-timeline,archetype,panel-only,0,"EM-DAT Archive v2026-04-30 | EM-DAT Archive v2026-04-30 (CRED/UCLouvain) | GDIS (Geocoded Disasters, NASA SEDAC) / DesInventar Sendai / NOAA NCEI",2024,2024,0,일부 데이터 제공,partial-and-released,PASS
B-013,탄소국경조정제도 영향,B · 기후 환경,B.2.b · 전환 리스크,true,provided,actual-records,actual,35,33,2,0,0,33,true,true,35,,score-benchmark,archetype,country-aggregate,0,World Bank Relative CBAM Exposure Index | World Bank — EU CBAM Exposure Index,2022,2022,0,데이터 제공,populated-and-released,PASS
B-014,탄소세 도입 효과 전망,B · 기후 환경,B.2.b · 전환 리스크,true,provided,actual-records,actual,13,13,0,0,0,13,true,true,13,,scenario-range,archetype,country-aggregate,0,World Bank Vietnam CCDR (2022),2040,2040,0,데이터 제공,populated-and-released,PASS
B-015,탄소가격 수준,B · 기후 환경,B.2.b · 전환 리스크,true,provided,actual-records,actual,15,13,2,0,0,13,true,true,15,,policy-timeline,archetype,country-aggregate,0,World Bank Carbon Pricing Dashboard | World Bank Carbon Pricing Dashboard; 베트남 정부 Decree 29/2026/ND-CP | 베트남 정부 Decree 29/2026/ND-CP 및 할당계획 | 베트남 정부 할당계획(Decree 29/2026/ND-CP) | 하노이증권거래소(HNX) 국내 탄소거래소,2020~2026,2026,0,데이터 제공,populated-and-released,PASS
B-016,화석연료 의존도,B · 기후 환경,B.2.b · 전환 리스크,true,provided,actual-records,actual,45,35,10,0,0,35,true,true,45,,kpi-trend,archetype,country-aggregate,0,Energy Institute Statistical Review of World Energy | World Bank WDI (원자료 IEA),2024~2025,2024,0,데이터 제공,populated-and-released,PASS
B-017,물 스트레스,B · 기후 환경,B.3.a · 수자원 취약성,true,provided,actual-records,actual,1589,1589,0,0,0,1589,true,true,1589,,spatial-summary,archetype,country-aggregate,0,FAO AQUASTAT (SDG 6.4.2) | WRI Aqueduct 4.0 | WRI Aqueduct 4.0 (2023),2023~2080,2080,0,데이터 제공,populated-and-released,PASS
B-018,장기 국내총생산 전망,B · 기후 환경,B.3.b · SSP(공유 사회 경제 경로)기반 사회경제적 리스크,true,provided,actual-records,actual,282,282,0,0,0,282,true,true,282,,scenario-range,archetype,country-aggregate,0,IIASA SSP Database v3.1 | IIASA SSP Database v3.1 (IIASA GDP 2023) | IIASA SSP Database v3.1 (OECD ENV-Growth 2023),2020~2100,2100,0,데이터 제공,populated-and-released,PASS
B-019,장기 인구 전망,B · 기후 환경,B.3.b · SSP(공유 사회 경제 경로)기반 사회경제적 리스크,true,provided,actual-records,actual,110,110,0,0,0,110,true,true,110,,scenario-range,archetype,country-aggregate,0,IIASA SSP Database v3.1 (IIASA-WiC POP 2023),2020~2100,2100,0,데이터 제공,populated-and-released,PASS
B-020,복합 위험지수,B · 기후 환경,B.3.c · 기타 관련 지표,true,provided,actual-records,actual,2696,2695,1,0,0,2695,true,true,2696,,score-benchmark,archetype,country-aggregate,0,EU JRC INFORM Risk 2026 TREND | EU JRC INFORM Risk Index 2026 (v0.7.2) | European Commission JRC / UN OCHA — INFORM Risk 2026 | JRC INFORM Risk Index 2026 | JRC INFORM Risk Index — Trend 2017–2026,2017~2026,2026,0,데이터 제공,populated-and-released,PASS
B-021,취약성지수,B · 기후 환경,B.3.c · 기타 관련 지표,true,provided,actual-records,actual,2970,2969,1,0,0,2969,true,true,2970,,score-benchmark,archetype,region-choropleth,63,"Global Data Lab (GDL Area Database) | Global Data Lab GVI | Global Data Lab GVI (Huisman et al., 2025) | Global Data Lab — GVIP Database (Huisman et al., 2025)",2022~2100,2100,0,데이터 제공,populated-and-released,PASS
B-022,기후피해의 경제적 비용,B · 기후 환경,B.3.c · 기타 관련 지표,true,provided,actual-records,actual,11,11,0,0,0,11,true,true,11,,score-benchmark,archetype,country-aggregate,0,World Bank Vietnam CCDR (2022) | World Bank Vietnam CCDR 2022 | World Bank Vietnam Country Climate and Development Report (CCDR) 2022,2030~2050,2050,0,데이터 제공,populated-and-released,PASS
B-023,건기/우기 유량 차이,B · 기후 환경,B.4.a · 수문학,true,provided,actual-records,actual,11,10,1,0,0,10,true,true,11,,kpi-trend,archetype,panel-only,0,"GRDC / HydroBASINS / GloFAS | Le et al. (2014), HESS | MRC (2009) / Le et al. (2014) | MRC / VNMC | Mekong River Commission (2009) | Mekong River Commission (MRC) / VNMC",2004~2026,2010,0,데이터 제공,populated-and-released,PASS
B-024,농업 용수 비중,B · 기후 환경,B.4.a · 수문학,true,provided,actual-records,actual,205,204,1,0,0,204,true,true,205,,composition,archetype,country-aggregate,0,FAO AQUASTAT | 베트남 통계청(GSO) 관개면적·수확면적 통계,2023,2023,0,데이터 제공,populated-and-released,PASS
B-025,유역 면적,B · 기후 환경,B.4.a · 수문학,true,provided,actual-records,actual,19,18,1,0,0,18,true,true,19,,spatial-summary,archetype,panel-only,0,HydroSHEDS / HydroBASINS v1.c | MONRE via WEPA (2024) | MONRE via WEPA (2024) / VNMC,2024~2026,2024,0,데이터 제공,populated-and-released,PASS
B-026,유향(flow direction),B · 기후 환경,B.4.a · 수문학,true,provided,actual-records,actual,11,11,0,0,0,11,true,true,11,,spatial-summary,archetype,panel-only,0,HydroSHEDS v1 Flow Direction (DIR 15s),2022,2022,0,데이터 제공,populated-and-released,PASS
B-027,지하수 잠재량,B · 기후 환경,B.4.a · 수문학,true,provided,actual-records,actual,54,53,1,0,0,53,true,true,54,,spatial-summary,archetype,panel-only,0,FAO AQUASTAT | IGRAC GGIS / PCR-GLOBWB2 · WaterGAP / NASA GRACE-FO,2023~2026,2023,0,데이터 제공,populated-and-released,PASS
B-028,하천 유량,B · 기후 환경,B.4.a · 수문학,true,provided,actual-records,actual,16,15,1,0,0,15,true,true,16,,spatial-summary,archetype,panel-only,0,"FAO AQUASTAT | GloFAS (Copernicus EMS) / GRDC / HydroSHEDS | Le et al. (2014), HESS | MONRE (2022) | Mekong River Commission (2009) | Mekong River Commission (MRC)/VNMC · Le et al.(2014) · MONRE",2004~2026,2023,0,데이터 제공,populated-and-released,PASS
B-029,산림 유형별 면적,B · 기후 환경,B.4.b · 산림,true,provided,partial-records,partial,168,168,0,0,0,168,true,true,166,,spatial-summary,archetype,panel-only,0,"FAO FAOSTAT Land Cover (LC), CCI_LC | FAO FAOSTAT Land Cover (LC), MODIS | FAO FAOSTAT Land Cover (LC), WorldCover | FAO FAOSTAT Land Use (RL) | Global Forest Watch (UMD/WRI) | Greifswald Mire Centre — Global Peatland Map 2.0 (UNEP Global Peatlands Assessment 기반자료)",2001~2025,2025,0,일부 데이터 제공,partial-and-released,PASS
B-030,산림 이득,B · 기후 환경,B.4.b · 산림,true,provided,actual-records,actual,37,36,1,0,0,36,true,true,37,,spatial-summary,archetype,panel-only,0,FAO FAOSTAT Land Use (RL) | Global Forest Watch / UMD | Global Forest Watch / UMD (Potapov et al. 2022),2020~2025,2025,0,데이터 제공,populated-and-released,PASS
B-031,산림 총면적,B · 기후 환경,B.4.b · 산림,true,provided,actual-records,actual,208,208,0,0,0,208,true,true,208,,spatial-summary,archetype,choropleth,63,"Global Forest Watch (UMD/WRI) | Global Forest Watch / Hansen et al.(2013) | Global Forest Watch / Hansen et al.(2013), UMD",2000~2010,2010,0,데이터 제공,populated-and-released,PASS
B-032,수관 피복률,B · 기후 환경,B.4.b · 산림,true,provided,actual-records,actual,136,136,0,0,0,136,true,true,136,,spatial-summary,archetype,choropleth,63,Global Forest Watch (UMD/WRI) | Global Forest Watch (분자) / FAOSTAT Land Use (분모) | Global Forest Watch / Hansen et al.(2013),2010,2010,0,데이터 제공,populated-and-released,PASS
B-033,연간 산림손실,B · 기후 환경,B.4.b · 산림,true,provided,actual-records,actual,2142,2142,0,0,0,2142,true,true,2142,,spatial-summary,archetype,choropleth,63,"Global Forest Watch (UMD/WRI) | Global Forest Watch (UMD/WRI, Curtis et al. 2018 drivers) | Global Forest Watch / Curtis et al.(2018) drivers | Global Forest Watch / Hansen (UMD)",2025,2025,0,데이터 제공,populated-and-released,PASS
B-034,탄소 저장량,B · 기후 환경,B.4.b · 산림,true,provided,actual-records,actual,498,497,1,0,0,497,true,true,498,,spatial-summary,archetype,choropleth,63,Global Forest Watch | Global Forest Watch (Harris et al. 2021) | Global Forest Watch (UMD/WRI),2000~2025,2025,0,데이터 제공,populated-and-released,PASS
B-035,LULUCF 관련 면적 변화,B · 기후 환경,B.4.c · 토지이용,true,provided,actual-records,actual,1764,1763,1,0,0,1763,true,true,1764,,spatial-summary,archetype,country-aggregate,0,FAO FAOSTAT Land Use (RL) | FAOSTAT Land Use (RL),2024~2025,2025,0,데이터 제공,populated-and-released,PASS
B-036,토지이용 변화율,B · 기후 환경,B.4.c · 토지이용,true,provided,actual-records,actual,48,48,0,0,0,48,true,true,48,,spatial-summary,archetype,panel-only,0,"FAO FAOSTAT Land Cover (LC), CCI_LC | FAO FAOSTAT Land Cover (LC), MODIS | FAO FAOSTAT Land Use (RL)",2022~2024,2024,0,데이터 제공,populated-and-released,PASS
B-037,토지피복 구성,B · 기후 환경,B.4.c · 토지이용,true,provided,actual-records,actual,684,667,17,0,0,667,true,true,684,,spatial-summary,archetype,panel-only,0,"FAO FAOSTAT Land Cover (LC), CCI_LC | FAO FAOSTAT Land Cover (LC), CGLS | FAO FAOSTAT Land Cover (LC), MODIS | FAO FAOSTAT Land Cover (LC), WorldCover",2019~2024,2024,0,데이터 제공,populated-and-released,PASS
B-038,바이오매스 자원 가용량,B · 기후 환경,B.4.d · 에너지 자원량,true,provided,actual-records,actual,190,187,3,0,0,187,true,true,190,,spatial-summary,archetype,country-aggregate,0,"FAO — FAOSTAT Crops and livestock products (QCL), Live Animals / Stocks | FAOSTAT 임산물 생산량 기반 산출 / 현지조사 | FAOSTAT 작물 생산량 기반 잔재계수 산출 / 현지조사 | FAOSTAT 축종별 사육두수 기반 산출 | IRENA Renewable Capacity Statistics 2026 | IRENA Renewable Energy Statistics 2025 | U.S. EIA International Energy Statistics (Bulk File INTL.txt) | World Bank Group — What a Waste 3.0: Global Snapshot of Solid Waste Management Toward Circularity until 2050 (2026-03)",2015~2050,2050,0,데이터 제공,populated-and-released,PASS
B-039,수력 잠재량,B · 기후 환경,B.4.d · 에너지 자원량,true,provided,actual-records,actual,165,164,1,0,0,164,true,true,165,,spatial-summary,archetype,panel-only,0,Energy Institute Statistical Review of World Energy | Global Gross Hydropower Potential Dataset (Hoes et al. 2017) / Gernaat et al.(2017) | IHA / EVN | International Hydropower Association (IHA 2024) | International Hydropower Association (IHA) | International Hydropower Association (IHA) / EVN | U.S. EIA International Energy Statistics (Bulk File INTL.txt) | Vietnam Electricity (EVN) | World Bank / ESMAP (2017) | 베트남 총리 Decision 768/QĐ-TTg (2025) — 개정 PDP8,2017~2030,2030,0,데이터 제공,populated-and-released,PASS
B-040,지열 잠재량,B · 기후 환경,B.4.d · 에너지 자원량,true,provided,actual-records,actual,102,101,1,0,0,101,true,true,102,,spatial-summary,archetype,panel-only,0,"DGGV (2021) | IRENA Global Atlas (HDR Subsurface Thermal Profiles) | IRENA Global Atlas — Subsurface Thermal Profiles; Global Geothermal Power Plant Map; UNFC 유망지역 분류 | Institute of Energy (IoE, MOIT) 2013 | IoE (MOIT) / DGGV | U.S. EIA International Energy Statistics (Bulk File INTL.txt) | World Geothermal Congress 2005 | World Geothermal Congress 2005 / Nguyen (2010)",2005~2026,2026,0,데이터 제공,populated-and-released,PASS
B-041,태양광 자원,B · 기후 환경,B.4.d · 에너지 자원량,true,provided,actual-records,actual,50,50,0,0,0,50,true,true,50,,spatial-summary,archetype,panel-only,0,"Global Solar Atlas 2.0 | Global Solar Atlas 2.0 (World Bank/ESMAP, Solargis)",2018,2018,0,데이터 제공,populated-and-released,PASS
B-042,풍력 자원,B · 기후 환경,B.4.d · 에너지 자원량,true,provided,actual-records,actual,142,142,0,0,0,142,true,true,142,,spatial-summary,archetype,panel-only,0,Global Wind Atlas 3.x | Global Wind Atlas 3.x (DTU/World Bank ESMAP),2017,2017,0,데이터 제공,populated-and-released,PASS
B-043,화석연료 자원량,B · 기후 환경,B.4.d · 에너지 자원량,true,provided,actual-records,actual,274,273,1,0,0,273,true,true,274,,spatial-summary,archetype,country-aggregate,0,EI Statistical Review(매장량) / U.S. EIA(생산량) | Energy Institute Statistical Review of World Energy | U.S. EIA International Energy Statistics (Bulk File INTL.txt) | U.S. EIA International Energy Statistics / OPEC ASB / 베트남 PVN 연차보고서 | U.S. Energy Information Administration — International Energy Statistics (API bulk file INTL.txt),2000~2026,2025,0,데이터 제공,populated-and-released,PASS
B-044,핵심 광물 종류,B · 기후 환경,B.4.e · 광물 자원량,true,provided,actual-records,actual,26,24,2,0,0,24,true,true,26,,spatial-summary,archetype,country-aggregate,0,USGS Mineral Commodity Summaries 2026 | USGS Mineral Commodity Summaries 2026; USGS Minerals Yearbook Vietnam 2022 | 연구진 설정(발주처 협의 예정) | 현지조사(예정),2026,2026,0,데이터 제공,populated-and-released,PASS
B-045,광물자원 국제순위,B · 기후 환경,B.4.e · 광물 자원량,true,provided,actual-records,actual,46,46,0,0,0,46,true,true,46,,spatial-summary,archetype,country-aggregate,0,USGS Mineral Commodity Summaries 2026,2026,2026,0,데이터 제공,populated-and-released,PASS
B-046,광물 매장량,B · 기후 환경,B.4.e · 광물 자원량,true,provided,actual-records,actual,13,8,5,0,0,8,true,true,13,,spatial-summary,archetype,country-aggregate,0,USGS Mineral Commodity Summaries 2026,2026,2026,0,데이터 제공,populated-and-released,PASS
B-047,광물 생산량,B · 기후 환경,B.4.e · 광물 자원량,true,provided,actual-records,actual,21,19,2,0,0,19,true,true,21,,spatial-summary,archetype,country-aggregate,0,USGS Mineral Commodity Summaries 2026 | USGS Mineral Commodity Summaries 2026 / 언론·산업 보고,2025,2025,0,데이터 제공,populated-and-released,PASS
B-048,주요 광산 위치,B · 기후 환경,B.4.e · 광물 자원량,true,provided,actual-records,actual,10,10,0,8,8,18,true,true,18,,spatial-summary,archetype,point,2,USGS MRDS (Mineral Resources Data System) | USGS Minerals Yearbook Vietnam 2022 (Table 2); USGS MRDS,2016~2022,2022,0,데이터 제공,populated-and-released,PASS
C-001,국가 온실가스 감축목표(NDC),C · 정책·제도,C.1.a · NDC (국가 온실가스 감축 목표),true,provided,actual-records,actual,49,49,0,0,0,49,true,true,49,,evidence-matrix,archetype,country-aggregate,0,UNFCCC NDC Registry / 베트남 천연자원환경부(MONRE),2014~2030,2030,0,데이터 제공,populated-and-released,PASS
C-002,격년투명성보고서(BTR),C · 정책·제도,"C.1.b · BTR (격년투명성보고서, 舊 BUR)",true,provided,actual-records,actual,81,76,5,0,0,76,true,true,81,,evidence-matrix,archetype,country-aggregate,0,UNFCCC / 베트남 천연자원환경부(MONRE),2010~2059,2050,0,데이터 제공,populated-and-released,PASS
C-003,국가적응계획(NAP),C · 정책·제도,C.1.c · NAP (국가 적응 계획),true,provided,actual-records,actual,96,95,1,0,0,95,true,true,96,,evidence-matrix,archetype,country-aggregate,0,UNFCCC NAP Central / 베트남 농업환경부(MAE),2020~2050,2050,0,데이터 제공,populated-and-released,PASS
C-004,장기 저탄소 발전전략,C · 정책·제도,C.1.d · LT-LEDS (장기 저탄소 발전 전략),true,provided,actual-records,actual,58,56,2,0,0,56,true,true,56,,evidence-matrix,archetype,country-aggregate,0,베트남 총리실 (Quyết định 896/QĐ-TTg) / World Bank,2022~2050,2050,0,데이터 제공,populated-and-released,PASS
C-005,기후기술 수요 및 우선기술,C · 정책·제도,C.1.e · TNA (기술 수요 평가),true,provided,actual-records,actual,134,134,0,0,0,134,true,true,134,,evidence-matrix,archetype,country-aggregate,0,UNEP CCC / 베트남 천연자원환경부(MONRE),2012,2012,0,데이터 제공,populated-and-released,PASS
C-006,파리협정 제6조 양자협력 체계,C · 정책·제도,C.1.e · 파리협정 제6.2조/제6.4조 이행 체계·현황,true,provided,actual-records,actual,47,46,1,0,0,46,true,true,36,,capability-scorecard,archetype,country-aggregate,0,UNEP-CCC (UNEP Copenhagen Climate Centre) — Article 6 Pipeline | UNFCCC / 베트남 정부 공보,2023~2026,2026,0,데이터 제공,populated-and-released,PASS
C-007,파리협정 비시장 접근,C · 정책·제도,C.1.f · 파리협정 제6.8조 비시장 접근법 참여 현황,true,provided,actual-records,actual,32,31,1,0,0,31,true,true,32,,portfolio,archetype,country-aggregate,0,UNFCCC NMA Platform | UNFCCC — Article 6.8 NMA Platform | UNFCCC — Article 6.8 NMA Platform (National Focal Point Section),2025~2026,2026,0,데이터 제공,populated-and-released,PASS
C-008,국제 기후협력 이니셔티브,C · 정책·제도,C.1.g · Cooperative Climate Initiative 참여 현황,true,provided,actual-records,actual,137,134,3,98,98,232,true,true,235,,portfolio,archetype,country-aggregate,0,Global Methane Pledge (EU·US 공동 주도) | UNFCCC Global Climate Action Portal (NAZCA) | UNFCCC — Article 6.8 NMA Platform | 베트남 정부 포털(Báo Chính phủ) | 베트남 총리실 — Quyết định 942/QĐ-TTg,1994~2050,2050,0,데이터 제공,populated-and-released,PASS
C-009,기후변화 법·제도,C · 정책·제도,C.2.a · 기후 법제도 현황,true,provided,actual-records,actual,182,182,0,0,0,182,true,true,81,,policy-timeline,archetype,country-aggregate,0,FAO FAOLEX — Electricity Law 28/2004/QH11 영문본 | 베트남 정부 — Nghị định 119/2025/NĐ-CP | 베트남 정부 — Nghị định 57/2025/NĐ-CP (Nghị định 243/2026/NĐ-CP 개정) | 베트남 정부 공보 / Climate Policy Database | 베트남 정부 공보(vanban.chinhphu.vn) | 베트남 정부 정책포털 — TOÀN VĂN: Luật Điện lực | 베트남 총리 — Quyết định 500/QĐ-TTg (2023-05-15) | 베트남 총리 — Quyết định 768/QĐ-TTg (2025-04-15) | 베트남 총리실 — Quyết định 13/2024/QĐ-TTg,2005~2050,2050,0,데이터 제공,populated-and-released,PASS
C-010,환경 법·제도,C · 정책·제도,C.2.b · 기타 환경 관련 법제도 현황,true,provided,actual-records,actual,59,59,0,0,0,59,true,true,32,,policy-timeline,archetype,country-aggregate,0,베트남 정부 — Nghị định 05/2025/NĐ-CP (환경보호법 시행령 08/2022 개정) | 베트남 정부 공보 / LuatVietnam | 베트남 정부 공보(vanban.chinhphu.vn),2008~2030,2027,0,데이터 제공,populated-and-released,PASS
C-011,치안·안전 정보,C · 정책·제도,C.2.c · 치안·안전 정보,true,provided,actual-records,actual,44,42,2,0,0,42,true,true,44,,score-benchmark,archetype,country-aggregate,0,UN Office on Drugs and Crime (UNODC) — World Bank Open Data 경유 | 대한민국 외교부 해외안전여행 | 대한민국 외교부 해외안전여행 / 베트남 통계총국(GSO) | 베트남 공안부(Bộ Công an) / 통계총국(GSO),2011~2026,2026,0,데이터 제공,populated-and-released,PASS
C-012,민관협력·조달 제도,C · 정책·제도,C.3.a · PPP 법제도·조달 체계,true,provided,actual-records,actual,92,86,6,0,0,86,true,true,83,,evidence-matrix,archetype,country-aggregate,0,베트남 국회·정부 공보 / World Bank PPP Legal Framework | 베트남 재무부(Bộ Tài chính) 투자 포털 | 베트남 정부 — Nghị định 243/2025/NĐ-CP,2000~2026,2026,0,데이터 제공,populated-and-released,PASS
C-013,외국인 투자제도,C · 정책·제도,C.3.b · 외국인 투자 규정,true,provided,actual-records,actual,50,50,0,0,0,50,true,true,36,,evidence-matrix,archetype,country-aggregate,0,베트남 국회 (Quốc hội) — 투자법 143/2025/QH15 | 베트남 국회 — Nghị quyết 98/2023/QH15 (정부 정책포털 전문) | 베트남 국회·정부 공보 / LuatVietnam,2016~2026,2026,0,데이터 제공,populated-and-released,PASS
C-014,사업 인허가 절차,C · 정책·제도,C.3.c · 인허가 프로세스,true,provided,actual-records,actual,93,92,1,0,0,92,true,true,83,,evidence-matrix,archetype,country-aggregate,0,World Bank Doing Business 2020 / 베트남 정부 공보 | 베트남 농업환경부 — Thông tư 09/2026/TT-BNNMT | 베트남 재무부 — Thông tư 38/2023/TT-BTC | 베트남 정부 — Nghị định 61/2025/NĐ-CP,2020~2026,2026,0,데이터 제공,populated-and-released,PASS
C-015,정책·제도 원문자료,C · 정책·제도,C.3.d · 재생에너지 관련 법제도,true,provided,actual-records,actual,21,21,0,0,0,21,true,true,17,,evidence-matrix,archetype,country-aggregate,0,베트남 산업무역부 전력·재생에너지국(EREA) | 베트남 정부 공보 / 산업무역부(MOIT) | 베트남 정부 공보(congbao.chinhphu.vn) | 베트남 정부 공보(vanban.chinhphu.vn),2016~2026,2026,0,데이터 제공,populated-and-released,PASS
C-016,재생에너지 발주·확대계획,C · 정책·제도,C.3.d · 재생에너지 관련 법제도,true,provided,actual-records,actual,817,781,36,0,0,781,true,true,808,,policy-timeline,archetype,choropleth,63,개정 PDP8 부록Ⅱ(768/QĐ-TTg) 원문 자체 검산 | 베트남 국회·정부 — 전력법 61/2024/QH15 및 Nghị định 58/2025/NĐ-CP | 베트남 산업무역부(의견수렴 공고) | 베트남 총리실 (Quyết định 768/QĐ-TTg) / 산업무역부(MOIT),2021~2050,2050,0,데이터 제공,populated-and-released,PASS
C-017,재생에너지 투자 인센티브,C · 정책·제도,C.3.d · 재생에너지 관련 법제도,true,provided,actual-records,actual,52,51,1,0,0,51,true,true,33,,evidence-matrix,archetype,country-aggregate,0,베트남 산업무역부 — Quyết định 1008/QĐ-BCT | 베트남 산업무역부 — Quyết định 1251/QĐ-BCT | 베트남 산업무역부 — Quyết định 1508/QĐ-BCT | 베트남 산업무역부 — Quyết định 1824/QĐ-BCT | 베트남 산업무역부 — Quyết định 21/QĐ-BCT | 베트남 산업무역부 — Quyết định 988/QĐ-BCT | 베트남 정부 — Nghị định 58/2025/NĐ-CP | 베트남 정부 공보 / 산업무역부(MOIT) | 베트남 투자법·법인세법·토지법 체계 및 Nghị quyết 98/2023/QH15,2016~2026,2026,0,데이터 제공,populated-and-released,PASS
C-018,중장기 에너지 전망,C · 정책·제도,C.3.d · 재생에너지 관련 법제도,true,provided,actual-records,actual,121,121,0,0,0,121,true,true,116,,scenario-range,archetype,country-aggregate,0,베트남 산업무역부 — Quyết định 1313/QĐ-BCT | 베트남 산업무역부 — Quyết định 2647/QĐ-BCT | 베트남 산업무역부 — Thông tư 21/2024/TT-BCT | 베트남 산업무역부(MOIT) — Quyết định 1824/QĐ-BCT | 베트남 총리실 (Quyết định 768/QĐ-TTg) / EVN | 베트남 총리실 — Quyết định 768/QĐ-TTg (개정 PDP8),2024~2050,2050,0,데이터 제공,populated-and-released,PASS
C-019,탄소시장 법·제도와 예산,C · 정책·제도,C.4.a · 탄소 시장 관련 법률·예산,true,provided,actual-records,actual,93,88,5,0,0,88,true,true,77,,evidence-matrix,archetype,country-aggregate,0,베트남 국회상임위원회 — Nghị quyết 109/2025/UBTVQH15 | 베트남 국회상임위원회 — Nghị quyết 579/2018/UBTVQH14 | 베트남 정부 — Nghị định 06/2022/NĐ-CP (119/2025/NĐ-CP 개정) | 베트남 정부 — Nghị định 29/2026/NĐ-CP | 베트남 정부 — Nghị định 29/2026/NĐ-CP / 하노이증권거래소(HNX) | 베트남 정부 공보 / ICAP / World Bank Carbon Pricing Dashboard,2019~2030,2029,0,데이터 제공,populated-and-released,PASS
C-020,온실가스 감축사업 기초정보,C · 정책·제도,C.4.b · GHG 감축 사업 타당성 검증 기초 정보,false,not-collected,not-collected,not-collected,0,0,0,0,0,0,true,false,0,실제 입력값이 없어 다운로드 자료를 제공하지 않음,status-only,status-only,not-applicable,0,,,,0,원자료 미수집,not-collected-accepted,PASS
C-021,자발적 탄소시장 사업목록,C · 정책·제도,C.4.b · GHG 감축 사업 타당성 검증 기초 정보,false,not-collected,not-collected,not-collected,0,0,0,0,0,0,true,false,0,실제 입력값이 없어 다운로드 자료를 제공하지 않음,status-only,status-only,not-applicable,0,,,,0,원자료 미수집,not-collected-accepted,PASS
C-022,탄소시장 준비도,C · 정책·제도,C.4.b · GHG 감축 사업 타당성 검증 기초 정보,true,provided,actual-records,actual,68,67,1,0,0,67,true,true,63,,capability-scorecard,archetype,country-aggregate,0,ICAP / World Bank PMI / 베트남 정부 공보 | 베트남 정부 — Nghị định 29/2026/NĐ-CP (국내 탄소거래소) | 베트남 정부 — Nghị định 45/2022/NĐ-CP | 베트남 정부 — Nghị định 45/2022/NĐ-CP · Nghị định 29/2026/NĐ-CP,2020~2030,2030,0,데이터 제공,populated-and-released,PASS
C-023,한계저감비용,C · 정책·제도,C.4.b · GHG 감축 사업 타당성 검증 기초 정보,false,not-collected,not-collected,not-collected,0,0,0,0,0,0,true,false,0,실제 입력값이 없어 다운로드 자료를 제공하지 않음,status-only,status-only,not-applicable,0,,,,0,원자료 미수집,not-collected-accepted,PASS
C-024,산림전용 방지 및 산림보전(REDD+),C · 정책·제도,C.4.c · 탄소크레딧 관련 프로젝트·실적,true,provided,actual-records,actual,14,14,0,0,0,14,true,true,14,,capability-scorecard,archetype,country-aggregate,0,Green Climate Fund (GCF) | UNFCCC REDD+ Web Platform / 베트남 농업환경부(MAE) | World Bank | World Bank — Forest Carbon Partnership Facility (FCPF),2016~2026,2026,0,데이터 제공,populated-and-released,PASS
C-025,탄소크레딧 사업 및 발행실적,C · 정책·제도,C.4.c · 탄소크레딧 관련 프로젝트·실적,true,provided,actual-records,actual,15,13,2,146,146,159,true,true,5,,portfolio,archetype,point,18,Global Carbon Council (GCC) | UNFCCC CDM Insights | Verra Registry / Gold Standard Registry / CarbonPlan offsets-db | Verra VCS Registry · Gold Standard Registry,2025~2026,2026,0,데이터 제공,populated-and-released,PASS
D-001,단위 사업당 CAPEX,D · 시장·산업 및 재원,D.1.a · 기후기술 분야별 수익성 평가 기초 정보,true,provided,actual-records,actual,14,14,0,0,0,14,true,true,14,,category-comparison,archetype,country-aggregate,0,World Bank Private Participation in Infrastructure (PPI) Database,2024,2024,0,데이터 제공,populated-and-released,PASS
D-002,시장 성장률,D · 시장·산업 및 재원,D.1.a · 기후기술 분야별 수익성 평가 기초 정보,true,provided,actual-records,actual,8,6,2,0,0,6,true,false,0,원자료 이용조건에 따라 화면 열람만 제공,category-comparison,archetype,country-aggregate,0,The Shiv (베트남 산업 전문지) — 총리결정 768/QĐ-TTg(개정 PDP8) 해설,2030,2030,0,데이터 제공,populated-and-released,PASS
D-003,예상 감축량,D · 시장·산업 및 재원,D.1.a · 기후기술 분야별 수익성 평가 기초 정보,true,provided,actual-records,actual,12,8,4,0,0,8,true,false,0,원자료 이용조건에 따라 화면 열람만 제공,category-comparison,archetype,country-aggregate,0,베트남전력공사(EVN) · 베트남 기후변화국(DCC),2023,2023,0,데이터 제공,populated-and-released,PASS
D-004,크레딧 가격 연동 수익성,D · 시장·산업 및 재원,D.1.a · 기후기술 분야별 수익성 평가 기초 정보,true,provided,actual-records,actual,15,15,0,0,0,15,true,false,0,원자료 이용조건에 따라 화면 열람만 제공,category-comparison,archetype,country-aggregate,0,World Federation of Exchanges (VCM 실거래 연구) · MSCI Carbon Markets · Sylvera,2026,2026,0,데이터 제공,populated-and-released,PASS
D-005,감축/적응 구분별 예산 배분 비율,D · 시장·산업 및 재원,D.1.b · 기후대응·기후기술 관련 정부 예산,true,provided,actual-records,actual,10,8,2,0,0,8,true,false,0,원자료 이용조건에 따라 화면 열람만 제공,multi-metric-trend,archetype,country-aggregate,0,United Nations Development Programme · 베트남 기획투자부(MPI) — Viet Nam Climate Public Expenditure and Investment Review (CPEIR) 2015 | United Nations Development Programme 베트남사무소 · 베트남 기획투자부(MPI) — CPEIR 2022 | World Bank — Viet Nam Country Climate and Development Report (CCDR) 2022,2013~2020,2020,0,데이터 제공,populated-and-released,PASS
D-006,기후 관련 조세 수입,D · 시장·산업 및 재원,D.1.b · 기후대응·기후기술 관련 정부 예산,true,provided,actual-records,actual,10,7,3,0,0,7,true,false,0,원자료 이용조건에 따라 화면 열람만 제공,multi-metric-trend,archetype,country-aggregate,0,World Bank — Viet Nam Country Climate and Development Report (CCDR) 2022 | 베트남 재정부(Ministry of Finance) 국가예산계획 — CEIC Data 재게시,2018~2026,2022,0,데이터 제공,populated-and-released,PASS
D-007,"기후예산태깅(CBT, Climate Budget Tagging) 도입 여부 및 수준",D · 시장·산업 및 재원,D.1.b · 기후대응·기후기술 관련 정부 예산,true,provided,actual-records,actual,3,3,0,0,0,3,true,false,0,원자료 이용조건에 따라 화면 열람만 제공,multi-metric-trend,archetype,country-aggregate,0,United Nations Development Programme · 베트남 기획투자부(MPI) — Viet Nam Climate Public Expenditure and Investment Review (CPEIR) 2015 | World Bank — Viet Nam Country Climate and Development Report (CCDR) 2022,2015~2022,2022,0,데이터 제공,populated-and-released,PASS
D-008,주관 부처별 기후 예산 규모,D · 시장·산업 및 재원,D.1.b · 기후대응·기후기술 관련 정부 예산,true,provided,actual-records,actual,15,14,1,0,0,14,true,false,0,원자료 이용조건에 따라 화면 열람만 제공,multi-metric-trend,archetype,choropleth,3,United Nations Development Programme · 베트남 기획투자부(MPI) — Viet Nam Climate Public Expenditure and Investment Review (CPEIR) 2015 | United Nations Development Programme 베트남사무소 · 베트남 기획투자부(MPI) — CPEIR 2022 | World Bank — Viet Nam Country Climate and Development Report (CCDR) 2022,2012~2020,2020,0,데이터 제공,populated-and-released,PASS
D-009,기후대응·기후기술 관련 정부 예산,D · 시장·산업 및 재원,D.1.b · 기후대응·기후기술 관련 정부 예산,true,provided,actual-records,actual,7,7,0,0,0,7,true,false,0,원자료 이용조건에 따라 화면 열람만 제공,multi-metric-trend,archetype,panel-only,0,United Nations Development Programme · 베트남 기획투자부(MPI) — Viet Nam Climate Public Expenditure and Investment Review (CPEIR) 2015 | United Nations Development Programme 베트남사무소 · 베트남 기획투자부(MPI) — CPEIR 2022 | United Nations Development Programme 베트남사무소(보도자료),2013~2020,2020,0,데이터 제공,populated-and-released,PASS
D-010,화석연료 보조금 규모,D · 시장·산업 및 재원,D.1.b · 기후대응·기후기술 관련 정부 예산,true,provided,actual-records,actual,10,10,0,0,0,10,true,false,0,원자료 이용조건에 따라 화면 열람만 제공,multi-metric-trend,archetype,country-aggregate,0,Institute for Energy Economics and Financial Analysis (IEEFA) | International Monetary Fund — Fossil Fuel Subsidies Database / Data for a Greener World | Organisation for Economic Co-operation and Development — OECD Economic Surveys: Viet Nam 2025,2020~2024,2024,0,데이터 제공,populated-and-released,PASS
D-011,개도국 내 각국별 ODA 규모,D · 시장·산업 및 재원,D.1.c · 해외 경쟁 정보,true,provided,actual-records,actual,400,354,46,0,0,354,true,false,0,원자료 이용조건에 따라 화면 열람만 제공,category-comparison,archetype,country-aggregate,0,Organisation for Economic Co-operation and Development — Creditor Reporting System (CRS),2024,2024,0,데이터 제공,populated-and-released,PASS
D-012,경쟁국 민간기업의 개도국 진출 현황,D · 시장·산업 및 재원,D.1.c · 해외 경쟁 정보,true,provided,actual-records,actual,14,14,0,22,22,36,true,false,0,원자료 이용조건에 따라 화면 열람만 제공,category-comparison,archetype,country-aggregate,0,"업계 전문지·로펌 분석·기업 공시 종합(IEEFA, Akin Gump, Lexology, Enerdata, Vietnam Briefing, Maritime Executive 등)",2026,2026,0,데이터 제공,populated-and-released,PASS
D-013,녹색성장지수,D · 시장·산업 및 재원,D.1.d · 기타 관련 지수,true,provided,actual-records,actual,21,21,0,0,0,21,true,false,0,원자료 이용조건에 따라 화면 열람만 제공,score-benchmark,archetype,country-aggregate,0,Global Green Growth Institute (GGGI) — Green Growth Index 2024,2024,2024,0,데이터 제공,populated-and-released,PASS
D-014,대외경제협력기금 사업,D · 시장·산업 및 재원,D.2.a · 한국 국제협력 사업 추진 현황,true,provided,actual-records,actual,6,6,0,164,164,170,true,true,170,,portfolio,archetype,country-aggregate,0,국무조정실 ODA Korea 통합 통계(OECD CRS 보고 원자료) — 한국수출입은행(EDCF)·한국국제협력단(KOICA)·정부부처·지방자치단체 제출분,2024,2024,0,데이터 제공,populated-and-released,PASS
D-015,한국 공적개발원조 사업,D · 시장·산업 및 재원,D.2.a · 한국 국제협력 사업 추진 현황,true,provided,actual-records,actual,9,9,0,650,650,659,true,true,659,,portfolio,archetype,country-aggregate,0,국무조정실 ODA Korea 통합 통계(OECD CRS 보고 원자료) — 한국수출입은행(EDCF)·한국국제협력단(KOICA)·정부부처·지방자치단체 제출분,2024,2024,0,데이터 제공,populated-and-released,PASS
D-016,정부·지방자치단체 협력사업,D · 시장·산업 및 재원,D.2.a · 한국 국제협력 사업 추진 현황,true,provided,actual-records,actual,9,9,0,232,232,241,true,true,241,,portfolio,archetype,country-aggregate,0,국무조정실 ODA Korea 통합 통계(OECD CRS 보고 원자료) — 한국수출입은행(EDCF)·한국국제협력단(KOICA)·정부부처·지방자치단체 제출분,2024,2024,0,데이터 제공,populated-and-released,PASS
D-017,한국 ODA 사업기획·입찰,D · 시장·산업 및 재원,D.2.a · 한국 국제협력 사업 추진 현황,true,provided,actual-records,actual,2,2,0,10,10,12,true,true,12,,portfolio,archetype,country-aggregate,0,KOICA 전자조달시스템 · 조달청 나라장터(G2B) · ODA Korea 통합 입찰공고,2026,2026,0,데이터 제공,populated-and-released,PASS
D-018,적응기금 사업,D · 시장·산업 및 재원,D.2.b · 주요 국제기구 사업 추진 현황,true,provided,actual-records,actual,4,4,0,4,4,8,true,false,0,원자료 이용조건에 따라 화면 열람만 제공,portfolio,archetype,regional-scope,4,Adaptation Fund Board Secretariat,2026,2026,0,데이터 제공,populated-and-released,PASS
D-019,CTCN 기술지원,D · 시장·산업 및 재원,D.2.b · 주요 국제기구 사업 추진 현황,true,provided,actual-records,actual,5,4,1,10,10,14,true,false,0,원자료 이용조건에 따라 화면 열람만 제공,portfolio,archetype,country-aggregate,0,Climate Technology Centre and Network (CTCN),2025,2025,0,데이터 제공,populated-and-released,PASS
D-020,녹색기후기금 사업,D · 시장·산업 및 재원,D.2.b · 주요 국제기구 사업 추진 현황,true,provided,actual-records,actual,2,2,0,8,8,10,true,false,0,원자료 이용조건에 따라 화면 열람만 제공,portfolio,archetype,country-aggregate,0,Green Climate Fund,2026,2026,0,데이터 제공,populated-and-released,PASS
D-021,국제기구·개발은행 사업,D · 시장·산업 및 재원,D.2.b · 주요 국제기구 사업 추진 현황,true,provided,actual-records,actual,8,8,0,640,640,648,true,false,0,원자료 이용조건에 따라 화면 열람만 제공,portfolio,archetype,country-aggregate,0,"IATI Datastore (IATI Secretariat) — 국제기구·MDB 보고 활동 원자료 | IATI Registry — d-portal 집계(World Bank, ADB, IFC, UNDP, FAO, UNESCO, UNICEF, UN-Habitat, UNEP, IFAD, UNIDO, WHO, ILO 등 보고분) | IATI Registry — d-portal 집계(국제기구·MDB 보고분)",2026,2026,0,데이터 제공,populated-and-released,PASS
D-022,개발금융·민관협력 투자사업,D · 시장·산업 및 재원,D.3.a · 기후기술 분야 투자 정보,true,provided,actual-records,actual,3,3,0,15,15,18,true,false,0,원자료 이용조건에 따라 화면 열람만 제공,portfolio,archetype,country-aggregate,0,IATI Registry — d-portal 집계(World Bank·ADB·IFC 등 MDB·DFI 보고분),2026,2026,0,데이터 제공,populated-and-released,PASS
D-023,국제협력·기후재원 사업,D · 시장·산업 및 재원,D.3.a · 기후기술 분야 투자 정보,true,provided,actual-records,actual,8,8,0,71,71,79,true,false,0,원자료 이용조건에 따라 화면 열람만 제공,portfolio,archetype,panel-only,0,Climate Investment Funds (CIF) — Clean Technology Fund (CTF) Trust Fund Committee | Global Environment Facility (GEF) Secretariat | Green Climate Fund | Green Climate Fund · Global Environment Facility · Adaptation Fund Board Secretariat · Climate Investment Funds,2013~2026,2026,0,데이터 제공,populated-and-released,PASS
D-024,벤처·임팩트 투자,D · 시장·산업 및 재원,D.3.a · 기후기술 분야 투자 정보,true,provided,actual-records,actual,5,4,1,7,7,11,true,false,0,원자료 이용조건에 따라 화면 열람만 제공,portfolio,archetype,country-aggregate,0,New Energy Nexus · RMIT University — Vietnam Climate Tech Funding Ecosystem 2025 | New Energy Nexus · RMIT University — Vietnam Climate Tech Funding Ecosystem 2025 (DealStreetAsia·Tracxn 병용),2026,2026,0,데이터 제공,populated-and-released,PASS
D-025,민간 인프라 투자,D · 시장·산업 및 재원,D.3.a · 기후기술 분야 투자 정보,true,provided,actual-records,actual,17,17,0,132,132,149,true,true,149,,portfolio,archetype,country-aggregate,0,World Bank Private Participation in Infrastructure (PPI) Database,2024,2024,0,데이터 제공,populated-and-released,PASS
D-026,정치적 위험 보증사업,D · 시장·산업 및 재원,D.3.b · MIGA 정치적 리스크 보증 정보,true,provided,actual-records,actual,3,3,0,14,14,17,true,false,0,원자료 이용조건에 따라 화면 열람만 제공,portfolio,archetype,country-aggregate,0,"Multilateral Investment Guarantee Agency (MIGA), World Bank Group",2018,2018,0,데이터 제공,populated-and-released,PASS
E-001,CTCN 국가지정기구,E · 협력·실행 기반,E.1.a · 공공 파트너,true,provided,actual-records,public-authorized,0,0,0,15,15,15,true,true,15,,directory,archetype,country-aggregate,0,Climate Technology Centre and Network (CTCN),2026,2026,0,데이터 제공,populated-and-released,PASS
E-002,파리협정 국가지정기관,E · 협력·실행 기반,E.1.a · 공공 파트너,true,provided,actual-records,public-authorized,0,0,0,2,2,2,true,true,2,,directory,archetype,country-aggregate,0,United Nations Framework Convention on Climate Change (UNFCCC),2026,2026,0,데이터 제공,populated-and-released,PASS
E-003,녹색기후기금 국가지정기관,E · 협력·실행 기반,E.1.a · 공공 파트너,true,provided,actual-records,public-authorized,0,0,0,6,6,6,true,true,6,,directory,archetype,country-aggregate,0,Green Climate Fund (GCF),2026,2026,0,데이터 제공,populated-and-released,PASS
E-004,국제기구 현지사무소,E · 협력·실행 기반,E.1.b · 민간 파트너,true,provided,actual-records,public-authorized,0,0,0,18,18,18,true,true,18,,directory,archetype,country-aggregate,0,"ABC News (언론 보도 — 기관 공식 출처 아님) | Agence Française de Développement (AFD) | Asian Development Bank (ADB) | Deutsche Gesellschaft für Internationale Zusammenarbeit (GIZ) | European External Action Service (EEAS) / European Union | Food and Agriculture Organization of the United Nations (FAO) | Global Green Growth Institute (GGGI) | International Finance Corporation (IFC) | International Renewable Energy Agency (IRENA) | Japan International Cooperation Agency (JICA) | KfW Development Bank | Ministry of Foreign Affairs of Denmark | Ministry of Foreign Affairs of the Netherlands | United Nations Development Programme (UNDP) | United Nations Educational, Scientific and Cultural Organization (UNESCO) | United Nations Environment Programme (UNEP) | United Nations Industrial Development Organization (UNIDO) | World Bank",2026,2026,0,데이터 제공,populated-and-released,PASS
E-005,대학·연구기관·시민사회,E · 협력·실행 기반,E.1.b · 민간 파트너,true,provided,actual-records,public-authorized,0,0,0,20,20,20,true,true,20,,directory,archetype,country-aggregate,0,각 기관 공식 웹사이트 및 CTCN 네트워크 회원 정보(용역사 취합),2026,2026,0,데이터 제공,populated-and-released,PASS
E-006,현지 투자자 네트워크,E · 협력·실행 기반,E.1.b · 민간 파트너,true,provided,actual-records,public-authorized,0,0,0,14,14,14,true,true,14,,directory,archetype,country-aggregate,0,"Climate Investment Funds, IFC, EAAIF(PIDG), Proparco (레코드별 상이 — attr_19 참조) | 각 운용사·투자사 공식 웹사이트 및 언론(레코드별 상이 — attr_19·attr_20 참조)",2026,2026,0,데이터 제공,populated-and-released,PASS
E-007,온실가스 산정·보고·검증 체계,E · 협력·실행 기반,E.2.a · 온실가스 산정 MRV 체계,true,provided,partial-records,public-authorized,5,3,2,19,19,22,true,true,24,,capability-scorecard,archetype,country-aggregate,0,"Global Environment Facility (GEF) | United Nations Framework Convention on Climate Change (UNFCCC) | 베트남 농업환경부(Ministry of Agriculture and Environment, MAE) | 베트남 정부 법령(Decree·Decision·Circular) 및 UNFCCC 문서(용역사 취합) | 베트남 정부(Government of Viet Nam)",2021~2026,2026,0,데이터 제공,populated-and-released,PASS
E-008,기후기술 논문·특허,E · 협력·실행 기반,E.2.b · 논문·특허,true,provided,partial-records,public-authorized,28,26,2,13,13,39,true,true,41,,document-library,archetype,country-aggregate,0,"MDPI 및 J. Microbiol. Biotechnol. (PMC) — 레코드별 상이, 1.2_entity attr_14 참조 | Scimago Journal & Country Rank (Scimago Lab / Elsevier Scopus 기반) | USPTO (Google Patents / Justia 경유) — 레코드별 상이, 1.2_entity attr_14 참조 | World Intellectual Property Organization (WIPO) | 용역사 자체 산출 (1.2_entity 수집 표본 13건 기준)",2024~2026,2026,0,데이터 제공,populated-and-released,PASS
E-009,과학기술 인력,E · 협력·실행 기반,E.2.c · 개도국 기술 역량 평가 지표,true,provided,partial-records,public-authorized,6,4,2,0,0,4,true,true,6,,kpi-trend,archetype,country-aggregate,0,UNESCO Institute for Statistics (UIS) | World Bank (원자료: UNESCO Institute for Statistics),2016~2023,2023,0,데이터 제공,populated-and-released,PASS
E-010,연구개발·혁신 역량,E · 협력·실행 기반,E.2.c · 개도국 기술 역량 평가 지표,true,provided,partial-records,public-authorized,30,27,3,0,0,27,true,true,30,,score-benchmark,archetype,country-aggregate,0,World Bank (UNESCO Institute for Statistics 원자료) | World Intellectual Property Organization (WIPO) | 확인필요,2023~2025,2025,0,데이터 제공,populated-and-released,PASS
E-011,기술준비수준,E · 협력·실행 기반,E.2.c · 개도국 기술 역량 평가 지표,true,provided,no-populated-record,data-entry-planned,1,0,1,0,0,0,true,true,1,실제 입력값이 없어 다운로드 자료를 제공하지 않음,status-only,status-only,country-aggregate,0,해당없음 — 공개 원천 부재. 전문가 평가·현장조사로 생성 예정,2026,,0,입력 예정,data-entry-planned-accepted,PASS
E-012,기술인력과 임금,E · 협력·실행 기반,E.2.c · 개도국 기술 역량 평가 지표,true,provided,partial-records,public-authorized,91,88,3,0,0,88,true,true,91,,paired-category-comparison,specialized,country-aggregate,0,"International Labour Organization (ILOSTAT) | 베트남 통계청 National Statistics Office of Viet Nam (NSO) | 베트남 통계청 National Statistics Office of Viet Nam (NSO, 구 GSO) | 베트남 통계청(NSO, 구 GSO) 값의 USD 환산",2023~2024,2024,0,데이터 제공,populated-and-released,PASS
E-013,운영·유지보수 역량,E · 협력·실행 기반,E.2.d · 운영·유지보수 역량,true,provided,no-populated-record,schema-only,5,0,5,0,0,0,true,true,5,실제 입력값이 없어 다운로드 자료를 제공하지 않음,status-only,status-only,country-aggregate,0,출처기관 미확인,2026,,0,입력 양식,schema-only-accepted,PASS
E-014,기후·녹색성장 양자협정,E · 협력·실행 기반,E.3.a · 양자협정 현황,true,provided,actual-records,public-authorized,0,0,0,2,2,2,true,true,2,,policy-timeline,archetype,country-aggregate,0,대한민국 외교부(MOFA) / 2050 탄소중립녹색성장위원회 등 공식 발표자료(용역사 취합),2023,2026,0,데이터 제공,populated-and-released,PASS
E-015,NDC 파트너십 참여,E · 협력·실행 기반,E.3.b · 기타 협력 체계,true,provided,actual-records,public-authorized,8,8,0,0,0,8,true,true,8,,evidence-matrix,archetype,country-aggregate,0,NDC Partnership,2026,2026,0,데이터 제공,populated-and-released,PASS
E-016,한국 기후기술 성숙도,E · 협력·실행 기반,E.4.a · 한국 기후기술 역량,true,provided,actual-records,public-authorized,0,0,0,4,4,4,true,true,4,,capability-scorecard,archetype,country-aggregate,0,국가녹색기술연구소(NIGT) / 기후기술정보시스템(CTis),2020,2026,0,데이터 제공,populated-and-released,PASS
E-017,한국 기후기술 비교우위,E · 협력·실행 기반,E.4.a · 한국 기후기술 역량,true,provided,actual-records,public-authorized,10,10,0,0,0,10,true,true,10,,evidence-matrix,archetype,country-aggregate,0,국가녹색기술연구소(NIGT) / 기후기술정보시스템(CTis),2020,2020,0,데이터 제공,populated-and-released,PASS
E-018,한국 기업의 현지 진출,E · 협력·실행 기반,E.4.b · 국내 기업 개도국 진출 현황,true,provided,actual-records,public-authorized,0,0,0,21,21,21,true,true,21,,portfolio,archetype,country-aggregate,0,각 기업 공식 웹사이트 및 언론 보도(용역사 취합),2026,2026,0,데이터 제공,populated-and-released,PASS
E-019,한국 기관 현지사무소,E · 협력·실행 기반,E.4.c · 개도국 내 한국 기관 사무소,true,provided,actual-records,public-authorized,0,0,0,9,9,9,true,true,9,,directory,archetype,country-aggregate,0,각 기관 공식 웹사이트(용역사 취합),2026,2026,0,데이터 제공,populated-and-released,PASS
E-020,한국의 공공·민간 지원제도,E · 협력·실행 기반,E.4.d · 한국 공공·민간 지원체계,true,provided,actual-records,public-authorized,0,0,0,33,33,33,true,true,33,,portfolio,archetype,country-aggregate,0,NIGT·과기정통부·한국에너지공단·KIAT·KEITI·KOICA·KOTRA·한국수출입은행 등 각 기관 공식 웹사이트(용역사 취합) | 한국에너지공단·KOTRA·KEITI·KIAT·한국수출입은행·기후에너지환경부 등 공식 공고 및 언론 보도(용역사 취합),2026,2026,0,데이터 제공,populated-and-released,PASS
