ID,요소명_플랫폼,출처 윗줄,원데이터명,표출유형,구조,지역,기술,지오메트리,범주형,시나리오,상태,변형·비고,전용 컴포넌트,VNM,BGD,사례 수(검증)
A-001,Transparency International 부패인식지수(CPI),Transparency International,부패인식지수(CPI),U1,S1,,,,,,공개,,,○,○,3
A-002,World Bank 세계 거버넌스 지표(WGI),World Bank,세계 거버넌스 지표(WGI),U1,S1,,,,,,공개,6개 차원 토글,,○,○,3
A-003,World Bank WDI 국내총생산(GDP),World Bank WDI,국내총생산(GDP),U1,S1,,,,,,공개,,,○,○,3
A-004,World Bank WDI 빈곤율,World Bank WDI,빈곤율,U1,S1,,,,,,공개,,,○,○,2
A-005,World Bank 산업별 부가가치 비중,World Bank,산업별 부가가치 비중,U1,S1,,,,,,공개,,,○,○,3
A-006,World Bank WDI 실업률,World Bank WDI,실업률,U1,S1,,,,,,공개,,,○,○,2
A-007,World Bank WDI 인구,World Bank WDI,인구,U1,S1,,,,,,공개,,,○,○,2
A-008,World Bank WDI 지니계수,World Bank WDI,지니계수,U1,S1,,,,,,공개,,,○,○,2
A-009,EU JRC EDGAR 외 온실가스 배출강도,EU JRC EDGAR 외,온실가스 배출강도,U1,S1,,,,,,공개,,,○,○,2
A-010,EU JRC EDGAR 가스종류별 온실가스 배출량,EU JRC EDGAR,가스종류별 온실가스 배출량,U1,S1,,,,,,공개,,,○,○,3
A-011,EU JRC EDGAR 부문별 온실가스 배출량,EU JRC EDGAR,부문별 온실가스 배출량,U1,S1,,○,,,,공개,,,○,○,3
A-012,EU JRC EDGAR 외 온실가스 총배출량·순배출량,EU JRC EDGAR 외,온실가스 총배출량·순배출량,U1,S1,,,,,,공개,,,○,○,2
A-013,WRI Climate Watch NDC·SDG 연계 목록,WRI Climate Watch,NDC·SDG 연계 목록,U6,S4,,,,,,공개,매트릭스(NDC 부문×SDG) + 삼각주 조치 지도,ndc-sdg-matrix,○,○,2
A-014,SDSN 지속가능발전목표 이행 종합점수(SDG Index),SDSN,지속가능발전목표 이행 종합점수(SDG Index),U1,S1,,,,,,공개,,,○,○,3
A-015,SDSN SDG 세부지표별 달성도,SDSN,SDG 세부지표별 달성도,U1,S1,,,,,,공개,,,○,○,2
A-016,Energy Institute 1차 에너지 소비량,Energy Institute,1차 에너지 소비량,U1,S1,,○,,,,공개,,,○,–,2
A-017,BloombergNEF 균등화 발전비용(LCOE),BloombergNEF,균등화 발전비용(LCOE),U0,S1,,○,,,,제외(명세서 0918),제외(BNEF 재배포 제한),,○,–,1
A-018,IRENA 재생·비재생에너지 기술별 발전 설비용량,IRENA,재생·비재생에너지 기술별 발전 설비용량,U3,S1,,○,,,,공개,,,○,–,3
A-019,World Bank WDI 송배전 손실률,World Bank WDI,송배전 손실률,U1,S1,,○,,,,공개,,,○,–,3
A-020,IRENA 전력 부문 재생에너지 비중,IRENA,전력 부문 재생에너지 비중,U1,S1,,○,,,,공개,,,○,–,3
A-021,World Bank WDI 전력 접근률,World Bank WDI,전력 접근률,U1,S1,,,,,,공개,,,○,–,3
A-022,"World Bank 정전 지속시간·횟수(SAIDI, SAIFI)",World Bank,"정전 지속시간·횟수(SAIDI, SAIFI)",U1,S1,,○,,,,공개,지도: EVN 관할 T4 변형,,○,–,3
A-023,WRI 발전소 공간정보(GPPD),WRI,발전소 공간정보(GPPD),U4,S3,○,○,○,,,공개,클러스터·발전원 아이콘·라벨형 카드,power-plant-registry,○,–,3
A-024,World Bank ENERGYDATA.INFO 송전망 공간정보,World Bank ENERGYDATA.INFO,송전망 공간정보,U4,S3,○,○,○,,,공개,,,○,–,2
A-025,STADT 이산화탄소 포집·저장 시설(CCS),STADT,이산화탄소 포집·저장 시설(CCS),U4,S3,○,○,○,,,공개,,,○,–,2
A-026,OpenStreetMap 건물 윤곽·속성,OpenStreetMap,건물 윤곽·속성,U2,S2,○,○,,,,자료 대기,자료 대기(샘플),,○,–,3
A-027,OpenStreetMap 교통 인프라,OpenStreetMap,교통 인프라,U4,S3,○,○,,,,공개,,,✕,–,2
A-028,OpenStreetMap 해안·수자원 인프라,OpenStreetMap,해안·수자원 인프라,U4,S3,○,○,,,,보류(표출제한),원자료 보류·OSM 참고,,○,–,2
A-029,VCCI WTO센터 자유무역협정 현황(FTA),VCCI WTO센터,자유무역협정 현황(FTA),U6,S4,,,,,,공개,,,○,–,3
A-030,한국무역협회 한-베트남 교역액,한국무역협회,한-베트남 교역액,U1,S1,,,,,,공개,,,○,–,3
A-031,World Bank 물류성과지수(LPI),World Bank,물류성과지수(LPI),U1,S1,,,,,,공개,6개 차원 토글,,○,–,3
A-032,OECD 외 중간재 교역 규모(TiVA),OECD 외,중간재 교역 규모(TiVA),U1,S1,,,,,,공개,,,○,–,3
A-033,UNCTAD 정기선 해운 연결성(LSCI),UNCTAD,정기선 해운 연결성(LSCI),U1,S1,,,,,,공개,분기 시계열,,○,–,2
B-001,World Bank CCKP 건기·우기 구분,World Bank CCKP,건기·우기 구분,U1,S1,,,,,,공개,,,○,○,2
B-002,Beck et al. 쾨펜-가이거 기후대 구분,Beck et al.,쾨펜-가이거 기후대 구분,U2,S2,,,,○,○,공개,범주형(최다 기후대)+구성비 파이,,○,○,3
B-003,World Bank CCKP 연평균 기온·강수,World Bank CCKP,연평균 기온·강수,U2,S2,○,,○,,,공개,,,○,○,3
B-004,World Bank CCKP 과거·미래 기후 변수(CMIP6),World Bank CCKP,과거·미래 기후 변수(CMIP6),U2,S2,○,,○,,○,공개,,,○,○,2
B-005,World Bank CCKP 가뭄 지표,World Bank CCKP,가뭄 지표,U2,S2,○,,○,,○,공개,,,○,○,3
B-006,World Bank CCKP 폭염 지표,World Bank CCKP,폭염 지표,U2,S2,○,,○,,○,공개,,,○,○,2
B-007,World Bank CCKP 홍수 관련 극한 강수 지표,World Bank CCKP,홍수 관련 극한 강수 지표,U2,S2,○,,○,,○,공개,,,○,○,2
B-008,NASA IPCC AR6 해수면 상승 전망(SSP),NASA IPCC AR6,해수면 상승 전망(SSP),U2,S3,○,,○,,○,공개,"관측소×시나리오×10년, 지도 슬라이더",sea-level-stations,✕,✕,3
B-009,WWF 생물다양성 리스크(BRF),WWF,생물다양성 리스크(BRF),U2,S2,,,,,,공개,,,○,○,2
B-010,Germanwatch 기후 리스크 지수(CRI),Germanwatch,기후 리스크 지수(CRI),U1,S1,,,,,,공개,,,○,○,3
B-011,ND-GAIN 기후 취약성·적응 준비도 지수,ND-GAIN,기후 취약성·적응 준비도 지수,U1,S1,,,,,,공개,,,○,○,3
B-012,CRED EM-DAT 재해·재난 이력,CRED EM-DAT,재해·재난 이력,U2,S3,○,,○,,,공개,보조: 연도별 건수 히스토그램,,○,○,3
B-013,World Bank 탄소국경조정제도(CBAM) 노출 지수,World Bank,탄소국경조정제도(CBAM) 노출 지수,U6,S1,,,,,,공개,,,○,○,3
B-014,World Bank 탄소세 도입 효과 모의 결과(CCDR),World Bank,탄소세 도입 효과 모의 결과(CCDR),U6,S1,,,,,,공개,표 전환,,○,○,3
B-015,World Bank 탄소 가격 수준(ETS·탄소세),World Bank,탄소 가격 수준(ETS·탄소세),U6,S1,,,,,,공개,,,○,○,2
B-016,World Bank 화석연료 의존도,World Bank,화석연료 의존도,U1,S1,,,,,,공개,,,○,○,2
B-017,WRI Aqueduct 기저 물 스트레스,WRI Aqueduct,기저 물 스트레스,U2,S2,○,○,,,,공개,유역 폴리곤(Aqueduct)·등급 5색,,✕,✕,3
B-018,IIASA 공유사회경제경로(SSP) GDP 전망,IIASA,공유사회경제경로(SSP) GDP 전망,U1,S1,○,,,,○,공개,,,✕,✕,3
B-019,IIASA 공유사회경제경로(SSP) 인구 전망,IIASA,공유사회경제경로(SSP) 인구 전망,U1,S1,○,,,,○,공개,,,✕,✕,3
B-020,INFORM 복합 리스크 지수,INFORM,복합 리스크 지수,U1,S1,,,,,,공개,3축 구성,,○,○,3
B-021,Global Data Lab 취약성 지수(GVI),Global Data Lab,취약성 지수(GVI),U2,S2,,,○,,○,공개,6개 권역,,○,○,2
B-022,World Bank 기후 피해 경제적 비용(CCDR),World Bank,기후 피해 경제적 비용(CCDR),U1,S1,,,,,,공개,,,○,○,3
B-023,MRC·Le 외 건기·우기 유량 차이,MRC·Le 외,건기·우기 유량 차이,U4,S3,○,○,○,,,공개,,,✕,✕,2
B-024,FAO AQUASTAT 농업용수 취수 비중,FAO AQUASTAT,농업용수 취수 비중,U2,S2,○,○,,,,공개,,,✕,✕,3
B-025,MONRE·HydroSHEDS 하천유역 면적,MONRE·HydroSHEDS,하천유역 면적,U4,S3,○,○,○,,,공개,,,✕,✕,2
B-026,HydroSHEDS 흐름 방향(유향),HydroSHEDS,흐름 방향(유향),U2,S2,○,○,,○,,공개,범주형(우세 유향)+로즈,,○,✕,2
B-027,FAO AQUASTAT 재생가능 지하수 부존량,FAO AQUASTAT,재생가능 지하수 부존량,U1,S1,○,○,,,,공개,,,✕,✕,2
B-028,FAO AQUASTAT 하천 유량,FAO AQUASTAT,하천 유량,U4,S3,○,○,○,,,공개,,,✕,✕,2
B-029,FAOSTAT·Greifswald 산림 유형별 면적,FAOSTAT·Greifswald,산림 유형별 면적,U2,S2,○,○,○,,,공개,,,○,✕,3
B-030,Global Forest Watch 수목 피복 증가(산림 이득),Global Forest Watch,수목 피복 증가(산림 이득),U2,S2,○,○,○,,,공개,,,○,✕,3
B-031,Global Forest Watch 수목 피복 면적(산림 총 면적),Global Forest Watch,수목 피복 면적(산림 총 면적),U2,S2,○,○,○,,,공개,,,○,○,3
B-032,Global Forest Watch 수관 피복률,Global Forest Watch,수관 피복률,U2,S2,○,○,○,,,공개,,,○,○,3
B-033,Global Forest Watch 연간 수목 피복 손실,Global Forest Watch,연간 수목 피복 손실,U2,S2,○,○,○,,,공개,,,○,○,3
B-034,Global Forest Watch 산림 탄소 저장량,Global Forest Watch,산림 탄소 저장량,U2,S2,○,○,○,,,공개,,,○,○,3
B-035,FAOSTAT 토지이용·토지이용변화 및 임업(LULUCF) 면적,FAOSTAT,토지이용·토지이용변화 및 임업(LULUCF) 면적,U2,S2,○,○,,,,공개,보조 T2(그룹 누적·추세),,✕,✕,3
B-036,FAOSTAT 토지이용 변화율,FAOSTAT,토지이용 변화율,U2,S2,○,○,,,,공개,,,✕,✕,3
B-037,ESA WorldCover 토지피복 분류별 면적,ESA WorldCover,토지피복 분류별 면적,U2,S2,○,○,○,,,공개,,,○,✕,2
B-038,World Bank 바이오매스 발생량,World Bank,바이오매스 발생량,U1,S1,,○,,,,공개,,,○,○,2
B-039,Hoes 외 전지구 수력 총잠재량,Hoes 외,전지구 수력 총잠재량,U2,S2,○,○,○,,,공개,,,○,✕,2
B-040,IRENA 지열 잠재량,IRENA,지열 잠재량,U2,S2,○,○,○,,,공개,,,○,✕,2
B-041,Global Solar Atlas 태양 일사량(GHI·DNI),Global Solar Atlas,태양 일사량(GHI·DNI),U2,S2,○,○,○,,,공개,,,○,✕,3
B-042,Global Wind Atlas 풍속·바람 에너지밀도,Global Wind Atlas,풍속·바람 에너지밀도,U2,S2,○,○,○,,,공개,,,○,✕,3
B-043,Energy Institute 화석연료 확인매장량,Energy Institute,화석연료 확인매장량,U1,S1,,○,,,,공개,양/비율 그룹·연료 선택·용어 툴팁,,○,○,3
B-044,USGS 핵심광물 광종 목록,USGS,핵심광물 광종 목록,U1,S4,,○,,,,공개,B-046 통합 절,,○,○,2
B-045,USGS 광종별 세계 매장량·생산 순위,USGS,광종별 세계 매장량·생산 순위,U1,S1,,○,,,,공개,,,○,○,2
B-046,USGS 광물 매장량(확인·추정),USGS,광물 매장량(확인·추정),U1,S1,,○,,,,공개,순위·비중 막대 + 광종 소형 다중,mineral-resources,○,○,3
B-047,USGS 광종별 광산 생산량,USGS,광종별 광산 생산량,U1,S1,,○,,,,공개,순위·비중 막대 + 광종 소형 다중,mineral-resources,○,○,3
B-048,USGS 광산·가공 시설 위치,USGS,광산·가공 시설 위치,U4,S3,○,○,○,,,공개,,,○,○,2
C-001,UNFCCC 국가결정기여(NDC),UNFCCC,국가결정기여(NDC),U6,S4,,,,,○,공개,,,○,○,3
C-002,UNFCCC 외 격년투명성보고서(BTR·구 BUR),UNFCCC 외,격년투명성보고서(BTR·구 BUR),U6,S4,,○,,,○,공개,,,○,○,3
C-003,UNFCCC 국가 적응계획(NAP),UNFCCC,국가 적응계획(NAP),U6,S4,,○,,,,공개,권역 태그(6개 권역 지도),,○,○,3
C-004,장기 저탄소 발전전략(LT-LEDS)·에너지 믹스 전망,베트남 총리실,장기 저탄소 발전전략(LT-LEDS)·에너지 믹스 전망,U6,S4,,○,,,,공개,보조 T3(경로),,○,○,3
C-005,UNFCCC 기술수요평가(TNA),UNFCCC,기술수요평가(TNA),U3,S4,,○,,,,공개,,,○,○,3
C-006,UNFCCC 외 파리협정 6조 국제 감축실적 거래(ITMO),UNFCCC 외,파리협정 6조 국제 감축실적 거래(ITMO),U5,S4,,,,,,공개,,,○,○,3
C-007,UNFCCC 파리협정 6.8조 비시장 접근법(NMA),UNFCCC,파리협정 6.8조 비시장 접근법(NMA),U6,S4,,○,,,,공개,,,○,○,2
C-008,UNFCCC 외 협력적 기후 이니셔티브 참여,UNFCCC 외,협력적 기후 이니셔티브 참여,U6,S4,,○,,,,공개,,,○,○,3
C-009,기후 법제도 현황,베트남 정부 공보,기후 법제도 현황,U6,S4,○,○,○,,,공개,그룹·접이식 설명,,○,✕,3
C-010,환경 법제도 현황,베트남 정부 공보,환경 법제도 현황,U6,S4,○,○,○,,,공개,그룹·접이식 설명,,○,✕,2
C-011,대한민국 외교부 외 현지 치안·안전 정보,대한민국 외교부 외,현지 치안·안전 정보,U6,S4,○,,,,,공개,,,✕,✕,3
C-012,World Bank 외 민관협력(PPP) 제도·조달 체계,World Bank 외,민관협력(PPP) 제도·조달 체계,U6,S4,○,,○,,,공개,,,○,✕,3
C-013,U.S. Department of State 외 외국인 투자 규제,U.S. Department of State 외,외국인 투자 규제,U6,S4,○,,○,,,공개,적용지역 태그(지도),,○,✕,3
C-014,World Bank 외 사업 인허가 절차·기간·비용,World Bank 외,사업 인허가 절차·기간·비용,U6,S4,○,○,,,,공개,,,✕,✕,3
C-015,베트남 정부 공보 외 재생에너지 법령 원문 링크,베트남 정부 공보 외,재생에너지 법령 원문 링크,U0,S4,,○,,,,제외(명세서 0918),제외(각 요소 원문 링크로 통합),,○,○,1
C-016,재생에너지 발주·확대 계획,베트남 총리실,재생에너지 발주·확대 계획,U2,S2,○,○,○,,,공개,전원별 범주·기간,,○,✕,3
C-017,재생에너지 투자 인센티브·인센티브 조건,베트남 산업무역부 전력·재생에너지국(EREA),재생에너지 투자 인센티브·인센티브 조건,U6,S4,○,○,,,,공개,,,✕,✕,2
C-018,중장기 에너지 전망,베트남 총리실,중장기 에너지 전망,U1,S1,,○,,,○,공개,,,○,○,2
C-019,World Bank 외 탄소가격제 법률·예산,World Bank 외,탄소가격제 법률·예산,U6,S4,○,,○,,,공개,,,○,✕,3
C-020,UNFCCC 온실가스 감축사업 타당성 기초 정보,UNFCCC,온실가스 감축사업 타당성 기초 정보,U0,S4,,,,,,제외(사용자 0923),,,·,·,0
C-021,Verra 외 자발적 탄소시장(VCM) 사업 파이프라인,Verra 외,자발적 탄소시장(VCM) 사업 파이프라인,U0,S4,,,,,,미입고(상태안내),,,·,·,0
C-022,World Bank 외 탄소시장 참여 준비도,World Bank 외,탄소시장 참여 준비도,U6,S1,○,○,○,,,대체(체크리스트),체크리스트 100점 환산(대체),,○,✕,2
C-023,IPCC 한계저감비용(MAC),IPCC,한계저감비용(MAC),U0,S4,,,,,,제외(사용자 0923),,,·,·,0
C-024,UNFCCC 외 산림전용·황폐화 방지(REDD+) 이행,UNFCCC 외,산림전용·황폐화 방지(REDD+) 이행,U5,S4,○,○,○,,,공개,,,○,✕,2
C-025,Berkeley Carbon Trading Project 외 탄소크레딧 발행·소각 실적,Berkeley Carbon Trading Project 외,탄소크레딧 발행·소각 실적,U5,S3,○,○,○,,,공개,점 기하(사업 위치),,✕,✕,3
D-001,World Bank PPI 단위 사업당 설비투자비(CAPEX),World Bank PPI,단위 사업당 설비투자비(CAPEX),U3,S1,,,,,,공개,,,○,·,0
D-002,The Shiv 외 기후기술 시장 성장률(CAGR),The Shiv 외,기후기술 시장 성장률(CAGR),U3,S1,,,,,,공개,,,○,·,0
D-003,EVN 외 1MW당 예상 온실가스 감축량,EVN 외,1MW당 예상 온실가스 감축량,U3,S1,,○,,,,공개,,,○,–,3
D-004,WFE 외 크레딧 수익의 투자비 회수율,WFE 외,크레딧 수익의 투자비 회수율,U3,S1,,,,,,공개,히트맵(기술×시나리오),technology-scenario-heatmap,○,·,0
D-005,World Bank 외 감축·적응 기후예산 배분 비율,World Bank 외,감축·적응 기후예산 배분 비율,U1,S1,,,,,,공개,,,○,–,2
D-006,베트남 재정부 외 기후 관련 조세(환경보호세) 수입,베트남 재정부 외,기후 관련 조세(환경보호세) 수입,U1,S1,,,,,,공개,,,○,–,3
D-007,World Bank 외 기후예산태깅(CBT) 도입 여부·수준,World Bank 외,기후예산태깅(CBT) 도입 여부·수준,U6,S4,,,,,,공개,,,○,–,2
D-008,UNDP 외 부처별 기후 예산,UNDP 외,부처별 기후 예산,U5,S2,,,○,,,공개,지도: 성별 기후지출(T4),,○,–,2
D-009,UNDP 기후대응 정부 예산 규모,UNDP,기후대응 정부 예산 규모,U1,S1,,,,,,공개,,,○,–,3
D-010,IMF 외 화석연료 보조금,IMF 외,화석연료 보조금,U1,S1,,,,,,공개,min–max 밴드,,○,–,3
D-011,OECD 지원 주체별 공적개발원조(ODA) 규모,OECD,지원 주체별 공적개발원조(ODA) 규모,U1,S1,,○,,,,공개,공여국별 막대(한국 강조),,○,–,3
D-012,IEEFA 외 경쟁국 기업 진출 현황,IEEFA 외,경쟁국 기업 진출 현황,U5,S4,○,○,,,,공개,,,✕,–,2
D-013,GGGI 녹색성장지수,GGGI,녹색성장지수,U1,S1,,,,,,공개,,,○,–,3
D-014,ODA Korea EDCF 양허성 차관 사업,ODA Korea EDCF,양허성 차관 사업,U5,S4,○,○,,,,공개,,,✕,–,3
D-015,ODA Korea 공적개발원조(ODA) 프로젝트,ODA Korea,공적개발원조(ODA) 프로젝트,U5,S4,○,○,,,,공개,,,✕,–,3
D-016,ODA Korea 부처·지자체 개발협력 사업,ODA Korea,부처·지자체 개발협력 사업,U5,S4,○,○,,,,공개,,,✕,–,2
D-017,KOICA 외 사업개요서(PCP)·입찰 공고,KOICA 외,사업개요서(PCP)·입찰 공고,U5,S4,○,○,,,,공개,,,✕,–,2
D-018,Adaptation Fund 기후적응 지원사업,Adaptation Fund,기후적응 지원사업,U5,S4,○,○,○,,,공개,,,✕,–,2
D-019,CTCN 기술지원 요청 현황,CTCN,기술지원 요청 현황,U5,S4,○,○,,,,공개,,,✕,–,3
D-020,GCF 승인 사업 목록,GCF,승인 사업 목록,U5,S4,○,○,,,,공개,,,✕,–,3
D-021,다자개발은행·국제기구 개발협력 사업,IATI Registry,다자개발은행·국제기구 개발협력 사업,U5,S4,○,○,,,,공개,,,✕,–,3
D-022,다자개발은행·개발금융기관 기후 관련 투자 사업,IATI Registry,다자개발은행·개발금융기관 기후 관련 투자 사업,U5,S4,○,○,,,,공개,,,✕,–,3
D-023,GCF 외 국제 기후기금 승인 사업,GCF 외,국제 기후기금 승인 사업,U5,S4,○,○,,,,공개,,,✕,–,3
D-024,New Energy Nexus 외 기후기술 벤처·임팩트 투자,New Energy Nexus 외,기후기술 벤처·임팩트 투자,U0,S4,,○,,,,제외(명세서 0918),제외(원자료 없음),,○,–,1
D-025,World Bank 민간 인프라 참여 사업(PPI),World Bank,민간 인프라 참여 사업(PPI),U5,S4,,○,,,,공개,,,○,–,3
D-026,MIGA 정치적 위험 보증 현황,MIGA,정치적 위험 보증 현황,U5,S4,,,,,,공개,,,○,–,3
E-001,CTCN 각국 기후기술 창구기관(NDE),CTCN,각국 기후기술 창구기관(NDE),U4,S4,,,,,,공개,,,○,○,3
E-002,UNFCCC 감축사업 승인기관(DNA),UNFCCC,감축사업 승인기관(DNA),U4,S4,,,,,,공개,,,○,○,2
E-003,GCF 사업제안 추천기관(NDA),GCF,사업제안 추천기관(NDA),U4,S4,,,,,,공개,,,○,○,2
E-004,UNDP 외 국제기구 현지사무소 담당자,UNDP 외,국제기구 현지사무소 담당자,U4,S3,○,○,○,,,공개,도시 대표점,,○,○,2
E-005,NIGT 취합 대학·연구기관·비영리단체(NGO),NIGT 취합,대학·연구기관·비영리단체(NGO),U4,S3,○,○,○,,,공개,도시 대표점,,○,○,2
E-006,NIGT 취합 현지 기후사업 투자기관,NIGT 취합,현지 기후사업 투자기관,U4,S3,○,○,○,,,공개,현지/해외 구분·팝업 카드,investor-network,○,○,3
E-007,UNFCCC 외 온실가스 측정·보고·검증(MRV) 체계,UNFCCC 외,온실가스 측정·보고·검증(MRV) 체계,U6,S4,,,,,,공개,,,○,○,2
E-008,각 학술지·USPTO 기후기술 논문·특허 실적,각 학술지·USPTO,기후기술 논문·특허 실적,U0,S1,,○,,,,제외(명세서 0918),제외(검색 기준 미검증),,○,○,1
E-009,UNESCO UIS 외 STEM 졸업 비중·연구자 수,UNESCO UIS 외,STEM 졸업 비중·연구자 수,U1,S1,,,,,,공개,,,○,○,3
E-010,WIPO 외 혁신지수(GII)·연구개발비 비중(GERD),WIPO 외,혁신지수(GII)·연구개발비 비중(GERD),U1,S1,,,,,,공개,,,○,○,3
E-011,Portulans Institute 네트워크 준비지수(NRI),Portulans Institute,네트워크 준비지수(NRI),U0,S4,,○,,,,제외(사용자 0923),대체 예정(NRI) — 자료 미입고,,–,–,2
E-012,ILO 외 직군별 종사자 수·임금,ILO 외,직군별 종사자 수·임금,U1,S1,,,,,,공개,직군×종사자·임금 표,,○,○,3
E-013,US DOE 외 현지 운영·유지보수 역량(O&M),US DOE 외,현지 운영·유지보수 역량(O&M),U0,S4,,,,,,제외(사용자 0923),,,·,·,0
E-014,외교부 외 양자 기후협력 협정 현황,외교부 외,양자 기후협력 협정 현황,U6,S4,,○,,,,공개,,,○,○,3
E-015,NDC Partnership 외 국제 기후협력체 참여 현황,NDC Partnership 외,국제 기후협력체 참여 현황,U6,S4,,,,,,공개,,,○,○,3
E-016,UNFCCC 외 한국 기후기술 성숙도(TRL),UNFCCC 외,한국 기후기술 성숙도(TRL),U0,S4,,,,,,제외(사용자 0923),,,·,·,0
E-017,UNCTAD 외 한국 기후기술 비교우위(RCA),UNCTAD 외,한국 기후기술 비교우위(RCA),U0,S4,,,,,,제외(사용자 0923),,,·,·,0
E-018,NIGT 취합 국내 기업 개도국 진출 현황,NIGT 취합,국내 기업 개도국 진출 현황,U4,S3,○,○,○,,,공개,파이 2개 + 지도 팝업,,○,○,2
E-019,NIGT 취합 개도국 내 한국 기관 사무소,NIGT 취합,개도국 내 한국 기관 사무소,U4,S3,○,○,○,,,공개,,,○,○,2
E-020,KEITI 외 한국 기후기술 해외진출 지원사업,KEITI 외,한국 기후기술 해외진출 지원사업,U5,S4,,○,,,,공개,,,○,○,3
