ID,검증 사례 수,검증 대기 수,주 사용자 분포
A-001,3,0,금융기관 2·기업 2·공공기관 1·연구자 1
A-002,3,0,금융기관 2·기업 2·공공기관 1·연구자 1
A-003,3,0,금융기관 2·기업 2·공공기관 1·연구자 1
A-004,2,0,공공기관 2·금융기관 1·연구자 1
A-005,3,0,공공기관 2·기업 2·연구자 2
A-006,2,0,기업 2·공공기관 1·연구자 1
A-007,2,0,공공기관 2·기업 1·연구자 1
A-008,2,0,공공기관 2·연구자 2
A-009,2,0,연구자 2·공공기관 1·기업 1
A-010,3,0,연구자 3·기업 2·공공기관 1
A-011,3,0,기업 3·연구자 2·공공기관 1
A-012,2,0,공공기관 2·금융기관 1·연구자 1
A-013,2,0,공공기관 2·기업 1·연구자 1
A-014,3,0,공공기관 3·연구자 2·기업 1
A-015,2,0,공공기관 2·연구자 2
A-016,2,0,연구자 2·공공기관 1·기업 1
A-017,1,0,
A-018,3,0,기업 3·공공기관 1·금융기관 1·연구자 1
A-019,3,0,공공기관 3·금융기관 1·기업 1·연구자 1
A-020,3,0,공공기관 3·금융기관 1·기업 1·연구자 1
A-021,3,0,공공기관 3·금융기관 1·기업 1·연구자 1
A-022,3,0,기업 3·공공기관 2·금융기관 1
A-023,3,0,기업 3·공공기관 1·연구자 1
A-024,2,0,기업 2·공공기관 1
A-025,2,0,기업 2·공공기관 1·연구자 1
A-026,3,0,기업 3·공공기관 1·연구자 1
A-027,2,0,기업 2·공공기관 1·연구자 1
A-028,2,0,공공기관 2·연구자 2
A-029,3,0,기업 3·공공기관 1·연구자 1
A-030,3,0,금융기관 2·기업 2·공공기관 1·연구자 1
A-031,3,0,금융기관 2·기업 2·공공기관 1
A-032,3,0,기업 2·연구자 2·공공기관 1
A-033,2,0,공공기관 1·금융기관 1·기업 1·연구자 1
B-001,2,0,기업 2·공공기관 1·연구자 1
B-002,3,0,연구자 3·공공기관 2·기업 1
B-003,3,0,연구자 3·기업 2
B-004,2,0,연구자 2·공공기관 1·기업 1
B-005,3,0,공공기관 3·연구자 3
B-006,2,0,공공기관 2·기업 1·연구자 1
B-007,2,0,공공기관 2·연구자 2
B-008,3,0,공공기관 2·기업 2·연구자 2
B-009,2,0,기업 2·공공기관 1·금융기관 1
B-010,3,0,공공기관 3·연구자 2·기업 1
B-011,3,0,공공기관 3·금융기관 2·연구자 1
B-012,3,0,공공기관 2·연구자 2·금융기관 1·기업 1
B-013,3,0,공공기관 3·금융기관 2·기업 1
B-014,3,0,공공기관 3·금융기관 2·연구자 1
B-015,2,0,기업 2·금융기관 1·연구자 1
B-016,2,0,공공기관 2·기업 1·연구자 1
B-017,3,0,공공기관 3·금융기관 1·기업 1·연구자 1
B-018,3,0,금융기관 2·기업 2·공공기관 1·연구자 1
B-019,3,0,공공기관 3·연구자 2·기업 1
B-020,3,0,공공기관 2·연구자 2·금융기관 1·기업 1
B-021,2,0,공공기관 2·연구자 2
B-022,3,0,공공기관 3·금융기관 2·연구자 1
B-023,2,0,공공기관 2·기업 1·연구자 1
B-024,3,0,공공기관 3·기업 2·연구자 1
B-025,2,0,공공기관 2·기업 1·연구자 1
B-026,2,0,기업 2·공공기관 1·연구자 1
B-027,2,0,공공기관 2·기업 1·연구자 1
B-028,2,0,공공기관 2·기업 1·연구자 1
B-029,3,0,연구자 3·공공기관 2·기업 1
B-030,3,0,공공기관 2·연구자 2·금융기관 1·기업 1
B-031,3,0,공공기관 3·금융기관 1·기업 1·연구자 1
B-032,3,0,공공기관 3·연구자 2·기업 1
B-033,3,0,공공기관 2·연구자 2·금융기관 1·기업 1
B-034,3,0,공공기관 2·연구자 2·금융기관 1·기업 1
B-035,3,0,공공기관 3·금융기관 1·기업 1·연구자 1
B-036,3,0,공공기관 3·금융기관 1·기업 1·연구자 1
B-037,2,0,공공기관 2·기업 1·연구자 1
B-038,2,0,기업 2·공공기관 1·금융기관 1
B-039,2,0,공공기관 1·금융기관 1·기업 1·연구자 1
B-040,2,0,연구자 2·공공기관 1·기업 1
B-041,3,0,기업 3·연구자 2
B-042,3,0,기업 2·연구자 2·공공기관 1
B-043,3,0,공공기관 2·연구자 2·금융기관 1·기업 1
B-044,2,0,기업 2·공공기관 1·연구자 1
B-045,2,0,기업 2·금융기관 1·연구자 1
B-046,3,0,기업 2·연구자 2·공공기관 1·금융기관 1
B-047,3,0,기업 3·연구자 2
B-048,2,0,기업 2·공공기관 1
C-001,3,0,공공기관 2·연구자 2·금융기관 1·기업 1
C-002,3,0,공공기관 3·연구자 2
C-003,3,0,공공기관 3·금융기관 1·기업 1·연구자 1
C-004,3,0,공공기관 2·연구자 2·금융기관 1·기업 1
C-005,3,0,공공기관 3·기업 2·연구자 1
C-006,3,0,공공기관 2·기업 2·금융기관 1·연구자 1
C-007,2,0,공공기관 2·기업 1·연구자 1
C-008,3,0,기업 3·공공기관 2·연구자 1
C-009,3,0,기업 3·공공기관 2·연구자 1
C-010,2,0,공공기관 2·기업 2
C-011,3,0,기업 3·공공기관 2·연구자 1
C-012,3,0,기업 3·금융기관 2·연구자 1
C-013,3,0,기업 3·금융기관 2
C-014,3,0,기업 3·공공기관 1·금융기관 1·연구자 1
C-015,1,0,
C-016,3,0,기업 3·공공기관 2·금융기관 1
C-017,2,0,기업 2·금융기관 1
C-018,2,0,기업 2·금융기관 1·연구자 1
C-019,3,0,기업 2·연구자 2·공공기관 1·금융기관 1
C-020,0,0,
C-021,0,0,
C-022,2,0,공공기관 2·금융기관 1·연구자 1
C-023,0,0,
C-024,2,0,공공기관 2·금융기관 1·기업 1
C-025,3,0,기업 3·연구자 2·금융기관 1
D-001,0,2,기업 2·공공기관 1·금융기관 1
D-002,0,2,기업 2·공공기관 1·금융기관 1
D-003,3,0,기업 2·연구자 2·공공기관 1·금융기관 1
D-004,0,2,금융기관 2·공공기관 1·기업 1
D-005,2,0,공공기관 2·기업 1·연구자 1
D-006,3,0,연구자 3·공공기관 1·금융기관 1·기업 1
D-007,2,0,공공기관 2·연구자 2
D-008,2,0,공공기관 2·기업 1·연구자 1
D-009,3,0,공공기관 3·연구자 2·금융기관 1
D-010,3,0,연구자 3·공공기관 1·금융기관 1·기업 1
D-011,3,0,공공기관 3·금융기관 2·기업 1
D-012,2,0,기업 2·금융기관 1
D-013,3,0,공공기관 3·연구자 2·기업 1
D-014,3,0,공공기관 3·기업 2·금융기관 1
D-015,3,0,공공기관 3·기업 2·연구자 1
D-016,2,0,공공기관 2·기업 1
D-017,2,0,기업 2·공공기관 1
D-018,2,0,공공기관 2·금융기관 1·연구자 1
D-019,3,0,기업 3·공공기관 2·금융기관 1
D-020,3,0,공공기관 2·금융기관 2·기업 1·연구자 1
D-021,3,0,금융기관 2·기업 2·공공기관 1·연구자 1
D-022,3,0,기업 3·금융기관 2·연구자 1
D-023,3,0,공공기관 2·기업 2·금융기관 1·연구자 1
D-024,1,0,
D-025,3,0,기업 2·연구자 2·공공기관 1·금융기관 1
D-026,3,0,기업 3·금융기관 2·연구자 1
E-001,3,0,기업 3·공공기관 2·연구자 1
E-002,2,0,공공기관 2·기업 2
E-003,2,0,공공기관 2·기업 2
E-004,2,0,공공기관 2·기업 2
E-005,2,0,기업 2·연구자 2
E-006,3,0,금융기관 3·기업 3
E-007,2,0,공공기관 2·기업 1·연구자 1
E-008,1,0,
E-009,3,0,공공기관 3·연구자 2·기업 1
E-010,3,0,공공기관 3·연구자 3
E-011,2,0,공공기관 2·연구자 2
E-012,3,0,공공기관 3·기업 2·연구자 1
E-013,0,0,
E-014,3,0,공공기관 3·기업 3
E-015,3,0,공공기관 3·기업 2·연구자 1
E-016,0,0,
E-017,0,0,
E-018,2,0,기업 2·공공기관 1·연구자 1
E-019,2,0,공공기관 2·기업 2
E-020,3,0,기업 3·공공기관 2·연구자 1
,,,
합계(검증),366,6,사례 있는 요소 146개
지표 매핑률,492/521,94.4%,reports/v159/spec-import-v159.json 기준
