elementId,publicTitle,dataType,primaryRenderer,specializedRenderer,measureCount,dimensionCount,unitFamilies,explanationRequired,interpretationStatus,directionStatus,scaleStatus,benchmarkStatus,continuousTimeSeriesEligible,sameDenominatorAcrossSeries,sameMethodologyAcrossTime,sameGeographyAcrossTime,missingValuePolicy,mapLinked,mapAggregationLevel,tooltipStatus,publicCopyStatus,visualizationFitResult,finalDisposition
A-001,부패인식지수(CPI),numeric,score-trend,,8,3,count | other | score,true,covered,covered,not-applicable,group-scope-declared,true,,false,true,preserve-null-show-source-reason-never-impute-zero,false,,covered,approved,fit-with-caveat,accepted-with-explicit-comparability-caveat
A-002,국가 정책·제도 평가(CPIA),numeric,score-trend,CpiaPolicyCapacityAnalysisV126,21,3,score,true,covered,covered,covered,not-applicable,true,,true,true,preserve-null-show-source-reason-never-impute-zero,false,,covered,approved,specialized-required,accepted-specialized-public-analysis
A-003,국내총생산 및 경제성장,numeric,multi-metric-trend,,7,3,currency | other | percent,false,not-required,not-required,not-applicable,not-required,true,true,true,true,preserve-null-show-source-reason-never-impute-zero,false,,covered,approved,fit,accepted-public-analysis
A-004,빈곤율 및 극빈곤율,numeric,kpi-trend,,2,3,percent,false,not-required,not-required,not-applicable,not-required,true,true,true,true,preserve-null-show-source-reason-never-impute-zero,false,,covered,approved,fit-with-caveat,accepted-with-explicit-comparability-caveat
A-005,산업구조,numeric,composition-trend,,1,3,percent,false,not-required,not-required,not-applicable,not-required,true,true,true,true,preserve-null-show-source-reason-never-impute-zero,false,,covered,approved,fit,accepted-public-analysis
A-006,고용 및 실업,numeric,kpi-trend,,2,3,percent,false,not-required,not-required,not-applicable,not-required,true,true,true,true,preserve-null-show-source-reason-never-impute-zero,false,,covered,approved,fit-with-caveat,accepted-with-explicit-comparability-caveat
A-007,인구 및 도시화,numeric,kpi-trend,,4,2,count | percent,false,not-required,not-required,not-applicable,not-required,true,true,true,true,preserve-null-show-source-reason-never-impute-zero,false,,covered,approved,fit,accepted-public-analysis
A-008,소득 불평등(지니계수),numeric,score-trend,,1,2,other,true,covered,covered,covered,not-applicable,true,,true,true,preserve-null-show-source-reason-never-impute-zero,false,,covered,approved,fit-with-caveat,accepted-with-explicit-comparability-caveat
A-009,온실가스 배출집약도,numeric,kpi-trend,,2,3,emissions,false,not-required,not-required,not-applicable,not-required,true,true,true,true,preserve-null-show-source-reason-never-impute-zero,false,,covered,approved,fit,accepted-public-analysis
A-010,온실가스 종류별 배출량,numeric,stacked-emissions,,2,3,emissions | other,false,not-required,not-required,not-applicable,not-required,true,true,true,true,preserve-null-show-source-reason-never-impute-zero,false,,covered,approved,fit,accepted-public-analysis
A-011,부문별 온실가스 배출량,numeric,stacked-emissions,,1,3,emissions,false,not-required,not-required,not-applicable,not-required,true,true,true,true,preserve-null-show-source-reason-never-impute-zero,false,,covered,approved,fit,accepted-public-analysis
A-012,온실가스 총배출량,numeric,kpi-trend,,3,3,emissions,false,not-required,not-required,not-applicable,not-required,true,true,true,true,preserve-null-show-source-reason-never-impute-zero,false,,covered,approved,fit,accepted-public-analysis
A-013,NDC와 지속가능발전목표 연계,numeric | text,evidence-matrix,,2,6,count | text,true,covered,covered,not-applicable,not-applicable,false,,true,true,preserve-null-show-source-reason-never-impute-zero,false,,covered,approved,fit,accepted-public-analysis
A-014,지속가능발전목표 지수,numeric,score-trend,,3,3,other | score,true,covered,covered,covered,group-scope-declared,true,,true,true,preserve-null-show-source-reason-never-impute-zero,false,,covered,approved,fit-with-caveat,accepted-with-explicit-comparability-caveat
A-015,지속가능발전목표 세부 달성도,numeric,evidence-matrix,,17,4,score,true,covered,covered,covered,not-applicable,false,,true,true,preserve-null-show-source-reason-never-impute-zero,false,,covered,approved,fit-with-caveat,accepted-with-explicit-comparability-caveat
A-016,1차 에너지 소비구조,numeric,composition-trend,,1,4,other,false,not-required,not-required,not-applicable,not-required,true,,true,true,preserve-null-show-source-reason-never-impute-zero,false,,covered,approved,fit,accepted-public-analysis
A-017,발전원별 균등화 발전비용,numeric,technology-comparison,,1,4,energy,false,not-required,not-required,not-applicable,not-required,false,,true,true,preserve-null-show-source-reason-never-impute-zero,false,,covered,approved,fit,accepted-public-analysis
A-018,발전설비 용량,numeric,composition-trend,,1,4,capacity,false,not-required,not-required,not-applicable,not-required,true,,true,true,preserve-null-show-source-reason-never-impute-zero,false,,covered,approved,fit-with-caveat,accepted-with-explicit-comparability-caveat
A-019,송배전 손실률,numeric,kpi-trend,,1,3,percent,false,not-required,not-required,not-applicable,not-required,true,true,true,true,preserve-null-show-source-reason-never-impute-zero,false,,covered,approved,fit,accepted-public-analysis
A-020,재생에너지 비중,numeric,kpi-trend,,1,4,percent,false,not-required,not-required,not-applicable,not-required,true,true,true,true,preserve-null-show-source-reason-never-impute-zero,false,,covered,approved,fit-with-caveat,accepted-with-explicit-comparability-caveat
A-021,전력 접근률,numeric,kpi-trend,,1,4,percent,false,not-required,not-required,not-applicable,not-required,true,true,true,true,preserve-null-show-source-reason-never-impute-zero,false,,covered,approved,fit,accepted-public-analysis
A-022,정전 빈도와 지속시간,numeric,kpi-trend,,3,4,other,false,not-required,not-required,not-applicable,not-required,true,,true,true,preserve-null-show-source-reason-never-impute-zero,false,,covered,approved,fit-with-caveat,accepted-with-explicit-comparability-caveat
A-023,발전소 현황,geo_point,spatial-analysis,,1,5,capacity,false,not-required,not-required,not-applicable,not-required,false,,true,true,preserve-null-show-source-reason-never-impute-zero,true,시설·사업 위치,covered,approved,fit,accepted-public-analysis
A-024,베트남 송전망,geo_line | numeric,spatial-analysis,,2,5,other | percent,false,not-required,not-required,not-applicable,not-required,false,true,true,true,preserve-null-show-source-reason-never-impute-zero,true,송전망 구간,covered,approved,fit,accepted-public-analysis
A-025,탄소포집·저장 시설,geo_point | numeric,spatial-analysis,,2,7,count,false,not-required,not-required,not-applicable,not-required,false,,true,true,preserve-null-show-source-reason-never-impute-zero,false,,covered,approved,fit,accepted-public-analysis
A-026,건물 분포,numeric | text,spatial-analysis,,4,4,count | percent | text,false,not-required,not-required,not-applicable,not-required,false,true,true,true,preserve-null-show-source-reason-never-impute-zero,false,,covered,approved,fit,accepted-public-analysis
A-027,육상교통 인프라,numeric | text,spatial-analysis,,8,4,count | percent | text,false,not-required,not-required,not-applicable,not-required,false,true,true,true,preserve-null-show-source-reason-never-impute-zero,false,,covered,approved,fit,accepted-public-analysis
A-028,해안·수자원 인프라,numeric | text,spatial-analysis,,8,4,count | percent | text,false,not-required,not-required,not-applicable,not-required,false,true,true,true,preserve-null-show-source-reason-never-impute-zero,false,,covered,approved,fit,accepted-public-analysis
A-029,자유무역협정 체결 현황,date | numeric,policy-timeline,,2,5,count,false,not-required,not-required,not-applicable,not-required,false,,true,true,preserve-null-show-source-reason-never-impute-zero,false,,covered,approved,fit,accepted-public-analysis
A-030,한국과의 교역 규모,numeric,technology-comparison,,1,3,currency,false,not-required,not-required,not-applicable,not-required,false,,true,true,preserve-null-show-source-reason-never-impute-zero,false,,covered,approved,fit,accepted-public-analysis
A-031,물류성과지수,numeric,score-trend,,1,3,score,true,covered,covered,covered,group-scope-declared,true,,true,true,preserve-null-show-source-reason-never-impute-zero,false,,covered,approved,fit,accepted-public-analysis
A-032,중간재 교역 규모,numeric,technology-comparison,,2,3,currency | percent,false,not-required,not-required,not-applicable,not-required,false,true,true,true,preserve-null-show-source-reason-never-impute-zero,false,,covered,approved,fit,accepted-public-analysis
A-033,해운 연결성,numeric,score-trend,,1,3,other,true,covered,covered,not-applicable,not-applicable,true,,true,true,preserve-null-show-source-reason-never-impute-zero,false,,covered,approved,fit,accepted-public-analysis
B-001,건기와 우기,numeric | text,seasonality,,5,2,other | text,false,not-required,not-required,not-applicable,not-required,false,,true,true,preserve-null-show-source-reason-never-impute-zero,false,,covered,approved,fit,accepted-public-analysis
B-002,기후대,numeric | text,spatial-analysis,,4,4,area | percent | text,true,covered,covered,not-applicable,not-applicable,false,true,true,true,preserve-null-show-source-reason-never-impute-zero,false,,covered,approved,fit-with-caveat,accepted-with-explicit-comparability-caveat
B-003,평균 기온과 강수량,numeric,seasonality,,4,1,other,false,not-required,not-required,not-applicable,not-required,true,,true,true,preserve-null-show-source-reason-never-impute-zero,false,,covered,approved,fit,accepted-public-analysis
B-004,과거·미래 기후전망(CMIP6),numeric,scenario-comparison,,7,3,energy | other | percent,false,not-required,not-required,not-applicable,not-required,true,true,true,true,preserve-null-show-source-reason-never-impute-zero,false,,covered,approved,fit,accepted-public-analysis
B-005,가뭄 위험,numeric,technology-comparison,,4,3,other,true,covered,covered,not-applicable,not-applicable,false,,true,true,preserve-null-show-source-reason-never-impute-zero,false,,covered,approved,fit-with-caveat,accepted-with-explicit-comparability-caveat
B-006,폭염 위험,numeric,technology-comparison,,7,3,other,true,covered,covered,not-applicable,not-applicable,false,,true,true,preserve-null-show-source-reason-never-impute-zero,false,,covered,approved,fit-with-caveat,accepted-with-explicit-comparability-caveat
B-007,홍수·호우 위험,numeric,technology-comparison,,5,2,other,false,not-required,not-required,not-applicable,not-required,false,,true,true,preserve-null-show-source-reason-never-impute-zero,false,,covered,approved,fit,accepted-public-analysis
B-008,해수면 상승 전망,numeric,scenario-comparison,,200,1,other,true,covered,covered,not-applicable,not-applicable,true,,true,true,preserve-null-show-source-reason-never-impute-zero,false,,covered,approved,fit-with-caveat,accepted-with-explicit-comparability-caveat
B-009,생물다양성·기후 위험,numeric,score-trend,,6,5,other | score,true,covered,covered,not-applicable,not-applicable,true,,true,true,preserve-null-show-source-reason-never-impute-zero,false,,covered,approved,fit-with-caveat,accepted-with-explicit-comparability-caveat
B-010,기후위험지수,numeric | text,score-trend,,5,2,other | text,true,covered,covered,not-applicable,group-scope-declared,true,,true,true,preserve-null-show-source-reason-never-impute-zero,false,,covered,approved,fit-with-caveat,accepted-with-explicit-comparability-caveat
B-011,기후취약성지수,numeric,score-trend,,12,2,other | score,true,covered,covered,not-applicable,group-scope-declared,true,,true,true,preserve-null-show-source-reason-never-impute-zero,false,,covered,approved,fit-with-caveat,accepted-with-explicit-comparability-caveat
B-012,재해·재난 이력,numeric,policy-timeline,,10,1,count | currency,false,not-required,not-required,not-applicable,not-required,false,,true,true,preserve-null-show-source-reason-never-impute-zero,false,,covered,approved,fit,accepted-public-analysis
B-013,탄소국경조정제도 영향,numeric,technology-comparison,,7,3,percent,true,covered,covered,not-applicable,not-applicable,false,false,true,true,preserve-null-show-source-reason-never-impute-zero,false,,covered,approved,fit-with-caveat,accepted-with-explicit-comparability-caveat
B-014,탄소세 도입 효과 전망,numeric,scenario-comparison,,6,2,currency | emissions | percent,false,not-required,not-required,not-applicable,not-required,true,true,true,true,preserve-null-show-source-reason-never-impute-zero,false,,covered,approved,fit,accepted-public-analysis
B-015,탄소가격 수준,numeric | text,policy-timeline,,7,2,count | emissions | text,false,not-required,not-required,not-applicable,not-required,false,true,true,true,preserve-null-show-source-reason-never-impute-zero,false,,covered,approved,fit-with-caveat,accepted-with-explicit-comparability-caveat
B-016,화석연료 의존도,numeric,kpi-trend,,2,1,percent,false,not-required,not-required,not-applicable,not-required,true,true,true,true,preserve-null-show-source-reason-never-impute-zero,false,,covered,approved,fit-with-caveat,accepted-with-explicit-comparability-caveat
B-017,물 스트레스,numeric,spatial-analysis,,9,4,percent | score,true,covered,covered,not-applicable,not-applicable,false,true,true,true,preserve-null-show-source-reason-never-impute-zero,false,,covered,approved,fit,accepted-public-analysis
B-018,장기 국내총생산 전망,numeric,scenario-comparison,,7,2,currency | currency-per-period,true,covered,covered,not-applicable,not-applicable,true,true,true,true,preserve-null-show-source-reason-never-impute-zero,false,,covered,approved,fit-with-caveat,accepted-with-explicit-comparability-caveat
B-019,장기 인구 전망,numeric,scenario-comparison,,3,2,count,true,covered,covered,not-applicable,not-applicable,true,,true,true,preserve-null-show-source-reason-never-impute-zero,false,,covered,approved,fit,accepted-public-analysis
B-020,복합 위험지수,numeric | text,score-trend,,11,3,count | other | percent | score | text,true,covered,covered,covered,not-applicable,true,true,true,true,preserve-null-show-source-reason-never-impute-zero,false,,covered,approved,fit-with-caveat,accepted-with-explicit-comparability-caveat
B-021,취약성지수,numeric,score-trend,,14,3,count | currency | other | percent,true,covered,covered,covered,group-scope-declared | not-applicable,true,true,true,false,preserve-null-show-source-reason-never-impute-zero,true,GDL 6개 권역,covered,approved,fit-with-caveat,accepted-with-explicit-comparability-caveat
B-022,기후피해의 경제적 비용,numeric,score-trend,,7,2,count | currency | percent,false,not-required,not-required,not-applicable,not-required,true,true,true,true,preserve-null-show-source-reason-never-impute-zero,false,,covered,approved,fit,accepted-public-analysis
B-023,건기/우기 유량 차이,numeric,kpi-trend,,9,4,other | percent,false,not-required,not-required,not-applicable,not-required,true,true,true,true,preserve-null-show-source-reason-never-impute-zero,false,,covered,approved,fit-with-caveat,accepted-with-explicit-comparability-caveat
B-024,농업 용수 비중,numeric,composition-trend,,5,3,currency | percent,false,not-required,not-required,not-applicable,not-required,true,true,true,true,preserve-null-show-source-reason-never-impute-zero,false,,covered,approved,fit-with-caveat,accepted-with-explicit-comparability-caveat
B-025,유역 면적,numeric,spatial-analysis,,4,4,area,false,not-required,not-required,not-applicable,not-required,false,,true,true,preserve-null-show-source-reason-never-impute-zero,false,,covered,approved,fit-with-caveat,accepted-with-explicit-comparability-caveat
B-026,유향(flow direction),numeric | text,spatial-analysis,,2,3,percent | text,false,not-required,not-required,not-applicable,not-required,false,true,true,true,preserve-null-show-source-reason-never-impute-zero,false,,covered,approved,fit,accepted-public-analysis
B-027,지하수 잠재량,numeric,spatial-analysis,,3,3,other,false,not-required,not-required,not-applicable,not-required,false,,true,true,preserve-null-show-source-reason-never-impute-zero,false,,covered,approved,fit-with-caveat,accepted-with-explicit-comparability-caveat
B-028,하천 유량,numeric,spatial-analysis,,10,6,other | percent,false,not-required,not-required,not-applicable,not-required,false,true,true,true,preserve-null-show-source-reason-never-impute-zero,false,,covered,approved,fit-with-caveat,accepted-with-explicit-comparability-caveat
B-029,산림 유형별 면적,numeric,spatial-analysis,,8,2,area,false,not-required,not-required,not-applicable,not-required,false,,true,true,preserve-null-show-source-reason-never-impute-zero,false,,covered,approved,fit,accepted-public-analysis
B-030,산림 이득,numeric,spatial-analysis,,3,2,area,false,not-required,not-required,not-applicable,not-required,false,,true,true,preserve-null-show-source-reason-never-impute-zero,false,,covered,approved,fit-with-caveat,accepted-with-explicit-comparability-caveat
B-031,산림 총면적,numeric,spatial-analysis,,7,4,area,false,not-required,not-required,not-applicable,not-required,false,,true,true,preserve-null-show-source-reason-never-impute-zero,true,베트남 ADM1 63개 성·시,covered,approved,fit,accepted-public-analysis
B-032,수관 피복률,numeric,spatial-analysis,,2,4,percent,false,not-required,not-required,not-applicable,not-required,false,true,true,true,preserve-null-show-source-reason-never-impute-zero,true,베트남 ADM1 63개 성·시,covered,approved,fit,accepted-public-analysis
B-033,연간 산림손실,numeric,spatial-analysis,,4,4,area,false,not-required,not-required,not-applicable,not-required,false,,true,true,preserve-null-show-source-reason-never-impute-zero,true,베트남 ADM1 63개 성·시,covered,approved,fit,accepted-public-analysis
B-034,탄소 저장량,numeric,spatial-analysis,,20,5,area | emissions | other,false,not-required,not-required,not-applicable,not-required,false,true,true,true,preserve-null-show-source-reason-never-impute-zero,true,베트남 ADM1 63개 성·시,covered,approved,fit-with-caveat,accepted-with-explicit-comparability-caveat
B-035,LULUCF 관련 면적 변화,numeric,spatial-analysis,,26,4,area | other | percent,false,not-required,not-required,not-applicable,not-required,false,true,true,true,preserve-null-show-source-reason-never-impute-zero,false,,covered,approved,fit-with-caveat,accepted-with-explicit-comparability-caveat
B-036,토지이용 변화율,numeric,spatial-analysis,,3,2,percent,false,not-required,not-required,not-applicable,not-required,false,true,true,true,preserve-null-show-source-reason-never-impute-zero,false,,covered,approved,fit,accepted-public-analysis
B-037,토지피복 구성,numeric,spatial-analysis,,4,2,area,false,not-required,not-required,not-applicable,not-required,false,,true,true,preserve-null-show-source-reason-never-impute-zero,false,,covered,approved,fit-with-caveat,accepted-with-explicit-comparability-caveat
B-038,바이오매스 자원 가용량,numeric,spatial-analysis,,16,4,capacity | other | percent,false,not-required,not-required,not-applicable,not-required,false,true,true,true,preserve-null-show-source-reason-never-impute-zero,false,,covered,approved,fit-with-caveat,accepted-with-explicit-comparability-caveat
B-039,수력 잠재량,numeric,spatial-analysis,,15,4,capacity | energy,false,not-required,not-required,not-applicable,not-required,false,,true,true,preserve-null-show-source-reason-never-impute-zero,false,,covered,approved,fit-with-caveat,accepted-with-explicit-comparability-caveat
B-040,지열 잠재량,numeric,spatial-analysis,,14,5,capacity | count | energy | other,false,not-required,not-required,not-applicable,not-required,false,,true,true,preserve-null-show-source-reason-never-impute-zero,false,,covered,approved,fit-with-caveat,accepted-with-explicit-comparability-caveat
B-041,태양광 자원,numeric,spatial-analysis,,14,4,energy | other,true,covered,covered,not-applicable,not-applicable,false,,true,true,preserve-null-show-source-reason-never-impute-zero,false,,covered,approved,fit-with-caveat,accepted-with-explicit-comparability-caveat
B-042,풍력 자원,numeric,spatial-analysis,,5,4,area | other | percent,false,not-required,not-required,not-applicable,not-required,false,true,true,true,preserve-null-show-source-reason-never-impute-zero,false,,covered,approved,fit,accepted-public-analysis
B-043,화석연료 자원량,numeric,spatial-analysis,,13,4,other | percent,false,not-required,not-required,not-applicable,not-required,false,true,true,true,preserve-null-show-source-reason-never-impute-zero,false,,covered,approved,fit-with-caveat,accepted-with-explicit-comparability-caveat
B-044,핵심 광물 종류,numeric | text,spatial-analysis,,4,3,other | text,false,not-required,not-required,not-applicable,not-required,false,,true,true,preserve-null-show-source-reason-never-impute-zero,false,,covered,approved,fit-with-caveat,accepted-with-explicit-comparability-caveat
B-045,광물자원 국제순위,numeric,spatial-analysis,,5,3,other | percent,true,covered,covered,not-applicable,group-scope-declared,false,true,true,true,preserve-null-show-source-reason-never-impute-zero,false,,covered,approved,fit,accepted-public-analysis
B-046,광물 매장량,numeric,spatial-analysis,,9,4,count | other,false,not-required,not-required,not-applicable,not-required,false,,true,true,preserve-null-show-source-reason-never-impute-zero,false,,covered,approved,fit-with-caveat,accepted-with-explicit-comparability-caveat
B-047,광물 생산량,numeric | text,spatial-analysis,,10,4,count | other | text,false,not-required,not-required,not-applicable,not-required,false,,true,true,preserve-null-show-source-reason-never-impute-zero,false,,covered,approved,fit-with-caveat,accepted-with-explicit-comparability-caveat
B-048,주요 광산 위치,numeric,spatial-analysis,,3,5,count | other,false,not-required,not-required,not-applicable,not-required,false,,true,true,preserve-null-show-source-reason-never-impute-zero,true,시설·사업 위치,covered,approved,fit,accepted-public-analysis
C-001,국가 온실가스 감축목표(NDC),numeric | text,evidence-matrix,,20,6,currency | emissions | other | percent | text,true,covered,covered,not-applicable,not-applicable,false,true,true,true,preserve-null-show-source-reason-never-impute-zero,false,,covered,approved,fit-with-caveat,accepted-with-explicit-comparability-caveat
C-002,격년투명성보고서(BTR),numeric | text,evidence-matrix,,22,7,count | currency | emissions | other | percent | text,true,covered,covered,not-applicable,not-applicable,false,true,true,true,preserve-null-show-source-reason-never-impute-zero,false,,covered,approved,fit-with-caveat,accepted-with-explicit-comparability-caveat
C-003,국가적응계획(NAP),numeric | text,evidence-matrix,,29,6,count | currency | currency-per-period | percent | text,true,covered,covered,not-applicable,not-applicable,false,true,true,true,preserve-null-show-source-reason-never-impute-zero,false,,covered,approved,fit-with-caveat,accepted-with-explicit-comparability-caveat
C-004,장기 저탄소 발전전략,numeric | text,evidence-matrix,,25,6,currency | emissions | energy | other | percent | text,true,covered,covered,not-applicable,not-applicable,false,true,true,true,preserve-null-show-source-reason-never-impute-zero,false,,covered,approved,fit-with-caveat,accepted-with-explicit-comparability-caveat
C-005,기후기술 수요 및 우선기술,numeric | text,evidence-matrix,,19,6,other | score | text,true,covered,covered,not-applicable,group-scope-declared,false,,true,true,preserve-null-show-source-reason-never-impute-zero,false,,covered,approved,fit-with-caveat,accepted-with-explicit-comparability-caveat
C-006,파리협정 제6조 양자협력 체계,date | numeric | text,capability-scorecard,,18,6,count | emissions | other | percent | text,false,not-required,not-required,not-applicable,not-required,false,true,true,true,preserve-null-show-source-reason-never-impute-zero,false,,covered,approved,fit-with-caveat,accepted-with-explicit-comparability-caveat
C-007,파리협정 비시장 접근,date | numeric | text,portfolio-dashboard,,12,6,count | other | text,false,not-required,not-required,not-applicable,not-required,false,,true,true,preserve-null-show-source-reason-never-impute-zero,false,,covered,approved,fit-with-caveat,accepted-with-explicit-comparability-caveat
C-008,국제 기후협력 이니셔티브,numeric | text,portfolio-dashboard,,25,7,area | count | currency | emissions | other | percent | text,false,not-required,not-required,not-applicable,not-required,false,true,true,true,preserve-null-show-source-reason-never-impute-zero,false,,covered,approved,fit-with-caveat,accepted-with-explicit-comparability-caveat
C-009,기후변화 법·제도,date | numeric | text,policy-timeline,,39,6,capacity | count | emissions | other | percent | text,false,not-required,not-required,not-applicable,not-required,false,true,true,true,preserve-null-show-source-reason-never-impute-zero,false,,covered,approved,fit,accepted-public-analysis
C-010,환경 법·제도,numeric | text,policy-timeline,,27,6,count | percent | text,true,covered,covered,not-applicable,not-applicable,false,true,true,true,preserve-null-show-source-reason-never-impute-zero,false,,covered,approved,fit,accepted-public-analysis
C-011,치안·안전 정보,numeric | text,score-trend,,17,5,count | other | text,true,covered,covered,not-applicable,not-applicable,true,,true,true,preserve-null-show-source-reason-never-impute-zero,false,,covered,approved,fit-with-caveat,accepted-with-explicit-comparability-caveat
C-012,민관협력·조달 제도,numeric | text,evidence-matrix,,24,5,count | currency | other | text,false,not-required,not-required,not-applicable,not-required,false,,true,true,preserve-null-show-source-reason-never-impute-zero,false,,covered,approved,fit-with-caveat,accepted-with-explicit-comparability-caveat
C-013,외국인 투자제도,numeric | text | 실적치,evidence-matrix,,34,4,count | currency | other | percent | score | text,true,covered,covered,not-applicable,not-applicable,false,true,true,true,preserve-null-show-source-reason-never-impute-zero,false,,covered,approved,fit,accepted-public-analysis
C-014,사업 인허가 절차,numeric | text,evidence-matrix,,29,5,currency | other | percent | text,true,covered,covered,not-applicable,not-applicable,false,true,true,true,preserve-null-show-source-reason-never-impute-zero,false,,covered,approved,fit-with-caveat,accepted-with-explicit-comparability-caveat
C-015,정책·제도 원문자료,text,evidence-matrix,,2,6,text,false,not-required,not-required,not-applicable,not-required,false,,true,true,preserve-null-show-source-reason-never-impute-zero,false,,covered,approved,fit,accepted-public-analysis
C-016,재생에너지 발주·확대계획,numeric | text,spatial-analysis,,12,7,capacity | count | other | percent | text,false,not-required,not-required,not-applicable,not-required,false,true,true,true,preserve-null-show-source-reason-never-impute-zero,true,값이 있는 ADM1 지역,covered,approved,fit-with-caveat,accepted-with-explicit-comparability-caveat
C-017,재생에너지 투자 인센티브,numeric | text,evidence-matrix,,12,7,count | energy | other | percent | text,false,not-required,not-required,not-applicable,not-required,false,true,true,true,preserve-null-show-source-reason-never-impute-zero,false,,covered,approved,fit-with-caveat,accepted-with-explicit-comparability-caveat
C-018,중장기 에너지 전망,numeric | text,scenario-comparison,,15,7,capacity | emissions | energy | percent | text,true,covered,covered,not-applicable,not-applicable,true,true,false,true,preserve-null-show-source-reason-never-impute-zero,false,,covered,approved,fit-with-caveat,accepted-with-explicit-comparability-caveat
C-019,탄소시장 법·제도와 예산,numeric | text,policy-timeline,,33,6,count | currency | emissions | other | percent | text,true,covered,covered,not-applicable,not-applicable,false,true,true,true,preserve-null-show-source-reason-never-impute-zero,false,,covered,approved,fit-with-caveat,accepted-with-explicit-comparability-caveat
C-020,온실가스 감축사업 기초정보,,status-only,,0,0,,false,not-required,not-required,not-applicable,not-required,false,,true,true,preserve-null-show-source-reason-never-impute-zero,false,,covered,approved,status-only,accepted-status-explanation-without-fake-chart
C-021,자발적 탄소시장 사업목록,,status-only,,0,0,,false,not-required,not-required,not-applicable,not-required,false,,true,true,preserve-null-show-source-reason-never-impute-zero,false,,covered,approved,status-only,accepted-status-explanation-without-fake-chart
C-022,탄소시장 준비도,numeric | text,capability-scorecard,,19,6,count | currency | emissions | percent | score | text,true,covered,covered,not-applicable,not-applicable,false,true,true,true,preserve-null-show-source-reason-never-impute-zero,false,,covered,approved,fit-with-caveat,accepted-with-explicit-comparability-caveat
C-023,한계저감비용,,status-only,,0,0,,false,not-required,not-required,not-applicable,not-required,false,,true,true,preserve-null-show-source-reason-never-impute-zero,false,,covered,approved,status-only,accepted-status-explanation-without-fake-chart
C-024,산림전용 방지 및 산림보전(REDD+),numeric | text,capability-scorecard,,9,4,currency | emissions | text,false,not-required,not-required,not-applicable,not-required,false,true,true,true,preserve-null-show-source-reason-never-impute-zero,false,,covered,approved,fit,accepted-public-analysis
C-025,탄소크레딧 사업 및 발행실적,numeric | text,portfolio-dashboard,,16,8,count | emissions | text,false,not-required,not-required,not-applicable,not-required,false,true,true,true,preserve-null-show-source-reason-never-impute-zero,true,시설·사업 위치,covered,approved,fit-with-caveat,accepted-with-explicit-comparability-caveat
D-001,단위 사업당 CAPEX,numeric,technology-comparison,,1,5,capacity,false,not-required,not-required,not-applicable,not-required,false,,true,true,preserve-null-show-source-reason-never-impute-zero,false,,covered,approved,fit,accepted-public-analysis
D-002,시장 성장률,numeric,technology-comparison,,1,4,percent,false,not-required,not-required,not-applicable,not-required,false,true,true,true,preserve-null-show-source-reason-never-impute-zero,false,,covered,approved,fit-with-caveat,accepted-with-explicit-comparability-caveat
D-003,예상 감축량,numeric,technology-comparison,,2,4,emissions,false,not-required,not-required,not-applicable,not-required,false,true,true,true,preserve-null-show-source-reason-never-impute-zero,false,,covered,approved,fit-with-caveat,accepted-with-explicit-comparability-caveat
D-004,크레딧 가격 연동 수익성,numeric,technology-comparison,,1,4,percent,true,covered,covered,not-applicable,not-applicable,false,true,true,true,preserve-null-show-source-reason-never-impute-zero,false,,covered,approved,fit-with-caveat,accepted-with-explicit-comparability-caveat
D-005,감축/적응 구분별 예산 배분 비율,numeric,composition-trend,ClimateBudgetAllocationAnalysisV129,1,3,percent,true,covered,covered,not-applicable,not-applicable,false,false,false,true,preserve-null-show-source-reason-never-impute-zero,false,,covered,approved,specialized-required,accepted-specialized-public-analysis
D-006,기후 관련 조세 수입,numeric,multi-metric-trend,,4,3,currency | emissions | percent,false,not-required,not-required,not-applicable,not-required,true,true,true,true,preserve-null-show-source-reason-never-impute-zero,false,,covered,approved,fit-with-caveat,accepted-with-explicit-comparability-caveat
D-007,"기후예산태깅(CBT, Climate Budget Tagging) 도입 여부 및 수준",text,multi-metric-trend,,1,3,text,false,not-required,not-required,not-applicable,not-required,true,,true,true,preserve-null-show-source-reason-never-impute-zero,false,,covered,approved,fit,accepted-public-analysis
D-008,주관 부처별 기후 예산 규모,numeric,multi-metric-trend,,2,3,currency | percent,false,not-required,not-required,not-applicable,not-required,true,true,true,true,preserve-null-show-source-reason-never-impute-zero,true,값이 있는 ADM1 지역,covered,approved,fit-with-caveat,accepted-with-explicit-comparability-caveat
D-009,기후대응·기후기술 관련 정부 예산,numeric,multi-metric-trend,,3,3,currency | percent,false,not-required,not-required,not-applicable,not-required,true,true,true,true,preserve-null-show-source-reason-never-impute-zero,false,,covered,approved,fit,accepted-public-analysis
D-010,화석연료 보조금 규모,numeric,multi-metric-trend,,3,3,currency | percent,true,covered,covered,not-applicable,not-applicable,true,false,true,true,preserve-null-show-source-reason-never-impute-zero,false,,covered,approved,fit-with-caveat,accepted-with-explicit-comparability-caveat
D-011,개도국 내 각국별 ODA 규모,numeric,technology-comparison,,1,4,currency,false,not-required,not-required,not-applicable,not-required,false,,true,true,preserve-null-show-source-reason-never-impute-zero,false,,covered,approved,fit-with-caveat,accepted-with-explicit-comparability-caveat
D-012,경쟁국 민간기업의 개도국 진출 현황,numeric | text,technology-comparison,,2,7,capacity | count,false,not-required,not-required,not-applicable,not-required,false,,true,true,preserve-null-show-source-reason-never-impute-zero,false,,covered,approved,fit,accepted-public-analysis
D-013,녹색성장지수,numeric,score-trend,,1,3,score,true,covered,covered,covered,group-scope-declared,false,,true,true,preserve-null-show-source-reason-never-impute-zero,false,,covered,approved,fit,accepted-public-analysis
D-014,대외경제협력기금 사업,numeric | text,portfolio-dashboard,,2,6,currency | text,false,not-required,not-required,not-applicable,not-required,false,,true,true,preserve-null-show-source-reason-never-impute-zero,false,,covered,approved,fit,accepted-public-analysis
D-015,한국 공적개발원조 사업,numeric | text,portfolio-dashboard,,2,6,currency | text,false,not-required,not-required,not-applicable,not-required,false,,true,true,preserve-null-show-source-reason-never-impute-zero,false,,covered,approved,fit,accepted-public-analysis
D-016,정부·지방자치단체 협력사업,numeric | text,portfolio-dashboard,,2,7,currency | text,false,not-required,not-required,not-applicable,not-required,false,,true,true,preserve-null-show-source-reason-never-impute-zero,false,,covered,approved,fit,accepted-public-analysis
D-017,한국 ODA 사업기획·입찰,numeric | text,portfolio-dashboard,,2,7,currency | text,false,not-required,not-required,not-applicable,not-required,false,,true,true,preserve-null-show-source-reason-never-impute-zero,false,,covered,approved,fit,accepted-public-analysis
D-018,적응기금 사업,numeric | text,portfolio-dashboard,,2,7,currency | text,false,not-required,not-required,not-applicable,not-required,false,,true,true,preserve-null-show-source-reason-never-impute-zero,true,시설·사업 위치,covered,approved,fit,accepted-public-analysis
D-019,CTCN 기술지원,numeric | text,portfolio-dashboard,,2,6,currency | text,false,not-required,not-required,not-applicable,not-required,false,,true,true,preserve-null-show-source-reason-never-impute-zero,false,,covered,approved,fit-with-caveat,accepted-with-explicit-comparability-caveat
D-020,녹색기후기금 사업,numeric | text,portfolio-dashboard,,3,10,count | currency | text,false,not-required,not-required,not-applicable,not-required,false,,true,true,preserve-null-show-source-reason-never-impute-zero,false,,covered,approved,fit,accepted-public-analysis
D-021,국제기구·개발은행 사업,numeric | text,portfolio-dashboard,,2,6,count | currency,false,not-required,not-required,not-applicable,not-required,false,,true,true,preserve-null-show-source-reason-never-impute-zero,false,,covered,approved,fit,accepted-public-analysis
D-022,개발금융·민관협력 투자사업,numeric | text,portfolio-dashboard,,2,6,currency | text,false,not-required,not-required,not-applicable,not-required,false,,true,true,preserve-null-show-source-reason-never-impute-zero,false,,covered,approved,fit,accepted-public-analysis
D-023,국제협력·기후재원 사업,numeric | text,portfolio-dashboard,,2,12,currency | text,false,not-required,not-required,not-applicable,not-required,false,,true,true,preserve-null-show-source-reason-never-impute-zero,true,시설·사업 위치,covered,approved,fit,accepted-public-analysis
D-024,벤처·임팩트 투자,numeric | text,portfolio-dashboard,,3,5,count | currency | text,false,not-required,not-required,not-applicable,not-required,false,,true,true,preserve-null-show-source-reason-never-impute-zero,false,,covered,approved,fit-with-caveat,accepted-with-explicit-comparability-caveat
D-025,민간 인프라 투자,numeric | text,portfolio-dashboard,,2,7,currency | text,false,not-required,not-required,not-applicable,not-required,false,,true,true,preserve-null-show-source-reason-never-impute-zero,false,,covered,approved,fit,accepted-public-analysis
D-026,정치적 위험 보증사업,numeric | text,portfolio-dashboard,,2,6,currency | text,false,not-required,not-required,not-applicable,not-required,false,,true,true,preserve-null-show-source-reason-never-impute-zero,false,,covered,approved,fit,accepted-public-analysis
E-001,CTCN 국가지정기구,text,directory,,1,2,text,false,not-required,not-required,not-applicable,not-required,false,,true,true,preserve-null-show-source-reason-never-impute-zero,false,,covered,approved,fit,accepted-public-analysis
E-002,파리협정 국가지정기관,text,directory,,1,3,text,false,not-required,not-required,not-applicable,not-required,false,,true,true,preserve-null-show-source-reason-never-impute-zero,false,,covered,approved,fit,accepted-public-analysis
E-003,녹색기후기금 국가지정기관,text,directory,,1,2,text,false,not-required,not-required,not-applicable,not-required,false,,true,true,preserve-null-show-source-reason-never-impute-zero,false,,covered,approved,fit,accepted-public-analysis
E-004,국제기구 현지사무소,text,directory,,1,6,text,false,not-required,not-required,not-applicable,not-required,false,,true,true,preserve-null-show-source-reason-never-impute-zero,false,,covered,approved,fit,accepted-public-analysis
E-005,대학·연구기관·시민사회,text,directory,,1,3,text,false,not-required,not-required,not-applicable,not-required,false,,true,true,preserve-null-show-source-reason-never-impute-zero,false,,covered,approved,fit,accepted-public-analysis
E-006,현지 투자자 네트워크,text,directory,,1,9,text,false,not-required,not-required,not-applicable,not-required,false,,true,true,preserve-null-show-source-reason-never-impute-zero,false,,covered,approved,fit,accepted-public-analysis
E-007,온실가스 산정·보고·검증 체계,boolean | text,evidence-matrix,,6,3,boolean | text,true,covered,covered,not-applicable,not-applicable,false,,true,true,preserve-null-show-source-reason-never-impute-zero,false,,covered,approved,fit-with-caveat,accepted-with-explicit-comparability-caveat
E-008,기후기술 논문·특허,numeric | text,multi-metric-trend,,5,6,count | other | text,true,covered,covered,not-applicable,group-scope-declared,true,,true,true,preserve-null-show-source-reason-never-impute-zero,false,,covered,approved,fit-with-caveat,accepted-with-explicit-comparability-caveat
E-009,과학기술 인력,numeric,kpi-trend,,6,1,count | percent,false,not-required,not-required,not-applicable,not-required,true,true,true,true,preserve-null-show-source-reason-never-impute-zero,false,,covered,approved,fit-with-caveat,accepted-with-explicit-comparability-caveat
E-010,연구개발·혁신 역량,numeric,score-trend,,4,2,currency | other | percent | score,true,covered,covered,not-applicable,group-scope-declared,true,true,true,true,preserve-null-show-source-reason-never-impute-zero,false,,covered,approved,fit-with-caveat,accepted-with-explicit-comparability-caveat
E-011,기술준비수준,numeric,status-only,,1,2,other,true,covered,covered,not-applicable,not-applicable,false,,true,true,preserve-null-show-source-reason-never-impute-zero,false,,covered,approved,status-only,accepted-status-explanation-without-fake-chart
E-012,기술인력과 임금,numeric,multi-metric-trend,OccupationEmploymentWagePreviewV125,8,5,count | currency-per-period | percent,false,not-required,not-required,not-applicable,not-required,false,true,true,true,preserve-null-show-source-reason-never-impute-zero,false,,covered,approved,specialized-required,accepted-specialized-public-analysis
E-013,운영·유지보수 역량,text,status-only,,5,2,text,true,covered,covered,not-applicable,not-applicable,false,,true,true,preserve-null-show-source-reason-never-impute-zero,false,,covered,approved,status-only,accepted-status-explanation-without-fake-chart
E-014,기후·녹색성장 양자협정,text,policy-timeline,,1,3,text,true,covered,covered,not-applicable,not-applicable,false,,true,true,preserve-null-show-source-reason-never-impute-zero,false,,covered,approved,fit,accepted-public-analysis
E-015,NDC 파트너십 참여,boolean,evidence-matrix,,1,1,boolean,false,not-required,not-required,not-applicable,not-required,false,,true,true,preserve-null-show-source-reason-never-impute-zero,false,,covered,approved,fit,accepted-public-analysis
E-016,한국 기후기술 성숙도,text,capability-scorecard,,1,3,text,false,not-required,not-required,not-applicable,not-required,false,,true,true,preserve-null-show-source-reason-never-impute-zero,false,,covered,approved,fit,accepted-public-analysis
E-017,한국 기후기술 비교우위,numeric,evidence-matrix,,2,1,other | percent,true,covered,covered,not-applicable,group-scope-declared,false,true,true,true,preserve-null-show-source-reason-never-impute-zero,false,,covered,approved,fit,accepted-public-analysis
E-018,한국 기업의 현지 진출,text,portfolio-dashboard,,1,1,text,false,not-required,not-required,not-applicable,not-required,false,,true,true,preserve-null-show-source-reason-never-impute-zero,false,,covered,approved,fit,accepted-public-analysis
E-019,한국 기관 현지사무소,text,directory,,1,2,text,false,not-required,not-required,not-applicable,not-required,false,,true,true,preserve-null-show-source-reason-never-impute-zero,false,,covered,approved,fit,accepted-public-analysis
E-020,한국의 공공·민간 지원제도,text,portfolio-dashboard,,2,2,text,false,not-required,not-required,not-applicable,not-required,false,,true,true,preserve-null-show-source-reason-never-impute-zero,false,,covered,approved,fit,accepted-public-analysis
