country,country_long,name,gppd_idnr,capacity_mw,latitude,longitude,primary_fuel,other_fuel1,other_fuel2,other_fuel3,commissioning_year,owner,source,url,geolocation_source,wepp_id,year_of_capacity_data
VNM,Vietnam,Duc Minh,WKS0066206,19.1,14.9600,108.9320,Solar,,,,,,Wiki-Solar,https://www.wiki-solar.org,Wiki-Solar,,
VNM,Vietnam,Ninh Thuận CMX,WKS0067920,168.0,11.7000,108.9000,Solar,,,,,,Wiki-Solar,https://www.wiki-solar.org,Wiki-Solar,,
VNM,Vietnam,Phước Nam,WKS0071353,330.0,11.4460,108.8660,Solar,,,,,,Wiki-Solar,https://www.wiki-solar.org,Wiki-Solar,,
VNM,Vietnam,Dau Tieng,WKS0072161,420.0,11.3350,106.2750,Solar,,,,,,Wiki-Solar,https://www.wiki-solar.org,Wiki-Solar,,
VNM,Vietnam,Thuan Bac,WKS0072323,204.0,11.7000,109.0300,Solar,,,,,,Wiki-Solar,https://www.wiki-solar.org,Wiki-Solar,,
VNM,Vietnam,Cam Ranh,WKS0072716,49.5,11.8920,109.0880,Solar,,,,,,Wiki-Solar,https://www.wiki-solar.org,Wiki-Solar,,
VNM,Vietnam,Mai Sơn,WKS0072751,10.0,21.2710,104.0650,Solar,,,,,,Wiki-Solar,https://www.wiki-solar.org,Wiki-Solar,,
VNM,Vietnam,Cam An Bac KN,WKS0073161,62.5,11.9900,109.0800,Solar,,,,,,Wiki-Solar,https://www.wiki-solar.org,Wiki-Solar,,
VNM,Vietnam,Cam An Bac VN,WKS0073163,62.8,11.9880,109.0810,Solar,,,,,,Wiki-Solar,https://www.wiki-solar.org,Wiki-Solar,,
VNM,Vietnam,Chau Duc,WKS0073902,57.0,10.5780,107.1860,Solar,,,,,,Wiki-Solar,https://www.wiki-solar.org,Wiki-Solar,,
VNM,Vietnam,Krong Pac,WKS0073959,30.0,12.7790,108.3680,Solar,,,,,,Wiki-Solar,https://www.wiki-solar.org,Wiki-Solar,,
VNM,Vietnam,Cam Ranh A,WKS0073960,8.5,11.8800,109.0865,Solar,,,,,,Wiki-Solar,https://www.wiki-solar.org,Wiki-Solar,,
VNM,Vietnam,Binh Nguyen,WKS0073962,49.0,15.3330,108.7080,Solar,,,,,,Wiki-Solar,https://www.wiki-solar.org,Wiki-Solar,,
VNM,Vietnam,Thua Thien Hue TTC,WKS0073963,48.0,16.4400,107.5050,Solar,,,,,,Wiki-Solar,https://www.wiki-solar.org,Wiki-Solar,,
VNM,Vietnam,Ham Kiem,WKS0073964,49.0,10.9050,108.0160,Solar,,,,,,Wiki-Solar,https://www.wiki-solar.org,Wiki-Solar,,
VNM,Vietnam,Long An TTC,WKS0073965,49.0,10.7450,106.0850,Solar,,,,,,Wiki-Solar,https://www.wiki-solar.org,Wiki-Solar,,
VNM,Vietnam,Bac Lieu Wind power,WRI1030729,99.0,9.2351,105.8048,Wind,,,,2016.0,Cong Ly Construction-Trade-Tourism,Vietnam Electricity Annual Report,http://www.evn.com.vn/userfile/files/2017/3/AnnualReport2016.pdf,WRI,1083899,
VNM,Vietnam,Ca Mau 1,WRI1030730,1542.0,9.2420,105.0600,Gas,,,,,Petrovietnam,Vietnam Electricity Annual Report,http://www.evn.com.vn/userfile/files/2017/3/AnnualReport2016.pdf,WRI,1053560,
VNM,Vietnam,Duyen Hai 1,WRI1030731,1244.0,9.5830,106.5200,Coal,,,,,Vietnam Electricity (EVN),Vietnam Electricity Annual Report,http://www.evn.com.vn/userfile/files/2017/3/AnnualReport2016.pdf,WRI,1070526,
VNM,Vietnam,Duyen Hai 3,WRI1030732,622.0,9.5867,106.5300,Coal,,,,,Vietnam Electricity (EVN),Vietnam Electricity Annual Report,http://www.evn.com.vn/userfile/files/2017/3/AnnualReport2016.pdf,WRI,1079157,
VNM,Vietnam,Can Tho,WRI1030733,185.0,10.1000,105.7200,Oil,,,,,Vietnam Electricity (EVN),Vietnam Electricity Annual Report,http://www.evn.com.vn/userfile/files/2017/3/AnnualReport2016.pdf,WRI,1025672,
VNM,Vietnam,O Mon 1,WRI1030734,660.0,10.1332,105.6700,Gas,,,,,Vietnam Electricity (EVN),Vietnam Electricity Annual Report,http://www.evn.com.vn/userfile/files/2017/3/AnnualReport2016.pdf,WRI,1043130,
VNM,Vietnam,Lap Vo Rice Husk Power Plant,WRI1030735,10.0,10.3492,105.5700,Biomass,,,,,,CDM,https://cdm.unfccc.int/Projects/DB/TUEV-SUED1268324091.74/view,CDM,,
VNM,Vietnam,Ba Ria,WRI1030736,389.0,10.4891,107.1700,Gas,,,,,Vietnam Electricity (EVN),Vietnam Electricity Annual Report,http://www.evn.com.vn/userfile/files/2017/3/AnnualReport2016.pdf,WRI,1025670,
VNM,Vietnam,Phu Quy,WRI1030737,6.0,10.5507,108.9300,Wind,,,,,Petrovietnam,Vietnam Electricity Annual Report,http://www.evn.com.vn/userfile/files/2017/3/AnnualReport2016.pdf,WRI,1095325,
VNM,Vietnam,Phu My 4,WRI1030738,458.0,10.5975,107.0300,Gas,,,,,Vietnam Electricity (EVN),Vietnam Electricity Annual Report,http://www.evn.com.vn/userfile/files/2017/3/AnnualReport2016.pdf,WRI,1034647,
VNM,Vietnam,Phu My 3,WRI1030739,733.0,10.6014,107.0400,Gas,,,,,,Vietnam Electricity Annual Report,http://www.evn.com.vn/userfile/files/2017/3/AnnualReport2016.pdf,WRI,1034646,
VNM,Vietnam,Phu My 22,WRI1030740,733.0,10.6030,107.0400,Gas,,,,,,Vietnam Electricity Annual Report,http://www.evn.com.vn/userfile/files/2017/3/AnnualReport2016.pdf,WRI,1052143,
VNM,Vietnam,Phu My 21,WRI1030741,896.0,10.6041,107.0400,Gas,,,,,Vietnam Electricity (EVN),Vietnam Electricity Annual Report,http://www.evn.com.vn/userfile/files/2017/3/AnnualReport2016.pdf,WRI,1034645,
VNM,Vietnam,Phu My 1,WRI1030742,1108.0,10.6056,107.0400,Gas,,,,,Vietnam Electricity (EVN),Vietnam Electricity Annual Report,http://www.evn.com.vn/userfile/files/2017/3/AnnualReport2016.pdf,WRI,1025680,
VNM,Vietnam,Bourbon,WRI1030743,24.0,10.6130,106.4900,Oil,,,,,,Vietnam Electricity Annual Report,http://www.evn.com.vn/userfile/files/2017/3/AnnualReport2016.pdf,WRI,,
VNM,Vietnam,Hiep Phuoc,WRI1030744,375.0,10.6420,106.7500,Oil,,,,,,Vietnam Electricity Annual Report,http://www.evn.com.vn/userfile/files/2017/3/AnnualReport2016.pdf,WRI,1011933,
VNM,Vietnam,Nhon Trach 1,WRI1030745,1215.0,10.6428,106.8400,Gas,,,,,Petrovietnam,Vietnam Electricity Annual Report,http://www.evn.com.vn/userfile/files/2017/3/AnnualReport2016.pdf,WRI,1065826,
VNM,Vietnam,Formosa Dong Nai,WRI1030746,310.0,10.7151,106.9200,Coal,,,,,Formosa Plastics Group,Vietnam Electricity Annual Report,http://www.evn.com.vn/userfile/files/2017/3/AnnualReport2016.pdf,WRI,,
VNM,Vietnam,Thu Duc,WRI1030747,279.0,10.8284,106.7600,Oil,,,,,Vietnam Electricity (EVN),Vietnam Electricity Annual Report,http://www.evn.com.vn/userfile/files/2017/3/AnnualReport2016.pdf,WRI,1025682,
VNM,Vietnam,Amata,WRI1030748,13.0,10.9471,106.9000,Oil,,,,,,Vietnam Electricity Annual Report,http://www.evn.com.vn/userfile/files/2017/3/AnnualReport2016.pdf,WRI,1010098,
VNM,Vietnam,Thuan Nhien Phong,WRI1030749,32.0,11.0525,108.4100,Wind,,,,2017.0,Asia Renewable Energy Corporation,CDM,https://cdm.unfccc.int/Projects/DB/ICONTEC1347549044.44/view,CDM,1074594,
VNM,Vietnam,Tuy Phong,WRI1030750,30.0,11.2122,108.2000,Wind,,,,,,Vietnam Electricity Annual Report,http://www.evn.com.vn/userfile/files/2017/3/AnnualReport2016.pdf,WRI,1074594,
VNM,Vietnam,Vinh Tan 2,WRI1030751,1244.0,11.3170,108.8100,Coal,,,,,Vietnam Electricity (EVN),Vietnam Electricity Annual Report,http://www.evn.com.vn/userfile/files/2017/3/AnnualReport2016.pdf,WRI,1075911,
VNM,Vietnam,Bac Binh,WRI1030752,33.0,11.3711,108.3300,Hydro,,,,2009.0,Viet Nam Hydro Power Development JSC.,Open Development Vietnam,https://data.opendevelopmentmekong.net/vi/library_record/bac-binh-hydropower,Open Development Vietnam,1068338,
VNM,Vietnam,Gia Lai sugar-cane,WRI1030753,12.0,13.4257,108.4200,Biomass,,,,,Investment and Trade Consultancy Company Limited,Vietnam Electricity Annual Report,http://www.evn.com.vn/userfile/files/2017/3/AnnualReport2016.pdf,WRI,,
VNM,Vietnam,La Hieng 2,WRI1030754,18.0,13.5017,108.8500,Hydro,,,,2015.0,VRG Phu Yen JSC.,Open Development Vietnam,https://data.opendevelopmentmekong.net/vi/library_record/la-hieng-2-hydropower,Open Development Vietnam,,
VNM,Vietnam,Phuong Mai 3,WRI1030755,21.0,13.9077,109.2600,Wind,,,,2017.0,Central Wind power Joint Stock Company,CDM,https://cdm.unfccc.int/Projects/DB/ICONTEC1347544560.36/view,CDM,1074649,
VNM,Vietnam,Nong Son,WRI1030756,30.0,15.7171,108.0300,Coal,,,,,Vinacomin,Vietnam Electricity Annual Report,http://www.evn.com.vn/userfile/files/2017/3/AnnualReport2016.pdf,WRI,1061838,
VNM,Vietnam,Formosa Ha Tinh,WRI1030757,150.0,18.0288,106.4500,Coal,,,,,Formosa Plastics Group,Vietnam Electricity Annual Report,http://www.evn.com.vn/userfile/files/2017/3/AnnualReport2016.pdf,WRI,1059004,
VNM,Vietnam,Vung Ang I,WRI1030758,1245.0,18.0979,106.3800,Coal,,,,,Petrovietnam,Vietnam Electricity Annual Report,http://www.evn.com.vn/userfile/files/2017/3/AnnualReport2016.pdf,WRI,1068091,
VNM,Vietnam,Nghi Son 1,WRI1030759,600.0,19.3158,105.8000,Coal,,,,,Vietnam Electricity (EVN),Vietnam Electricity Annual Report,http://www.evn.com.vn/userfile/files/2017/3/AnnualReport2016.pdf,WRI,1063220,
VNM,Vietnam,Ninh Binh,WRI1030760,100.0,20.2527,105.9800,Coal,,,,,Vietnam Electricity (EVN),Vietnam Electricity Annual Report,http://www.evn.com.vn/userfile/files/2017/3/AnnualReport2016.pdf,WRI,1025659,
VNM,Vietnam,Hai Phong 2,WRI1030761,600.0,20.9386,106.7570,Coal,,,,,Vietnam Electricity (EVN),Vietnam Electricity Annual Report,http://www.evn.com.vn/userfile/files/2017/3/AnnualReport2016.pdf,WRI,1025661,
VNM,Vietnam,Hai Phong 1,WRI1030762,600.0,20.9419,106.7600,Coal,,,,,Vietnam Electricity (EVN),Vietnam Electricity Annual Report,http://www.evn.com.vn/userfile/files/2017/3/AnnualReport2016.pdf,WRI,1025661,
VNM,Vietnam,Cai Lan,WRI1030763,39.0,20.9861,107.0300,Oil,,,,,,Vietnam Electricity Annual Report,http://www.evn.com.vn/userfile/files/2017/3/AnnualReport2016.pdf,WRI,1072605,
VNM,Vietnam,Cam Pha I,WRI1030764,600.0,21.0063,107.3600,Coal,,,,,Vinacomin,Vietnam Electricity Annual Report,http://www.evn.com.vn/userfile/files/2017/3/AnnualReport2016.pdf,WRI,1053569,
VNM,Vietnam,Quang Ninh 1,WRI1030765,1200.0,21.0118,107.1300,Coal,,,,,Vietnam Electricity (EVN),Vietnam Electricity Annual Report,http://www.evn.com.vn/userfile/files/2017/3/AnnualReport2016.pdf,WRI,1025098,
VNM,Vietnam,Uong Bi,WRI1030766,735.0,21.0398,106.7800,Coal,,,,,Vietnam Electricity (EVN),Vietnam Electricity Annual Report,http://www.evn.com.vn/userfile/files/2017/3/AnnualReport2016.pdf,WRI,1025668,
VNM,Vietnam,Mong Duong 2,WRI1030767,1120.0,21.0725,107.3500,Coal,,,,,AES  POSCO  CPI,Vietnam Electricity Annual Report,http://www.evn.com.vn/userfile/files/2017/3/AnnualReport2016.pdf,WRI,,
VNM,Vietnam,Mong Duong 1,WRI1030768,1080.0,21.0728,107.3500,Coal,,,,,Vietnam Electricity (EVN),Vietnam Electricity Annual Report,http://www.evn.com.vn/userfile/files/2017/3/AnnualReport2016.pdf,WRI,1067948,
VNM,Vietnam,Mao Khe,WRI1030769,440.0,21.0907,105.7700,Coal,,,,,Vinacomin,Vietnam Electricity Annual Report,http://www.evn.com.vn/userfile/files/2017/3/AnnualReport2016.pdf,WRI,1068929,
VNM,Vietnam,Pha Lai 2,WRI1030770,600.0,21.1141,106.3100,Coal,,,,,Vietnam Electricity (EVN),Vietnam Electricity Annual Report,http://www.evn.com.vn/userfile/files/2017/3/AnnualReport2016.pdf,WRI,1025661,
VNM,Vietnam,Pha Lai 1,WRI1030771,440.0,21.1146,106.3100,Coal,,,,,Vietnam Electricity (EVN),Vietnam Electricity Annual Report,http://www.evn.com.vn/userfile/files/2017/3/AnnualReport2016.pdf,WRI,1025660,
VNM,Vietnam,Son Dong,WRI1030772,220.0,21.1793,106.7800,Coal,,,,,Vinacomin,Vietnam Electricity Annual Report,http://www.evn.com.vn/userfile/files/2017/3/AnnualReport2016.pdf,WRI,1060283,
VNM,Vietnam,An Khanh I,WRI1030773,120.0,21.5969,105.7670,Coal,,,,2015.0,An Khanh Electricity Jsc,Vietnam Electricity Annual Report,http://www.evn.com.vn/userfile/files/2017/3/AnnualReport2016.pdf,WRI,1088944,
VNM,Vietnam,Cao Ngan,WRI1030774,115.0,21.6130,105.8200,Coal,,,,,Vinacomin,Vietnam Electricity Annual Report,http://www.evn.com.vn/userfile/files/2017/3/AnnualReport2016.pdf,WRI,1045255,
VNM,Vietnam,Na Duong,WRI1030775,110.0,21.6981,106.9760,Coal,,,,,Vinacomin,Vietnam Electricity Annual Report,http://www.evn.com.vn/userfile/files/2017/3/AnnualReport2016.pdf,WRI,1045254,
VNM,Vietnam,Dak Lo,WRI1030776,22.0,14.7275,108.3694,Hydro,,,,2016.0,Dak Lo- Song Da 3 JSC,Open Development Vietnam,https://data.opendevelopmentmekong.net/vi/library_record/dak-lo-hydropower,Open Development Vietnam,,
VNM,Vietnam,Tri An,WRI1030777,400.0,11.1048,106.9848,Hydro,,,,1991.0,Tri An Hydro Power Company,Open Development Vietnam,https://data.opendevelopmentmekong.net/vi/library_record/tri-an-hydropower,Open Development Vietnam,1025667,
VNM,Vietnam,Ham Thuan - Da Mi,WRI1030778,475.0,11.3360,107.9350,Hydro,,,,2001.0,Da Nhim - Ham Thuan - Da Mi Hydropower Company,Open Development Vietnam,https://data.opendevelopmentmekong.net/vi/library_record/ham-thuan-da-mi-hydropower,Open Development Vietnam,1015290|1015291,
VNM,Vietnam,Dai Nga,WRI1030779,10.0,11.4219,107.8754,Hydro,,,,2015.0,Thac Mo Hydropower JSC.,Open Development Vietnam,https://data.opendevelopmentmekong.net/vi/library_record/dai-nga-hydropower,Open Development Vietnam,,
VNM,Vietnam,Dam'Bri,WRI1030780,75.0,11.5827,107.6726,Hydro,,,,2014.0,Southern Hydropower JSC.,Open Development Vietnam,https://data.opendevelopmentmekong.net/vi/dataset/da-mbri-hydropower,Open Development Vietnam,,
VNM,Vietnam,Dai Ninh,WRI1030781,300.0,11.6499,108.3202,Hydro,,,,2008.0,Vietnam Electricity (EVN),Open Development Vietnam,https://data.opendevelopmentmekong.net/vi/library_record/dai-ninh-hydropower,Open Development Vietnam,1025675,
VNM,Vietnam,Dong Nai 2,WRI1030782,70.0,11.7129,108.0579,Hydro,,,,2015.0,Trung Nam Power,Open Development Vietnam,https://data.opendevelopmentmekong.net/vi/library_record/dong-nai-2-hydropower,Open Development Vietnam,1071686,
VNM,Vietnam,Da Dang 2,WRI1030783,34.0,11.7219,108.2468,Hydro,,,,2010.0,Southern Hydropower JSC.,Open Development Vietnam,https://data.opendevelopmentmekong.net/vi/library_record/da-dang-2-hydropower,Open Development Vietnam,1063305,
VNM,Vietnam,Srok Phu Mieng,WRI1030784,51.0,11.7689,106.7564,Hydro,,,,2006.0,Srok Phu Mieng Hydro Power JSC.,Open Development Vietnam,https://data.opendevelopmentmekong.net/vi/library_record/sok-phu-mieng-hydropower,Open Development Vietnam,1056376,
VNM,Vietnam,Dong Nai 5,WRI1030785,150.0,11.7927,107.5534,Hydro,,,,2015.0,Vietnam National Coal - Mineral Industries Group,Open Development Vietnam,https://data.opendevelopmentmekong.net/vi/library_record/dong-nai-5-hydropower,Open Development Vietnam,1095571,
VNM,Vietnam,Ha Song Pha 1,WRI1030786,5.4,11.8284,108.6906,Hydro,,,,2013.0,Ha Song Hydropower JSC,Open Development Vietnam,https://data.opendevelopmentmekong.net/vi/library_record/song-pha-1-hydropower,Open Development Vietnam,1101247,
VNM,Vietnam,Ha Song Pha 2,WRI1030787,5.1,11.8319,108.7073,Hydro,,,,2015.0,Ha Song Hydropower JSC,Open Development Vietnam,https://data.opendevelopmentmekong.net/vi/library_record/song-pha-2-hydropower,Open Development Vietnam,1101247,
VNM,Vietnam,Song Pha,WRI1030788,7.5,11.8331,108.6841,Hydro,,,,1995.0,Da Nhim - Ham Thuan - Da Mi Hydropower Company,Open Development Vietnam,https://data.opendevelopmentmekong.net/vi/library_record/song-pha-hydropower,Open Development Vietnam,1089300,
VNM,Vietnam,Dak Sin 1,WRI1030789,28.0,11.8186,107.4590,Hydro,,,,2015.0,VRG Dak Nong JSC. - Vietnam Rubber Group,Open Development Vietnam,https://data.opendevelopmentmekong.net/vi/library_record/dak-sin-1-hydropower,Open Development Vietnam,1074394,
VNM,Vietnam,Da Nhim,WRI1030790,160.0,11.8529,108.6058,Hydro,,,,1964.0,Da Nhim - Ham Thuan - Da Mi Hydropower JSC.,Open Development Vietnam,https://data.opendevelopmentmekong.net/vi/library_record/da-nhim-hydropower,Open Development Vietnam,1025674,
VNM,Vietnam,Thac Mo,WRI1030791,150.0,11.8578,107.0193,Hydro,,,,1995.0,Thac Mo Hydro Power JSC.,Open Development Vietnam,https://data.opendevelopmentmekong.net/vi/library_record/thac-mo-hydropower,Open Development Vietnam,1025681,
VNM,Vietnam,Bu Ca Mau,WRI1030792,4.0,11.8713,106.9768,Hydro,,,,2009.0,Cat Nam Trading - Services and Production Company Limited,Open Development Vietnam,https://data.opendevelopmentmekong.net/vi/library_record/bu-ca-mau-hydropower,Open Development Vietnam,,
VNM,Vietnam,Dong Nai 3,WRI1030793,180.0,11.8722,107.8887,Hydro,,,,2011.0,Vietnam Electricity (EVN),Open Development Vietnam,https://data.opendevelopmentmekong.net/vi/library_record/dong-nai-3-hydropower,Open Development Vietnam,1062203,
VNM,Vietnam,Dong Nai 4,WRI1030794,340.0,11.8851,107.7286,Hydro,,,,2012.0,Vietnam Electricity (EVN),Open Development Vietnam,https://data.opendevelopmentmekong.net/vi/library_record/dong-nai-4-hydropower,Open Development Vietnam,1062204,
VNM,Vietnam,Quang Tin,WRI1030795,5.0,11.9631,107.4493,Hydro,,,,2009.0,N&S Limited Liability Company,Open Development Vietnam,https://data.opendevelopmentmekong.net/vi/library_record/quang-tin-hydropower,Open Development Vietnam,1064546,
VNM,Vietnam,Dak Nong 2,WRI1030796,16.0,11.9645,107.6675,Hydro,,,,2016.0,Viet Nguyen Construction JSC.,Open Development Vietnam,https://data.opendevelopmentmekong.net/vi/library_record/dak-nong-2-hydropower,Open Development Vietnam,,
VNM,Vietnam,Dak Ru,WRI1030797,7.5,11.9522,107.4042,Hydro,,,,2008.0,N&S Limited Liability Company,Open Development Vietnam,https://data.opendevelopmentmekong.net/vi/library_record/dak-ru-hydropower,Open Development Vietnam,1064545,
VNM,Vietnam,Can Don,WRI1030798,77.0,11.9689,106.8435,Hydro,,,,2004.0,Song Da Group,Open Development Vietnam,https://data.opendevelopmentmekong.net/vi/library_record/can-don-hydropower,Open Development Vietnam,1044786,
VNM,Vietnam,Dak R'Tih,WRI1030799,144.0,11.9902,107.6597,Hydro,,,,2011.0,Construction Corporation No.1 Company Limited,Open Development Vietnam,https://data.opendevelopmentmekong.net/vi/library_record/dak-rtih-hydropower,Open Development Vietnam,,
VNM,Vietnam,Suoi Vang (AnKroet),WRI1030800,3.1,11.9921,108.3708,Hydro,,,,1945.0,Vietnam Electricity (EVN),Open Development Vietnam,https://data.opendevelopmentmekong.net/vi/library_record/suoi-vang-hydropower,Open Development Vietnam,,
VNM,Vietnam,Dak Glun,WRI1030801,18.0,12.0252,107.1834,Hydro,,,,2011.0,Sai Gon Accessories JSC,Open Development Vietnam,https://data.opendevelopmentmekong.net/vi/library_record/dak-glun-hydropower,Open Development Vietnam,,
VNM,Vietnam,Da Kai,WRI1030802,6.0,12.0838,108.5953,Hydro,,,,,Nghia Gia Development Company Limited,Open Development Vietnam,https://data.opendevelopmentmekong.net/vi/library_record/da-kai-hydropower,Open Development Vietnam,,
VNM,Vietnam,Da Nhim Thuong 2,WRI1030803,7.5,12.1161,108.5852,Hydro,,,,2010.0,Thai Bao Production Trading Services and Investment Consultancy JSC.,Open Development Vietnam,https://data.opendevelopmentmekong.net/vi/library_record/da-nhim-thuong-hydropower,Open Development Vietnam,1089302,
VNM,Vietnam,Dac Me,WRI1030804,5.0,12.1333,108.3130,Hydro,,,,2011.0,Dak Me Hydro Power JSC.,Open Development Vietnam,https://data.opendevelopmentmekong.net/vi/library_record/dac-me-hydropower,Open Development Vietnam,1106192,
VNM,Vietnam,Yan-Tann-Sien,WRI1030805,19.5,12.1526,108.3787,Hydro,,,,2010.0,Cao Nguyen - Song Da Hydro Power JSC.,Open Development Vietnam,https://data.opendevelopmentmekong.net/vi/library_record/yan-tann-sien-hydropower,Open Development Vietnam,1076784,
VNM,Vietnam,Dak N'teng,WRI1030806,13.0,12.1958,107.9268,Hydro,,,,2011.0,Me Kong Hydro Power Limited Liability Company,Open Development Vietnam,https://data.opendevelopmentmekong.net/vi/library_record/dak-nteng-hydropower,Open Development Vietnam,1106194,
VNM,Vietnam,Krong No 3,WRI1030807,18.0,12.2117,108.2847,Hydro,,,,2016.0,Trung Nam Power,Open Development Vietnam,https://data.opendevelopmentmekong.net/vi/library_record/krong-no-3-hydropower,Open Development Vietnam,,
VNM,Vietnam,Buon Tua Srah,WRI1030808,86.0,12.2852,108.0383,Hydro,,,,2009.0,Vietnam Electricity (EVN),Open Development Vietnam,https://data.opendevelopmentmekong.net/vi/library_record/buon-tua-srah-hydropower,Open Development Vietnam,1061939,
VNM,Vietnam,Song Giang 2,WRI1030809,37.0,12.3729,108.8374,Hydro,,,,2014.0,Song Giang Hydropower Exploitation JSC,Open Development Vietnam,https://data.opendevelopmentmekong.net/vi/library_record/song-giang-2-hydropower,Open Development Vietnam,1076335,
VNM,Vietnam,Krong Kmar,WRI1030810,12.0,12.4520,108.3372,Hydro,,,,2008.0,Song Da Investment and Development JSC,Open Development Vietnam,https://data.opendevelopmentmekong.net/vi/library_record/krong-kmar-hydropower,Open Development Vietnam,1073311,
VNM,Vietnam,Buon Kuop,WRI1030811,280.0,12.5305,107.9243,Hydro,,,,2011.0,Vietnam Electricity (EVN),Open Development Vietnam,https://data.opendevelopmentmekong.net/vi/library_record/buon-kuop-hydropower,Open Development Vietnam,1034994,
VNM,Vietnam,Dray H'Linh 1,WRI1030812,12.0,12.6712,107.9075,Hydro,,,,1990.0,,Open Development Vietnam,https://vietnam.opendevelopmentmekong.net/dataset/?id=danh-sach-cac-th-y-di-n-t-i-vi-t-nam-tinh-d-n-thang-06-2016&search_query=P3BhZ2U9Mg==,Open Development Vietnam,1059171,
VNM,Vietnam,Dray H'Linh 2,WRI1030813,16.0,12.6757,107.9041,Hydro,,,,2007.0,Dien Luc 3 Hydro Power JSC.,Open Development Vietnam,https://data.opendevelopmentmekong.net/vi/library_record/dray-hlinh-2-hydropower,Open Development Vietnam,1059171,
VNM,Vietnam,SrePok 3,WRI1030814,220.0,12.7524,107.8768,Hydro,,,,2009.0,Vietnam Electricity (EVN),Open Development Vietnam,https://data.opendevelopmentmekong.net/vi/library_record/srepok-3-hydropower,Open Development Vietnam,1064340,
VNM,Vietnam,Ea MDoal 3,WRI1030815,5.0,12.7999,108.9287,Hydro,,,,2010.0,Me Kong Construction JSC.,Open Development Vietnam,https://data.opendevelopmentmekong.net/vi/library_record/ea-mdoal-3-hydropower,Open Development Vietnam,,
VNM,Vietnam,SrePok 4,WRI1030816,80.0,12.8072,107.8551,Hydro,,,,2010.0,Dai Hai Electricity Investment and Development JSC,Open Development Vietnam,https://data.opendevelopmentmekong.net/vi/library_record/srepok-4-hydropower,Open Development Vietnam,1068212,
VNM,Vietnam,Sre Pok 4a,WRI1030817,64.0,12.8935,107.8123,Hydro,,,,2014.0,Buon Don Hydro Power JSC.,Open Development Vietnam,https://data.opendevelopmentmekong.net/vi/library_record/srepok-4a-hydropower,Open Development Vietnam,,
VNM,Vietnam,Song Hinh,WRI1030818,70.0,12.9281,108.9936,Hydro,,,,2001.0,Vinh Son- Song Hinh Hydropower JSC,Open Development Vietnam,https://data.opendevelopmentmekong.net/vi/library_record/song-hinh-hydropower,Open Development Vietnam,1025664,
VNM,Vietnam,Song Ba Ha,WRI1030819,220.0,13.0226,108.9039,Hydro,,,,2008.0,Song Ba Ha JSC.,Open Development Vietnam,https://data.opendevelopmentmekong.net/vi/library_record/song-ba-ha-hydropower,Open Development Vietnam,1053566,
VNM,Vietnam,Dak Srong 3B,WRI1030820,20.0,13.3381,108.5587,Hydro,,,,2012.0,Hoang Anh Gia Lai JSC.,Open Development Vietnam,https://data.opendevelopmentmekong.net/vi/library_record/dak-srong-3b-hydropower,Open Development Vietnam,1093344|1080446|1100704,
VNM,Vietnam,Dak Srong 3A,WRI1030821,10.0,13.3473,108.5323,Hydro,,,,2014.0,Hoang Anh Gia Lai JSC.,Open Development Vietnam,https://data.opendevelopmentmekong.net/vi/library_record/dak-srong-3a-hydropower,Open Development Vietnam,1080446|1100704,
VNM,Vietnam,Ayun Ha,WRI1030822,3.0,13.5809,108.2592,Hydro,,,,,Gia Lai Electricity JSC.,Open Development Vietnam,https://data.opendevelopmentmekong.net/vi/library_record/ayun-ha-hydropower,Open Development Vietnam,1107818,
VNM,Vietnam,Dak Srong 2,WRI1030823,24.0,13.6786,108.5649,Hydro,,,,2010.0,Hoang Anh Gia Lai JSC.,Open Development Vietnam,https://data.opendevelopmentmekong.net/vi/library_record/dak-srong-2-hydropower,Open Development Vietnam,1078799,
VNM,Vietnam,Ia Drang 2,WRI1030824,1.2,13.7389,107.8508,Hydro,,,,,Gia Lai Electricity JSC.,Open Development Vietnam,https://data.opendevelopmentmekong.net/vi/library_record/ia-drang-2-hydropower,Open Development Vietnam,,
VNM,Vietnam,Ia Grai 2,WRI1030825,7.5,13.9756,107.7928,Hydro,,,,2014.0,Quoc Cuong Gia Lai JSC,Open Development Vietnam,https://data.opendevelopmentmekong.net/vi/library_record/ia-grai-2-hydropower,Open Development Vietnam,1099083,
VNM,Vietnam,Ia Grai 1,WRI1030826,10.8,13.9757,107.7278,Hydro,,,,2012.0,Quoc Cuong Gia Lai JSC,Open Development Vietnam,https://data.opendevelopmentmekong.net/vi/library_record/ia-grai-1-hydropower,Open Development Vietnam,,
VNM,Vietnam,Se San 4,WRI1030827,360.0,13.9678,107.4953,Hydro,,,,2009.0,Se San Hydropower Development Company,Open Development Vietnam,https://data.opendevelopmentmekong.net/vi/library_record/se-san-4-hydropower,Open Development Vietnam,1055760,
VNM,Vietnam,An Khe - Kanak,WRI1030828,173.0,14.0148,108.6796,Hydro,,,,2009.0,An Khe - Ka Nak Hydro Power Company,Open Development Vietnam,https://data.opendevelopmentmekong.net/vi/library_record/an-khe-kanak-hydropower,Open Development Vietnam,1063767,
VNM,Vietnam,Ia Grai 3,WRI1030829,7.5,14.0222,107.6490,Hydro,,,,2007.0,Song Da 4 JSC.,Open Development Vietnam,https://data.opendevelopmentmekong.net/vi/library_record/ia-grai-3-hydropower,Open Development Vietnam,1099083,
VNM,Vietnam,Se San 3A,WRI1030830,108.0,14.1063,107.6577,Hydro,,,,2007.0,Se San 3A Hydropower JSC.,Open Development Vietnam,https://data.opendevelopmentmekong.net/vi/library_record/se-san-3a-hydropower,Open Development Vietnam,1055761,
VNM,Vietnam,Dinh Binh,WRI1030831,9.9,14.1565,108.7727,Hydro,,,,2008.0,Dinh Binh Hydropower JSC,Open Development Vietnam,https://data.opendevelopmentmekong.net/vi/library_record/dinh-binh-hydropower,Open Development Vietnam,,
VNM,Vietnam,Dak Doa,WRI1030832,14.0,14.1847,108.1064,Hydro,,,,2010.0,Dak Doa Hydropower JSC.,Open Development Vietnam,https://data.opendevelopmentmekong.net/vi/library_record/dak-doa-hydropower,Open Development Vietnam,1090237,
VNM,Vietnam,Ry Ninh,WRI1030833,3.6,14.2090,107.8141,Hydro,,,,,Ry Ninh Hydro Power Enterprise,Open Development Vietnam,https://data.opendevelopmentmekong.net/vi/library_record/ry-ninh-hydropower,Open Development Vietnam,1068340,
VNM,Vietnam,Se San 3,WRI1030834,260.0,14.2152,107.7222,Hydro,,,,2006.0,Ialy Hydro Power Company (member of EVN),Open Development Vietnam,https://data.opendevelopmentmekong.net/vi/library_record/se-san-3-hydropower,Open Development Vietnam,1015292,
VNM,Vietnam,Ialy,WRI1030835,720.0,14.2274,107.8294,Hydro,,,,2002.0,Ialy Hydro Power Company (member of EVN),Open Development Vietnam,https://data.opendevelopmentmekong.net/vi/library_record/ia-ly-hydropower,Open Development Vietnam,,
VNM,Vietnam,Vinh Son 5,WRI1030836,28.0,14.3611,108.7203,Hydro,,,,2014.0,Vinh Son Hydropower Investment JSC,Open Development Vietnam,https://data.opendevelopmentmekong.net/vi/library_record/vinh-son-hydropower,Open Development Vietnam,1099920,
VNM,Vietnam,Vinh Son,WRI1030837,66.0,14.3656,108.6943,Hydro,,,,2001.0,Vinh Son- Song Hinh Hydropower JSC,Open Development Vietnam,https://data.opendevelopmentmekong.net/vi/library_record/vinh-son,Open Development Vietnam,1025684,
VNM,Vietnam,PleiKrong,WRI1030838,100.0,14.4084,107.8630,Hydro,,,,2009.0,Ialy Hydro Power Company ( a member of Vietnam Electricity (EVN)),Open Development Vietnam,https://data.opendevelopmentmekong.net/vi/library_record/pleikrong-hydropower,Open Development Vietnam,,
VNM,Vietnam,Dak Po ne 2,WRI1030839,3.6,14.5260,108.2992,Hydro,,,,2008.0,Gia Nghi Co.  Ltd,Open Development Vietnam,https://data.opendevelopmentmekong.net/vi/library_record/dak-po-ne-2-hydropower,Open Development Vietnam,1076635,
VNM,Vietnam,Dak Ne,WRI1030840,8.1,14.5281,108.2191,Hydro,,,,2010.0,Tan Phat JSC.,Open Development Vietnam,https://data.opendevelopmentmekong.net/vi/library_record/dak-ne-hydropower,Open Development Vietnam,,
VNM,Vietnam,Dak Po Ne,WRI1030841,15.6,14.5759,108.3049,Hydro,,,,2009.0,PC 3 Investment JSC.,Open Development Vietnam,https://data.opendevelopmentmekong.net/vi/library_record/dak-po-ne-hydropower,Open Development Vietnam,,
VNM,Vietnam,Dak Psi 3,WRI1030842,15.0,14.6613,107.9367,Hydro,,,,2012.0,Dak Psi Hydro Power Investment and Development JSC,Open Development Vietnam,https://data.opendevelopmentmekong.net/vi/library_record/dak-psi-3,Open Development Vietnam,1084778,
VNM,Vietnam,Dak Pia,WRI1030843,2.2,14.6651,108.1593,Hydro,,,,2012.0,Trung Viet Co. Ltd.,Open Development Vietnam,https://data.opendevelopmentmekong.net/vi/library_record/dak-pia-hydropower,Open Development Vietnam,,
VNM,Vietnam,Thuong Kon Tum,WRI1030844,220.0,14.6941,108.2299,Hydro,,,,2014.0,Vinh Son- Song Hinh Hydropower JSC,Open Development Vietnam,https://data.opendevelopmentmekong.net/vi/library_record/thuong-kon-tum-hydropower,Open Development Vietnam,,
VNM,Vietnam,Kon Dao,WRI1030845,1.0,14.6967,107.8258,Hydro,,,,1984.0,,Open Development Vietnam,https://data.opendevelopmentmekong.net/vi/library_record/kon-dao-hydropower,Open Development Vietnam,,
VNM,Vietnam,Dak Ro Sa 2,WRI1030846,2.4,14.7135,107.8211,Hydro,,,,2012.0,Dak Ro Sa Hydropower JSC,Open Development Vietnam,https://data.opendevelopmentmekong.net/vi/library_record/dak-ro-sa-2-hydropower,Open Development Vietnam,1064148,
VNM,Vietnam,Dak Ro Sa,WRI1030847,7.5,14.7473,107.8358,Hydro,,,,2007.0,Mien Trung Construction Corporation,Open Development Vietnam,https://data.opendevelopmentmekong.net/vi/library_record/dak-ro-sa-hydropower,Open Development Vietnam,1064148,
VNM,Vietnam,Dak Psi 4,WRI1030848,30.0,14.7684,108.0027,Hydro,,,,2010.0,Dak Psi Hydro Power Investment and Development JSC,Open Development Vietnam,https://data.opendevelopmentmekong.net/vi/library_record/dak-psi-4-hydropower,Open Development Vietnam,1084777,
VNM,Vietnam,Dak Lay,WRI1030849,3.2,14.7979,108.0074,Hydro,,,,2015.0,Dak Lay Hydropower Co.  Ltd,Open Development Vietnam,https://data.opendevelopmentmekong.net/vi/library_record/dak-lay-hydropower,Open Development Vietnam,,
VNM,Vietnam,DakDrinh,WRI1030850,125.0,14.9785,108.3013,Hydro,,,,2014.0,Dak Drinh Hydro Power JSC. (PV Power),Open Development Vietnam,https://data.opendevelopmentmekong.net/vi/library_record/dak-drinh-hydropower,Open Development Vietnam,1069068,
VNM,Vietnam,Nuoc Trong,WRI1030851,16.5,15.0809,108.4118,Hydro,,,,2012.0,Nuoc Trong Hydropower JSC,Open Development Vietnam,https://data.opendevelopmentmekong.net/vi/library_record/nuoc-trong-hydropower,Open Development Vietnam,1100707,
VNM,Vietnam,Ta Vi,WRI1030852,3.0,15.2624,108.1466,Hydro,,,,2011.0,Manh Nam Pressure Mechanical JSC,Open Development Vietnam,https://data.opendevelopmentmekong.net/vi/library_record/ta-vi-hydropower,Open Development Vietnam,,
VNM,Vietnam,Song Tranh 2,WRI1030853,190.0,15.3312,108.1478,Hydro,,,,2010.0,Vietnam Electricity (EVN),Open Development Vietnam,https://data.opendevelopmentmekong.net/vi/library_record/song-tranh-2-hydropower,Open Development Vietnam,1053565,
VNM,Vietnam,Song Tranh 3,WRI1030854,62.0,15.4443,108.1430,Hydro,,,,2013.0,Song Tranh 3 Hydro Power JSC,Open Development Vietnam,https://data.opendevelopmentmekong.net/vi/library_record/song-tranh-3-hydropower,Open Development Vietnam,1053565,
VNM,Vietnam,Dak Mi 4,WRI1030855,190.0,15.4590,107.9124,Hydro,,,,2012.0,Viet Nam Urban and Idustrial Zone Investing Developing Corporation,Open Development Vietnam,https://data.opendevelopmentmekong.net/vi/library_record/dak-mi-4-hydropower,Open Development Vietnam,,
VNM,Vietnam,Dak Mi 4C,WRI1030856,18.0,15.4642,107.9290,Hydro,,,,2012.0,Viet Nam Urban and Idustrial Zone Investing Developing Corporation,Open Development Vietnam,https://data.opendevelopmentmekong.net/vi/library_record/dak-mi-4c-hydropower,Open Development Vietnam,1084781,
VNM,Vietnam,Song Bung 4,WRI1030857,156.0,15.7258,107.6512,Hydro,,,,2015.0,Vietnam Electricity (EVN),Open Development Vietnam,https://data.opendevelopmentmekong.net/vi/library_record/song-bung-4-hydropower,Open Development Vietnam,1067975,
VNM,Vietnam,Song Bung 4A,WRI1030858,49.0,15.7646,107.6802,Hydro,,,,2012.0,Phu Thanh My JSC.,Open Development Vietnam,https://data.opendevelopmentmekong.net/vi/library_record/song-bung-4a-hydropower,Open Development Vietnam,1080164,
VNM,Vietnam,A Vuong,WRI1030859,210.0,15.7998,107.6171,Hydro,,,,2008.0,A Vuong Hydro Power JSC,Open Development Vietnam,https://data.opendevelopmentmekong.net/vi/library_record/a-vuong-hydropower,Open Development Vietnam,1053568,
VNM,Vietnam,Song Bung 5,WRI1030860,57.0,15.8077,107.7472,Hydro,,,,2013.0,Power Engineering Consulting JSC.,Open Development Vietnam,https://data.opendevelopmentmekong.net/vi/library_record/song-bung-5-hydropower,Open Development Vietnam,1078030,
VNM,Vietnam,Song Bung 6,WRI1030861,29.0,15.8186,107.7787,Hydro,,,,2012.0,Bung River Hydro Power JSC,Open Development Vietnam,https://data.opendevelopmentmekong.net/vi/library_record/song-bung-6-hydropower,Open Development Vietnam,,
VNM,Vietnam,ZaHung,WRI1030862,30.0,15.8600,107.6538,Hydro,,,,2009.0,Za Hungt JSC.,Open Development Vietnam,https://data.opendevelopmentmekong.net/vi/library_record/za-hung-hydropower,Open Development Vietnam,,
VNM,Vietnam,Song Con 2,WRI1030863,63.0,15.9332,107.8081,Hydro,,,,2009.0,Geruco Song Con Hydropower JSC,Open Development Vietnam,https://data.opendevelopmentmekong.net/vi/library_record/song-con-2-hydropower,Open Development Vietnam,1059169,
VNM,Vietnam,A Luoi,WRI1030864,170.0,16.2266,107.2728,Hydro,,,,2012.0,Central Hydro Power JSC,Open Development Vietnam,https://data.opendevelopmentmekong.net/vi/library_record/a-luoi-hydropower,Open Development Vietnam,1067046,
VNM,Vietnam,Ta Trach,WRI1030865,21.0,16.3164,107.6374,Hydro,,,,2013.0,Bitexco Group,Open Development Vietnam,https://data.opendevelopmentmekong.net/vi/library_record/ta-trach-hydropower,Open Development Vietnam,1105950,
VNM,Vietnam,Binh Dien,WRI1030866,44.0,16.3172,107.5028,Hydro,,,,2009.0,Binh Dien Hydro Power JSC,Open Development Vietnam,https://data.opendevelopmentmekong.net/vi/library_record/binh-dien-hydropower,Open Development Vietnam,1062646,
VNM,Vietnam,Huong Dien,WRI1030867,81.0,16.4601,107.4233,Hydro,,,,2010.0,HD Investment JSC,Open Development Vietnam,https://data.opendevelopmentmekong.net/vi/library_record/huong-dien-hydropower,Open Development Vietnam,1063196,
VNM,Vietnam,Khe Ron,WRI1030868,6.0,17.9168,105.9706,Hydro,,,,2009.0,Truong Thinh Group JSC.,Open Development Vietnam,https://data.opendevelopmentmekong.net/vi/library_record/khe-ron-hydropower,Open Development Vietnam,,
VNM,Vietnam,Ho Ho,WRI1030869,14.0,18.0464,105.8334,Hydro,,,,2010.0,Nothern 1 Electricity Investment and Development JSC,Open Development Vietnam,https://data.opendevelopmentmekong.net/vi/library_record/ho-ho-hydropower,Open Development Vietnam,1060618,
VNM,Vietnam,Ke Go,WRI1030870,2.3,18.1953,105.9280,Hydro,,,,1988.0,Ke Go Hydropower JSC,Open Development Vietnam,https://data.opendevelopmentmekong.net/vi/library_record/ke-go-hydropower,Open Development Vietnam,,
VNM,Vietnam,Huong Son,WRI1030871,33.0,18.4460,105.1513,Hydro,,,,2012.0,Huong Son Hydropower JSC,Open Development Vietnam,https://data.opendevelopmentmekong.net/vi/library_record/huong-son-hydropower,Open Development Vietnam,1060041,
VNM,Vietnam,Ban Ve,WRI1030872,320.0,19.3404,104.4873,Hydro,,,,2010.0,Vietnam Electricity (EVN),Open Development Vietnam,https://data.opendevelopmentmekong.net/vi/library_record/ban-ve-hydropower,Open Development Vietnam,1053563,
VNM,Vietnam,Nam Mo,WRI1030873,18.0,19.4142,104.1123,Hydro,,,,2013.0,Nghe An Energy Development Corporation JSC,Open Development Vietnam,https://data.opendevelopmentmekong.net/vi/library_record/nam-mo-hydropower,Open Development Vietnam,1101242,
VNM,Vietnam,Nam Pong,WRI1030874,32.0,19.5184,105.0377,Hydro,,,,2014.0,Za Hungt JSC.,Open Development Vietnam,https://data.opendevelopmentmekong.net/vi/library_record/nam-pong-hydropower,Open Development Vietnam,,
VNM,Vietnam,Ban Coc,WRI1030875,18.0,19.6053,104.8590,Hydro,,,,2009.0,Que Phong Hydropower JSC,Open Development Vietnam,https://data.opendevelopmentmekong.net/vi/library_record/ban-coc-hydropower,Open Development Vietnam,1059170,
VNM,Vietnam,Song Muc,WRI1030876,2.0,19.6106,105.5416,Hydro,,,,2008.0,Song Muc Co. Ltd,Open Development Vietnam,https://data.opendevelopmentmekong.net/vi/library_record/song-muc-hydropower,Open Development Vietnam,1068456,
VNM,Vietnam,Sao Va,WRI1030877,3.0,19.6605,104.9386,Hydro,,,,2010.0,Que Phong Hydropower JSC,Open Development Vietnam,https://data.opendevelopmentmekong.net/vi/library_record/sao-va-hydropower,Open Development Vietnam,,
VNM,Vietnam,Hua Na,WRI1030878,180.0,19.8381,105.0846,Hydro,,,,2013.0,Hua Na Hydropower JSC,Open Development Vietnam,https://data.opendevelopmentmekong.net/vi/library_record/hua-na-hydropower,Open Development Vietnam,1069464,
VNM,Vietnam,Cua Dat,WRI1030879,97.0,19.8782,105.2731,Hydro,,,,2010.0,Vinaconex P&C JSC.,Open Development Vietnam,https://data.opendevelopmentmekong.net/vi/library_record/cua-dat-hydropower,Open Development Vietnam,1053567,
VNM,Vietnam,Ba Thuoc 2,WRI1030880,80.0,20.3210,105.3281,Hydro,,,,2012.0,Hoang Anh Hydropower JSC,Open Development Vietnam,https://data.opendevelopmentmekong.net/vi/library_record/ba-thuoc-2-hydropower,Open Development Vietnam,1080448,
VNM,Vietnam,Hoa Binh,WRI1030881,1920.0,20.8082,105.3233,Hydro,,,,1988.0,Vietnam Electricity (EVN),Open Development Vietnam,https://data.opendevelopmentmekong.net/vi/library_record/hoa-binh-hydropower,Open Development Vietnam,1025657,
VNM,Vietnam,Ta Niet,WRI1030882,3.6,20.8944,104.5229,Hydro,,,,2014.0,Ta Niet Hydro Power JSC,Open Development Vietnam,https://data.opendevelopmentmekong.net/vi/library_record/ta-niet-hydropower,Open Development Vietnam,,
VNM,Vietnam,Sap Viet,WRI1030883,21.0,21.0315,104.2138,Hydro,,,,,Sap Viet Hydro Power JSC,Open Development Vietnam,https://data.opendevelopmentmekong.net/vi/library_record/sap-viet-hydropower,Open Development Vietnam,,
VNM,Vietnam,Suoi Sap 3,WRI1030884,14.0,21.2235,104.4954,Hydro,,,,2011.0,Bac Minh Development Investment JSC.,Open Development Vietnam,https://data.opendevelopmentmekong.net/vi/library_record/suoi-sap-3-hydropower,Open Development Vietnam,1106292,
VNM,Vietnam,Hang Dong A1,WRI1030885,8.4,21.2658,104.5407,Hydro,,,,2012.0,Xuan Thien Trading Construction Investment and Development Co,Open Development Vietnam,https://vietnam.opendevelopmentmekong.net/dataset/?id=danh-sach-cac-th-y-di-n-t-i-vi-t-nam-tinh-d-n-thang-06-2016&search_query=P3BhZ2U9Mg==,Open Development Vietnam,1093412,
VNM,Vietnam,Nam Mo 3,WRI1030886,10.0,21.3198,104.3022,Hydro,,,,2009.0,Nam Mo Hydro Power JSC,Open Development Vietnam,https://data.opendevelopmentmekong.net/vi/library_record/nam-mo-3-hydropower,Open Development Vietnam,1069183,
VNM,Vietnam,Nam Luc,WRI1030887,24.0,21.3412,104.3498,Hydro,,,,,South East Asia Corporation,Open Development Vietnam,https://vietnam.opendevelopmentmekong.net/dataset/?id=danh-sach-cac-th-y-di-n-t-i-vi-t-nam-tinh-d-n-thang-06-2016&search_query=P3BhZ2U9Mg==,Open Development Vietnam,,
VNM,Vietnam,Xim Vang 2,WRI1030888,6.6,21.3412,104.3498,Hydro,,,,,Xim Vang Hydro Power JSC,Open Development Vietnam,https://data.opendevelopmentmekong.net/vi/library_record/xim-vang-2-hydropower,Open Development Vietnam,,
VNM,Vietnam,Nam Hoa 1,WRI1030890,18.0,21.3557,103.4076,Hydro,,,,2015.0,ANPHA Hydro Power JSC,Open Development Vietnam,https://data.opendevelopmentmekong.net/vi/library_record/nam-hoa-1-hydropower,Open Development Vietnam,,
VNM,Vietnam,Suoi Lum 1,WRI1030891,20.0,21.3884,104.2310,Hydro,,,,2013.0,Nam Lum Hydro Power JSC.,Open Development Vietnam,https://data.opendevelopmentmekong.net/vi/library_record/suoi-lum-1-hydropower,Open Development Vietnam,1088821,
VNM,Vietnam,Nam La,WRI1030892,32.0,21.4049,103.9836,Hydro,,,,2011.0,Noth West VIWASWEEN Hydro Power JSC.,Open Development Vietnam,https://data.opendevelopmentmekong.net/vi/library_record/nam-la-hydropower,Open Development Vietnam,1071707,
VNM,Vietnam,Nam Pia,WRI1030893,15.0,21.4452,104.1691,Hydro,,,,2009.0,Lam Son Construction & Commerce Co.  Ltd,Open Development Vietnam,https://data.opendevelopmentmekong.net/vi/library_record/nam-pia-hydropower,Open Development Vietnam,1068452,
VNM,Vietnam,Chieng Cong 2,WRI1030894,8.0,21.4572,104.2104,Hydro,,,,,Lam Son Construction & Trading Co.  Ltd,Open Development Vietnam,https://vietnam.opendevelopmentmekong.net/dataset/?id=danh-sach-cac-th-y-di-n-t-i-vi-t-nam-tinh-d-n-thang-06-2016&search_query=P3BhZ2U9Mg==,Open Development Vietnam,,
VNM,Vietnam,Thac Trang,WRI1030895,6.0,21.4580,103.0782,Hydro,,,,2006.0,Song Da 11 JSC,Open Development Vietnam,https://data.opendevelopmentmekong.net/vi/library_record/thac-trang-hydropower,Open Development Vietnam,1065301,
VNM,Vietnam,Chieng Cong 1,WRI1030896,4.0,21.4707,104.1852,Hydro,,,,,Lam Son Construction & Trading Co.  Ltd,Open Development Vietnam,https://vietnam.opendevelopmentmekong.net/dataset/?id=danh-sach-cac-th-y-di-n-t-i-vi-t-nam-tinh-d-n-thang-06-2016&search_query=P3BhZ2U9Mg==,Open Development Vietnam,1106193,
VNM,Vietnam,Pa Chien,WRI1030897,22.0,21.4760,104.0403,Hydro,,,,2013.0,Pa Chien Hydro Power JSC.,Open Development Vietnam,https://data.opendevelopmentmekong.net/vi/library_record/pa-chien-hydropower,Open Development Vietnam,1090685,
VNM,Vietnam,Na Loi,WRI1030898,9.3,21.4687,103.0584,Hydro,,,,2003.0,Na Loi Hydropower JSC,Open Development Vietnam,https://data.opendevelopmentmekong.net/vi/library_record/na-loi-hydropower,Open Development Vietnam,1099084,
VNM,Vietnam,Son La,WRI1030899,2400.0,21.4971,103.9960,Hydro,,,,2012.0,Vietnam Electricity (EVN),Open Development Vietnam,https://data.opendevelopmentmekong.net/vi/library_record/son-la-hydropower,Open Development Vietnam,1025662,
VNM,Vietnam,Nam Chien 2,WRI1030900,32.0,21.5001,104.0908,Hydro,,,,2009.0,North - West Electricity Investment & Development JSC.,Open Development Vietnam,https://data.opendevelopmentmekong.net/vi/library_record/nam-chien-2,Open Development Vietnam,1060281,
VNM,Vietnam,Hat Liu,WRI1030901,5.0,21.5067,104.3622,Hydro,,,,2014.0,Yen Bai Electricity Investment and Developmet JSC.(FDI),Open Development Vietnam,https://data.opendevelopmentmekong.net/vi/library_record/hat-liu-hydropower,Open Development Vietnam,,
VNM,Vietnam,Cam Son,WRI1030902,4.5,21.5438,106.5105,Hydro,,,,1973.0,Cam Son Hydro Power JSC.,Open Development Vietnam,https://data.opendevelopmentmekong.net/vi/library_record/cam-son-hydropower,Open Development Vietnam,,
VNM,Vietnam,Ho Nui Coc,WRI1030903,1.89,21.5565,105.7300,Hydro,,,,2009.0,Nui Coc Lake Hydropower JSC.,Open Development Vietnam,https://data.opendevelopmentmekong.net/vi/library_record/ho-nui-coc-hydropower,Open Development Vietnam,1071685,
VNM,Vietnam,Nam Khot,WRI1030904,14.0,21.6315,104.1718,Hydro,,,,2011.0,Nam Khot Hydropower JSC.,Open Development Vietnam,https://data.opendevelopmentmekong.net/vi/library_record/nam-khot-hydropower,Open Development Vietnam,1082322|1082323,
VNM,Vietnam,Huoi Quang,WRI1030905,520.0,21.6965,103.8776,Hydro,,,,2015.0,Vietnam Electricity (EVN),Open Development Vietnam,https://data.opendevelopmentmekong.net/vi/library_record/huoi-quang-hydropower,Open Development Vietnam,1060278,
VNM,Vietnam,Thac Ba,WRI1030906,120.0,21.7471,105.0233,Hydro,,,,1971.0,Thac Ba Hydropower JSC.,Open Development Vietnam,https://data.opendevelopmentmekong.net/vi/library_record/thac-ba-hydropower,Open Development Vietnam,1025666,
VNM,Vietnam,Ngoi Hut 2,WRI1030907,48.0,21.7938,104.3324,Hydro,,,,2014.0,Truong Thanh Investment Construction and Development JSC,Open Development Vietnam,https://data.opendevelopmentmekong.net/vi/library_record/ngoi-hut-2-hydropower,Open Development Vietnam,1084775,
VNM,Vietnam,Nam Muc,WRI1030908,44.0,21.7981,103.2935,Hydro,,,,2014.0,Nam Muc Hydro Power JSC,Open Development Vietnam,https://data.opendevelopmentmekong.net/vi/library_record/nam-muc-hydropower,Open Development Vietnam,1068111,
VNM,Vietnam,Ngoi Hut 1,WRI1030909,8.4,21.8093,104.4361,Hydro,,,,2011.0,Song Hong Joint Stock Corporation,Open Development Vietnam,https://data.opendevelopmentmekong.net/vi/library_record/ngoi-hut-1-hydropower,Open Development Vietnam,1062841,
VNM,Vietnam,Ban Chat,WRI1030910,220.0,21.8612,103.8286,Hydro,,,,2013.0,Vietnam Electricity (EVN),Open Development Vietnam,https://data.opendevelopmentmekong.net/vi/library_record/ban-chat-hydropower,Open Development Vietnam,1060279,
VNM,Vietnam,Muong Kim,WRI1030911,13.5,21.8718,103.9062,Hydro,,,,2010.0,Hanoi Electrical Equipment JSC.,Open Development Vietnam,https://data.opendevelopmentmekong.net/vi/library_record/muong-kim-hydropower,Open Development Vietnam,1110991,
VNM,Vietnam,Ho Bon,WRI1030912,18.0,21.8778,103.9420,Hydro,,,,2012.0,Forth Lake Hydropower JSC,Open Development Vietnam,https://data.opendevelopmentmekong.net/vi/library_record/ho-bon-hydropower,Open Development Vietnam,1067306,
VNM,Vietnam,Lai Chau,WRI1030913,1200.0,22.1379,102.9839,Hydro,,,,2015.0,Vietnam Electricity (EVN),Open Development Vietnam,https://data.opendevelopmentmekong.net/vi/library_record/lai-chau-hydropower,Open Development Vietnam,1060280,
VNM,Vietnam,Nam Cat,WRI1030914,5.0,22.1379,102.9839,Hydro,,,,,Northern Cement Comercial JSC,Open Development Vietnam,https://data.opendevelopmentmekong.net/vi/library_record/nam,Open Development Vietnam,,
VNM,Vietnam,Nam Cat,WRI1030915,3.2,22.2016,105.7776,Hydro,,,,2012.0,Bac Kan Hydropower  Petro & Gasoline JSC,Open Development Vietnam,https://data.opendevelopmentmekong.net/vi/library_record/nam-cat-hydropower,Open Development Vietnam,1069854,
VNM,Vietnam,Seo Chong Ho,WRI1030916,22.0,22.2481,103.8963,Hydro,,,,2013.0,Vietnam-China Electricity Investment Co.  Ltd,Open Development Vietnam,https://data.opendevelopmentmekong.net/vi/library_record/seo-chong-ho-hydropower,Open Development Vietnam,1067850,
VNM,Vietnam,Su Pan 2,WRI1030917,34.5,22.2647,103.9622,Hydro,,,,2011.0,Song da- Hoang Lien Hydropower JSC.,Open Development Vietnam,https://data.opendevelopmentmekong.net/vi/library_record/su-pan-2-hydropower,Open Development Vietnam,1074411,
VNM,Vietnam,Coc Ly,WRI1030918,90.0,22.2985,103.1613,Hydro,,,,2012.0,Bac Ha Hydropower Company,Open Development Vietnam,https://data.opendevelopmentmekong.net/vi/library_record/coc-ly-hydropower,Open Development Vietnam,,
VNM,Vietnam,Nam Na 3,WRI1030919,84.0,22.2985,103.1613,Hydro,,,,2015.0,Hung Hai Lai Chau Construction Co.  Ltd,Open Development Vietnam,https://data.opendevelopmentmekong.net/vi/library_record/nam-na-3-hydropower,Open Development Vietnam,1084776,
VNM,Vietnam,Ta Thang,WRI1030920,60.0,22.2987,104.0221,Hydro,,,,2013.0,Lao Cai Vietracimex Electricity JSC.,Open Development Vietnam,https://data.opendevelopmentmekong.net/vi/library_record/ta-thang-hydropower,Open Development Vietnam,1067305,
VNM,Vietnam,Lao Chai,WRI1030921,2.4,22.3100,103.8599,Hydro,,,,2013.0,Hong Ngoc Co.  Ltd,Open Development Vietnam,https://data.opendevelopmentmekong.net/vi/library_record/lao-chai-hydropower,Open Development Vietnam,,
VNM,Vietnam,Tuyen Quang,WRI1030922,342.0,22.3600,105.3985,Hydro,,,,2008.0,Vietnam Electricity (EVN),Open Development Vietnam,https://data.opendevelopmentmekong.net/vi/library_record/tuyen-quang-hydropower,Open Development Vietnam,1053562,
VNM,Vietnam,Coc San,WRI1030923,30.0,22.4144,103.9066,Hydro,,,,2016.0,Colben Energy JSC.,Open Development Vietnam,https://data.opendevelopmentmekong.net/vi/library_record/coc-san-hydropower,Open Development Vietnam,1067301,
VNM,Vietnam,Sung Vui,WRI1030924,18.0,22.4344,103.8210,Hydro,,,,,Nam Tien Lao Cai JSC.,Open Development Vietnam,https://vietnam.opendevelopmentmekong.net/dataset/?id=danh-sach-cac-th-y-di-n-t-i-vi-t-nam-tinh-d-n-thang-06-2016&search_query=P3BhZ2U9Mg==,Open Development Vietnam,1085770,
VNM,Vietnam,Ngoi Xan 1,WRI1030925,10.5,22.4734,103.8729,Hydro,,,,2007.0,Nam Tien Lao Cai JSC.,Open Development Vietnam,https://data.opendevelopmentmekong.net/vi/library_record/ngoi-xan-1-hydropower,Open Development Vietnam,1085769,
VNM,Vietnam,Ngoi Xan 2,WRI1030926,8.0,22.4754,103.8595,Hydro,,,,2008.0,Nam Tien Lao Cai JSC.,Open Development Vietnam,https://data.opendevelopmentmekong.net/vi/library_record/ngoi-xan-2-hydropower,Open Development Vietnam,1070935,
VNM,Vietnam,Ta Loi 3,WRI1030927,7.5,22.4875,103.6653,Hydro,,,,2012.0,Intracom,Open Development Vietnam,https://data.opendevelopmentmekong.net/vi/library_record/ta-loi-3-hydropower,Open Development Vietnam,1075267,
VNM,Vietnam,Nam Na 2,WRI1030928,66.0,22.4932,103.2340,Hydro,,,,2015.0,Hung Hai Lai Chau Construction Co.  Ltd,Open Development Vietnam,https://data.opendevelopmentmekong.net/vi/library_record/nam-na-2-hydropower,Open Development Vietnam,1089734,
VNM,Vietnam,Thuong an,WRI1030929,2.4,22.5041,105.9936,Hydro,,,,2008.0,Bac Kan Hydropower  Petro & Gasoline JSC.,Open Development Vietnam,https://data.opendevelopmentmekong.net/vi/library_record/thuong-an-hydropower,Open Development Vietnam,,
VNM,Vietnam,Nam Pung,WRI1030930,9.3,22.5069,103.6906,Hydro,,,,2009.0,Intracom,Open Development Vietnam,https://data.opendevelopmentmekong.net/vi/library_record/nam-pung-hydropower,Open Development Vietnam,1071338,
VNM,Vietnam,Muong Hum,WRI1030931,32.0,22.5404,103.7142,Hydro,,,,2011.0,Son Vu Energy Development JSC,Open Development Vietnam,https://data.opendevelopmentmekong.net/vi/library_record/muong-hum-hydropower,Open Development Vietnam,1102050,
VNM,Vietnam,Nam Mu,WRI1030932,12.0,22.5496,104.8767,Hydro,,,,2004.0,Song Da Corporation,Open Development Vietnam,https://data.opendevelopmentmekong.net/vi/library_record/nam-mu-hydropower,Open Development Vietnam,1068111,
VNM,Vietnam,Ngoi Phat,WRI1030933,72.0,22.5546,103.7434,Hydro,,,,2014.0,Northern Electricity development and investment JSC. No.2,Open Development Vietnam,https://data.opendevelopmentmekong.net/vi/library_record/ngoi-phat-hydropower,Open Development Vietnam,1071361,
VNM,Vietnam,Na Táº©u,WRI1030934,6.0,22.6722,106.5050,Hydro,,,,2014.0,Bac Minh Development Investment JSC.,Open Development Vietnam,https://data.opendevelopmentmekong.net/vi/library_record/th-y-di-n-na-t-u,Open Development Vietnam,1106293,
VNM,Vietnam,Na Loa,WRI1030935,6.0,22.6846,106.5990,Hydro,,,,2006.0,Cao Bang Hydropower- Metallurgic Company,Open Development Vietnam,https://data.opendevelopmentmekong.net/vi/library_record/th-y-di-n-na-loa,Open Development Vietnam,1098265,
VNM,Vietnam,Song Chay 5,WRI1030936,16.0,22.7148,104.5350,Hydro,,,,2012.0,Song Da 5 JSC.,Open Development Vietnam,https://data.opendevelopmentmekong.net/vi/library_record/song-chay-5-hydropower,Open Development Vietnam,1090084,
VNM,Vietnam,Thoong Cot 2,WRI1030937,3.5,22.8297,106.6189,Hydro,,,,2013.0,Truong Minh Co.  Ltd,Open Development Vietnam,https://data.opendevelopmentmekong.net/vi/library_record/th-y-di-n-thoong-cot-2,Open Development Vietnam,,
VNM,Vietnam,Ban Ra,WRI1030938,18.0,22.8590,106.6998,Hydro,,,,2012.0,Dong Bac. EL  JSC,Open Development Vietnam,https://data.opendevelopmentmekong.net/vi/library_record/th-y-di-n-b-n-r,Open Development Vietnam,,
VNM,Vietnam,Ea Krong Rou,WRI1030939,28.0,12.5992,108.9397,Hydro,,,,2007.0,Mien Trung Power Investment and Development JSC,Open Development Vietnam,https://data.opendevelopmentmekong.net/vi/library_record/krong-rou-hydropower,Open Development Vietnam,1060987,
VNM,Vietnam,Hoa Phu,WRI1030940,29.0,12.6497,107.9091,Hydro,,,,2014.0,Tam Long Hydro Power JSC.,Open Development Vietnam,https://data.opendevelopmentmekong.net/vi/library_record/hoa-phu-hydropower,Open Development Vietnam,1106029,
VNM,Vietnam,Dak Rung 1,WRI1030941,6.0,12.1139,107.6336,Hydro,,,,2010.0,Binh Minh Company Limited,Open Development Vietnam,https://data.opendevelopmentmekong.net/vi/library_record/dak-rung-1-hydropower,Open Development Vietnam,,
VNM,Vietnam,Dak Srong,WRI1030943,18.0,13.7659,108.5236,Hydro,,,,2010.0,Dak Srong JSC.,Open Development Vietnam,https://vietnam.opendevelopmentmekong.net/dataset/?id=danh-sach-cac-th-y-di-n-t-i-vi-t-nam-tinh-d-n-thang-06-2016&search_query=P3BhZ2U9Mg==,Open Development Vietnam,1080445,
VNM,Vietnam,Se san 4A,WRI1030944,63.0,13.9308,107.4678,Hydro,,,,2011.0,Se San 4A Hydropower JSC.,Open Development Vietnam,https://data.opendevelopmentmekong.net/vi/library_record/se-san-4a-hydropower,Open Development Vietnam,1071983,
VNM,Vietnam,Tra Xom,WRI1030945,20.0,14.2875,108.7222,Hydro,,,,2013.0,Tra Xom Hydropower JSC,Open Development Vietnam,https://data.opendevelopmentmekong.net/vi/library_record/tra-xom-hydropower,Open Development Vietnam,1080494,
VNM,Vietnam,Ca Du,WRI1030946,2.6,15.2714,108.5186,Hydro,,,,2005.0,Ca Du Hydro Power Constructing JSC.,Open Development Vietnam,https://data.opendevelopmentmekong.net/vi/library_record/ca-du-hydropower,Open Development Vietnam,,
VNM,Vietnam,Nam Chien 1,WRI1030947,200.0,21.5935,104.1444,Hydro,,,,2013.0,Nam Chien Hydro Power JSC.,Open Development Vietnam,https://data.opendevelopmentmekong.net/vi/library_record/nam-chien-1-hydropower,Open Development Vietnam,1071790,
VNM,Vietnam,Nho Que 3,WRI1030948,110.0,23.1433,105.5154,Hydro,,,,2012.0,Nho Que Bitexco JSC.,Open Development Vietnam,https://data.opendevelopmentmekong.net/vi/library_record/th-y-di-n-nho-qu-3,Open Development Vietnam,1070067,
VNM,Vietnam,Nam Ho,WRI1030994,7.5,22.5643,103.6805,Hydro,,,,,South East Asia Corporation,Open Development Vietnam,https://vietnam.opendevelopmentmekong.net/dataset/?id=danh-sach-cac-th-y-di-n-t-i-vi-t-nam-tinh-d-n-thang-06-2016&search_query=P3BhZ2U9Mg==,Open Development Vietnam,,
VNM,Vietnam,Thai Binh Power Center,WRI1075848,600.0,20.4810,106.5605,Coal,,,,2017.0,Electricity of Vietnam,GCPT,https://endcoal.org/global-coal-plant-tracker/,GCPT,,
