elementId,elementLabel,categoryCode,detailTemplate,currentDataPresence,currentObservationCount,currentEntityCount,currentIndicatorCount,currentMapFeatureCount,sourceStatus,canonicalWorkbook,canonicalBytes,canonicalSha256,rawDataFileCount,evidenceDocCount,spatialFileCount,processingStatus
A-001,"CPI(Corruption Perceptions Index, 부패인식지수)",A,composition,actual-records,114,0,8,0,CANONICAL_WORKBOOK,file\A-001.xlsx,42839,a2ca028aa2e2ccf6de13912ced7cfd07f9a6b5de3d954a7d03c88f67a117e68b,0,0,0,PENDING
A-002,"CPIA(Country Policy and Institutional Assessment, 국가 신용도·거버넌스 수준 지표)",A,composition,actual-records,420,0,21,0,CANONICAL_WORKBOOK,file\A-002.xlsx,48862,a0b5342ee1586b56c5124d8f17b80e85071e0d8968112dcb0f2e07b8dcf24698,0,0,0,PENDING
A-003,"GDP[현재가, PPP, 성장률, 1인당]",A,composition,actual-records,272,0,7,0,CANONICAL_WORKBOOK,file\A-003.xlsx,48955,3d06d6c8529e840ffde7ba33df2831df88cccaf04a1fd4bd18455e842fd94ff9,0,0,0,PENDING
A-004,빈곤율; 극빈곤율,A,composition,actual-records,62,0,2,0,CANONICAL_WORKBOOK,file\A-004.xlsx,37724,cfa290f2143e88dd3730443b0e28cde1232e3e3c00a706cfb7acb7404984b397,0,0,0,PENDING
A-005,"산업구조[농업, 제조, 서비스]",A,composition,actual-records,141,0,4,0,CANONICAL_WORKBOOK,file\A-005.xlsx,42086,d706146519522e96f51e4209b9877279db9ad9d8f37e20addcb1cc9898d3b6b4,0,0,0,PENDING
A-006,실업률; 청년실업률,A,composition,actual-records,120,0,4,0,CANONICAL_WORKBOOK,file\A-006.xlsx,40299,cfcb18989bbd87a000d040ca50c0f29e42c8d060ddfa2b453f66ec2009d56251,0,0,0,PENDING
A-007,"인구[총인구, 도시화율]",A,composition,actual-records,263,0,4,0,CANONICAL_WORKBOOK,file\A-007.xlsx,46636,5328c9016e47ebdac460ec25897b00d3167d8d50c546eafb114ec9e077e86cff,0,0,0,PENDING
A-008,지니계수,A,indicator,actual-records,31,0,1,0,CANONICAL_WORKBOOK,file\A-008.xlsx,36180,ca9f896a82d6c0ae2928cba1493dd6ae79e437ae8d00ed4e731c6e5eb8629d14,0,0,0,PENDING
A-009,"GHG 배출 강도[GDP 대비, 1인당]",A,composition,actual-records,90,0,2,0,CANONICAL_WORKBOOK,file\A-009.xlsx,39016,d8a644cd7f45a3515858542b70ef721683f57d87b01c44a6658ebf95d91888d7,1,0,0,PENDING
A-010,"GHG 배출량[CO₂, CH₄, N₂O, F-gas]",A,composition,actual-records,400,0,8,0,CANONICAL_WORKBOOK,file\A-010.xlsx,54295,7425ed2cd942ce251e1657f5610df8bfb0da0b3aa6114812762c219a2009c7f3,4,0,0,PENDING
A-011,"GHG 배출량[에너지, 산업공정, 농업, 폐기물]",A,composition,actual-records,495,0,9,0,CANONICAL_WORKBOOK,file\A-011.xlsx,59362,9c0bccf8ccbd7099326d5d8fe8b423baf1261a4fab849a107f38324de5ac7a63,4,0,0,PENDING
A-012,총 GHG 배출량(LULUCF 제외),A,composition,actual-records,103,0,3,0,CANONICAL_WORKBOOK,file\A-012.xlsx,41220,c46b270eb47159bdd23c51e1a36dca3b04bd78d898fd207d463da3a55d10dd75,1,0,0,PENDING
A-013,Climate Watch NDC-SDG linkage,A,entity,actual-records,41,365,42,0,CANONICAL_WORKBOOK,file\A-013.xlsx,64762,66b881d8576aa80a6fe94918cf727511c3eac121a155558e8148dd38709928eb,0,1,0,PENDING
A-014,UNDESA SDG Index Score,A,composition,actual-records,494,0,19,0,CANONICAL_WORKBOOK,file\A-014.xlsx,59013,78105f608aebcb5db6fd705d77b4b44f94598cfc0298d54fa29d5a90c79f8799,2,0,0,PENDING
A-015,UNDESA SDG 세부목표별 달성도,A,composition,actual-records,101,0,101,0,CANONICAL_WORKBOOK,file\A-015.xlsx,63065,d288fec8e01abb48410c7302edbf7e57142daca7d35888263b97ffabd22f40d4,0,0,0,PENDING
A-016,1차 에너지 소비 구조,A,composition,actual-records,427,0,7,0,CANONICAL_WORKBOOK,file\A-016.xlsx,55147,ba7d6c3e1981cd035f093dcd1157edbf10884d9c0720fda79b1ca477d1c403f9,0,0,0,PENDING
A-017,LCOE(균등화 발전비용),A,composition,actual-records,72,0,24,0,CANONICAL_WORKBOOK,file\A-017.xlsx,43062,218b9be5b284e4e578647c03e26002401ecbf4b3d2000ea91c48a223cfbbd391,0,0,0,PENDING
A-018,기술별 발전 설비용량,A,composition,actual-records,676,0,26,0,CANONICAL_WORKBOOK,file\A-018.xlsx,65955,63f4762b5505d106d656943c80d2d1086b63b189f3318edd1023480d31f98760,0,0,0,PENDING
A-019,송배전 손실률(T&D Loss),A,indicator,actual-records,34,0,1,0,CANONICAL_WORKBOOK,file\A-019.xlsx,36489,0c06e6f0cd48d9e16cbcd8de80dcc7a12afeae51f3ae817db4f5d4888c092158,0,0,0,PENDING
A-020,재생에너지 비중,A,composition,actual-records,52,0,2,0,CANONICAL_WORKBOOK,file\A-020.xlsx,37546,d240b820d87de11586fa16629d842a297c6f3ee0eb7da55a7cffd941a6943d4e,0,0,0,PENDING
A-021,전력 접근률,A,composition,actual-records,84,0,3,0,CANONICAL_WORKBOOK,file\A-021.xlsx,38908,9c249ddb02e6f85b032882ed74074fb3dac88cab7991fe5580445e6856ce2bdd,0,0,0,PENDING
A-022,"정전빈도[SAIDI, SAIFI]",A,composition,actual-records,54,0,21,0,CANONICAL_WORKBOOK,file\A-022.xlsx,42613,38d2e4188f6b5682ab329f7927ad16fbd953a166c2b3f4a70d1a46e95ba7016f,0,0,0,PENDING
A-023,"발전소[위치, 용량]",A,spatial,actual-records,0,1963,2,1889,CANONICAL_WORKBOOK,file\A-023.xlsx,58181,6aa4b6f958cce33def9c7434005b62bd5b5829d4580b52806ee5906e64d3ec5a,0,0,0,PENDING
A-024,"전력망[위치, 미공급 지역]",A,spatial,actual-records,40,722,6,606,CANONICAL_WORKBOOK,file\A-024.xlsx,90783,cdad0a8f677d1eb492ffd5509464706b7042e13244d42eb1fbe574760e45776b,0,0,0,PENDING
A-025,CCS 시설,A,spatial,actual-records,1,5,2,0,CANONICAL_WORKBOOK,file\A-025.xlsx,36550,cde5eb085cee40c1b946279fc349317c922c12b08471602a2f34ac027cb2b179,0,0,0,PENDING
A-026,건물 풋프린트(Footprint),A,composition,actual-records,5,0,5,0,CANONICAL_WORKBOOK,file\A-026.xlsx,37264,466f5157a5dbc477847d422f37b69bfb401479ceb37e2de665b65a9ecaa07f42,0,0,0,PENDING
A-027,"교통 인프라[railway, road]",A,composition,actual-records,35,0,35,0,CANONICAL_WORKBOOK,file\A-027.xlsx,43657,27bae84762a11419636fe8e434cc2b6be8abf0de1143312ada9a58d5efc80185,0,0,0,PENDING
A-028,해안 인프라; 수자원 인프라,A,composition,actual-records,19,0,19,0,CANONICAL_WORKBOOK,file\A-028.xlsx,40388,e431fe5bb40d91d4d28d8f0a19bb09240f72b889919f042959134a60e88b0dec,0,0,0,PENDING
A-029,FTA 체결 현황,A,entity,actual-records,3,19,4,0,CANONICAL_WORKBOOK,file\A-029.xlsx,38884,2be794c6ba4e0fc9286987f429260302271b44f0a6b1b4fe0f8a2a6262f03fc7,0,0,0,PENDING
A-030,한-개도국 교역액,A,composition,actual-records,16,0,4,0,CANONICAL_WORKBOOK,file\A-030.xlsx,37395,541dc5e2663cd1db4719fd9118a1fbc3f58d80ac90d19de1c7a0f4fe8045c1dd,0,0,0,PENDING
A-031,물류성과지수(LPI),A,composition,actual-records,49,0,7,0,CANONICAL_WORKBOOK,file\A-031.xlsx,38421,7ce88c6be6158382ee8411a29e5afab9e37287c4ca124ac24a147b9e7df59f4a,0,0,0,PENDING
A-032,중간재 교역 규모,A,composition,actual-records,100,0,4,0,CANONICAL_WORKBOOK,file\A-032.xlsx,40901,ba399e659fb1374c4e689df94718a11420ffa151c0d69478fbecaa273ab7f817,0,0,0,PENDING
A-033,해운 연결성(LSCI),A,composition,actual-records,82,0,4,0,CANONICAL_WORKBOOK,file\A-033.xlsx,38866,4aee4f025d9a5cc49a4e977e29056d99882d3b7952436cecc3c18fb8dad99f68,0,0,0,PENDING
B-001,건기/우기,B,composition,actual-records,38,0,38,0,CANONICAL_WORKBOOK,file\B-001.xlsx,20804,4225a47f3ae185808739a1decc8e34b219a82e808b7727d4ce6504ef72fc3b2f,0,0,0,PENDING
B-002,기후대(Climate zone),B,composition,actual-records,19,0,19,0,CANONICAL_WORKBOOK,file\B-002.xlsx,17829,176b68d333216db60e1ceb3121860f1607c0199b730ea9739be0491149ea51d6,0,0,0,PENDING
B-003,연평균 기온; 연평균 강수,B,composition,actual-records,496,0,4,0,CANONICAL_WORKBOOK,file\B-003.xlsx,1044595,671228e7b578bac29de0fd246953b2295da0601c2dea052d3e637c2b168638ea,0,0,0,PENDING
B-004,"CMIP6 기반 과거/미래 기후[기온(tas), 최고기온(tasmax), 최저기온(tasmin), 강수(pr), 풍속(sfcWind), 일사량(rsds), 상대습도(hurs)]",B,composition,actual-records,2047,0,27,0,CANONICAL_WORKBOOK,file\B-004.xlsx,4291633,cfd733787f71e3c1dc53125e41720fd8dfacb5a513964d1028541b507bb021f2,0,0,0,PENDING
B-005,"가뭄[연속 건조일수(CDD), 표준강수지수(SPEI12), 토양수분]",B,composition,actual-records,503,0,7,0,CANONICAL_WORKBOOK,file\B-005.xlsx,3440357,32c4f86fab2dff6751780ca1bad0078eda2212375b966224073bcbd4917a9c9a,0,0,0,PENDING
B-006,"폭염[폭염일수(TX35), 폭염일수(TX40), 열대야(TR20), 열대야(TR25), Heat Index(HI35)]",B,composition,actual-records,1423,0,19,0,CANONICAL_WORKBOOK,file\B-006.xlsx,4339383,35b69704f9d2bd0d4a72be6b4e0e5c06211d0586cd93876d89f846400f03465d,0,0,0,PENDING
B-007,"홍수[최대 1일 강수(RX1day), 최대 5일 강수(RX5day), 호우일수(R20mm), 호우일수(R50mm), 연속 습윤일수(CWD)]",B,composition,actual-records,1185,0,15,0,CANONICAL_WORKBOOK,file\B-007.xlsx,4205520,3d3e8a300a6c5682beade817a6550121916250ce54d91c930da6702b1f6a98ae,0,0,0,PENDING
B-008,"NASA 해수면 상승 전망[SSP1, SSP2, SSP3, SSP4, SSP5]",B,composition,actual-records,1800,0,200,0,CANONICAL_WORKBOOK,file\B-008.xlsx,176326,daa5306f24652f1517fe5492f4e6c592d793f5a9c6e7764ea75c783f36b68f68,0,0,0,PENDING
B-009,WWF 생물다양성·기후 리스크,B,composition,actual-records,435,0,261,0,CANONICAL_WORKBOOK,file\B-009.xlsx,89636,3bcee89227c9e43a2dee05a3741dee338007a7a6aeba8cede2f8bec9d1b2b2a3,0,0,0,PENDING
B-010,기후 리스크 지수(CRI),B,composition,partial-records,6,0,10,0,CANONICAL_WORKBOOK,file\B-010.xlsx,15801,f9b74ee3edf63e856ab7897f76f799a06b57786b307db69e65591541a04d383b,0,0,0,PENDING
B-011,기후 취약성 지수(ND-GAIN),B,composition,actual-records,1500,0,50,0,CANONICAL_WORKBOOK,file\B-011.xlsx,79929,312f8218b3bd78e6e015e35f2a87cb9b2d636c1b0957af5c9b9c30ac4f98f70b,0,0,0,PENDING
B-012,재해·재난 이력(EM-DAT),B,composition,partial-records,1,0,44,0,CANONICAL_WORKBOOK,file\B-012.xlsx,69505,31969f365fe43afc452ef7fc01b29eedea1d23ca42780831a025ea11ebda1601,0,0,0,PENDING
B-013,World Bank CBAM 영향 지수,B,composition,actual-records,35,0,35,0,CANONICAL_WORKBOOK,file\B-013.xlsx,21220,e69c74ec2bd1d4cfeaabc2e86393366225ad2ce8bada0f74b7cdaa75bce1cb20,0,0,0,PENDING
B-014,"CCDR 탄소세 시뮬레이션 결과[배출감소율, GDP 영향, 세수 효과]",B,composition,actual-records,13,0,8,0,CANONICAL_WORKBOOK,file\B-014.xlsx,13957,06e3de2a215638e1710902660341b625def7d3df75f67cfcb6c44398d754e91a,0,0,0,PENDING
B-015,"탄소 가격 수준[ETS, Carbon Tax]",B,composition,actual-records,15,0,14,0,CANONICAL_WORKBOOK,file\B-015.xlsx,17599,c690cb82b116631630244d754e2c167a1a035e6edb8efccbd1c5193f8479ab65,0,0,0,PENDING
B-016,화석연료 의존도(Fossil fuel energy consumption),B,composition,actual-records,45,0,2,0,CANONICAL_WORKBOOK,file\B-016.xlsx,15118,84f14bee3cac528b6678c846d5e1be3a594181d7925825f2a7be346bcaeae9ec,0,0,0,PENDING
B-017,WRI Aqueduct 물 스트레스 지수,B,composition,actual-records,1589,0,1421,0,CANONICAL_WORKBOOK,file\B-017.xlsx,482722,7a206ca27d543aef079fedd2b553198f47195d581b6b796cdc7505ddd6e54469,0,0,0,PENDING
B-018,"SSP GDP 전망[SSP1, SSP2, SSP3, SSP4, SSP5]",B,composition,actual-records,282,0,24,0,CANONICAL_WORKBOOK,file\B-018.xlsx,27882,6b29e51364735c871107865f4af9f1888a26e17b10a0a28271ea90c4a271520a,0,0,0,PENDING
B-019,"SSP 인구 전망[SSP1, SSP2, SSP3, SSP4, SSP5]",B,composition,actual-records,110,0,11,0,CANONICAL_WORKBOOK,file\B-019.xlsx,18140,a45d47ded50cdaa49f07bfc28997b4ee594f7ba4405257ec8f3731bd289c00dc,0,0,0,PENDING
B-020,EU/UN INFORM Risk Index(복합 리스크 지수),B,composition,actual-records,2696,0,324,0,CANONICAL_WORKBOOK,file\B-020.xlsx,177985,6c157099e6335517525e65b58b785ebd090a43178d6b161ae6e302d1da83999f,0,0,0,PENDING
B-021,Global Data Lab GVI(Vulnerability Index),B,composition,actual-records,2970,0,118,63,CANONICAL_WORKBOOK,file\B-021.xlsx,158118,b3af99ad60bfb40f5f1b649e9a9620d8d0b6cab71c6e4d6b20c1247e9f82eb50,0,0,0,PENDING
B-022,CCDR 기후 피해 경제적 비용,B,composition,actual-records,11,0,11,0,CANONICAL_WORKBOOK,file\B-022.xlsx,15497,761fa214a789d44fcd54804e449013241dac6eb65ab26c51da34e601ed5ab276,0,0,0,PENDING
B-023,건기/우기 유량 차이,B,composition,actual-records,11,0,11,0,CANONICAL_WORKBOOK,file\B-023.xlsx,14756,cf62b178d4f129d38d5011dce19f6087abb4a167966f124b7c9dcee489266455,0,0,0,PENDING
B-024,농업 용수 비중,B,composition,actual-records,205,0,7,0,CANONICAL_WORKBOOK,file\B-024.xlsx,23656,658020aba1e347d0fa220c30e467cdb45fa48244b6b18cacf5f74c323f424020,0,0,0,PENDING
B-025,유역 면적,B,composition,actual-records,19,0,19,0,CANONICAL_WORKBOOK,file\B-025.xlsx,16421,8fd87655cb75af57b25a61a86e05b419ec272bb31207cf2d8658abe7b3e21569,0,0,0,PENDING
B-026,유향(flow direction),B,composition,actual-records,11,0,11,0,CANONICAL_WORKBOOK,file\B-026.xlsx,28437,77de8bee906e7037051695b2396526f7c72ae2aa7bc756f386c1a90c6ba91fcd,0,0,0,PENDING
B-027,지하수 잠재량,B,composition,actual-records,54,0,3,0,CANONICAL_WORKBOOK,file\B-027.xlsx,15314,f3fa39d5fb1f26bdb057858b1ef47627d9b4f73c68e3c02e29b6abf82be5c938,0,0,0,PENDING
B-028,하천 유량,B,composition,actual-records,16,0,16,0,CANONICAL_WORKBOOK,file\B-028.xlsx,15296,291052eaf7c213e31d57f96961fbc7052ac799e0c04751d83f9af41bb6f5590b,0,0,0,PENDING
B-029,"산림 유형별 면적[열대우림, 맹그로브, 이탄지 등]",B,composition,partial-records,166,0,9,0,CANONICAL_WORKBOOK,file\B-029.xlsx,48567,f1181dce1ad4bdf437c54ef0ca7282134fb2ac4ca348e74c2d2ec9f6eebf7b0d,0,0,0,PENDING
B-030,산림 이득,B,composition,actual-records,37,0,3,0,CANONICAL_WORKBOOK,file\B-030.xlsx,31569,06c1b36eaee1599d37d1af56cc35a43010a5e181bc627e5f7fa37ab0a89e3f0a,0,0,0,PENDING
B-031,산림 총 면적,B,composition,actual-records,208,0,207,63,CANONICAL_WORKBOOK,file\B-031.xlsx,27255,fa9f7fb25bd0a17accb5d1a582e8a82e35d209a8dcf7f8840901e36f9c9d97ba,0,0,0,PENDING
B-032,수관 피복률,B,composition,actual-records,136,0,68,63,CANONICAL_WORKBOOK,file\B-032.xlsx,24407,0730f1b1553985d2bb03bbcec58cd0c0076ff49b6a6cff712fca4f97b19019a5,0,0,0,PENDING
B-033,연간 산림 손실,B,composition,actual-records,2142,0,86,63,CANONICAL_WORKBOOK,file\B-033.xlsx,249178,077561c78a93c1d7a61e8d7f998b71bcb17f581ddbc0cca25e691e563bd76b94,0,0,0,PENDING
B-034,탄소 저장량,B,composition,actual-records,498,0,474,63,CANONICAL_WORKBOOK,file\B-034.xlsx,51935,58208ec6c9bfed9b6ebeb9d5d2cdd783a3bb483e9b92b78ff241acb27fe65bf0,0,0,0,PENDING
B-035,LULUCF 관련 면적 변화,B,composition,actual-records,1764,0,41,0,CANONICAL_WORKBOOK,file\B-035.xlsx,91528,37fb205b7e084ff07db74e799156ebc37876d81bd1a471074e9c2676407ca6b1,0,0,0,PENDING
B-036,토지이용 변화율,B,composition,actual-records,48,0,34,0,CANONICAL_WORKBOOK,file\B-036.xlsx,23279,5d16caedfa1342e88ad3fdccf2ff119008c89a4ea2cce5127943e00562404542,0,0,0,PENDING
B-037,"토지피복 분류별 면적[경작지, 산림, 초지, 건물, 수체, 나지]",B,composition,actual-records,684,0,56,0,CANONICAL_WORKBOOK,file\B-037.xlsx,134635,27e6c87607502f0b03284082446e93ba1d10a4f81f01403d71a329a511ef7690,0,0,0,PENDING
B-038,"바이오매스 자원 가용량[농업잔재, 임업잔재, 도시폐기물, 축산폐기물]",B,composition,actual-records,190,0,25,0,CANONICAL_WORKBOOK,file\B-038.xlsx,32881,e4b671de59cadfa74d52673549d46331bc25215574b4bbc644884757300b0b97,0,0,0,PENDING
B-039,수력 잠재량,B,composition,actual-records,165,0,18,0,CANONICAL_WORKBOOK,file\B-039.xlsx,50346,1013dfdac03067e0fbdfe9225328b3b880b3778df9a24f092d05c97b911ef06f,0,0,0,PENDING
B-040,지열 잠재량,B,composition,actual-records,102,0,34,0,CANONICAL_WORKBOOK,file\B-040.xlsx,46101,441c7ab955598da68ccef7f2e9573b19ba7b166d36b3c0c309287272547d750c,0,0,0,PENDING
B-041,"태양광 관련 지표[GHI, DNI]",B,composition,actual-records,50,0,50,0,CANONICAL_WORKBOOK,file\B-041.xlsx,37347,03340ba7a55ea7c1c43ecb5605d4cdaaf58fec0297eebaa20f7ddee64a71c5de,0,0,0,PENDING
B-042,"풍력 자원[풍속, 에너지밀도]",B,composition,actual-records,142,0,142,0,CANONICAL_WORKBOOK,file\B-042.xlsx,43975,3573d5c3ecbbe223a1c5b2e1905a56f7a5e734b9f9f6016b2f94d27b73baa4ea,0,0,0,PENDING
B-043,"화석연료 자원량[석탄, 석유, LNG 등]",B,composition,actual-records,274,0,38,0,CANONICAL_WORKBOOK,file\B-043.xlsx,38358,21d14235ec4a4e0593550c4f6b86c6f8f18dcd86ac98631456392ad24b23642f,0,0,0,PENDING
B-044,"광물명[리튬, 코발트, 니켈, 망간, 흑연, 주석, 납, 아연, 마그네슘화합물, 텅스텐, 바나듐, 크롬, 나이오븀, 탄탈럼, 티타늄광물, 지르코늄하프늄, 안티모니, 희토류, 백금족, 형석]",B,composition,actual-records,26,0,26,0,CANONICAL_WORKBOOK,file\B-044.xlsx,21321,c63665518ad8c9e9edb39ea29315a15bc359017987f7b20637a8714004151204,0,0,0,PENDING
B-045,글로벌 순위,B,composition,actual-records,46,0,46,0,CANONICAL_WORKBOOK,file\B-045.xlsx,26759,d1c1c7ec82e85a3070e08b5738c1e987ef8e4926273fcc061f00bbdac17b5dac,0,0,0,PENDING
B-046,"매장량[확인, 추정]",B,composition,actual-records,13,0,13,0,CANONICAL_WORKBOOK,file\B-046.xlsx,16060,ae8e73b93ffb47cfd5ac47b09cf43cb913c0c97d51e76807f39610a5b8bc9bf8,0,0,0,PENDING
B-047,연간 생산량,B,composition,actual-records,21,0,12,0,CANONICAL_WORKBOOK,file\B-047.xlsx,16102,3bf19e3e5d662065dab3ae52a09fce12bb09ffe9387a1cc1e94a296ff1b9e849,0,0,0,PENDING
B-048,주요 광산 위치,B,composition,actual-records,10,8,10,2,CANONICAL_WORKBOOK,file\B-048.xlsx,13668,b0e52f56c7ff74a0955bac714be75185e90df30ea683efac616d63a35a9a7974,0,0,0,PENDING
C-001,"NDC[제출년도, 버전, BAU 배출 전망, 감축 목표(무조건부/조건부), 부문별 감축 전략·수단 목록, NDC-SDG 연계 매핑, 적응 부문 목표, 이행 재원 소요, 기준연도, 대상 GHG, 대상 부문, 원본 링크]",C,policy,actual-records,49,0,49,0,CANONICAL_WORKBOOK,file\C-001.xlsx,65245,bce897f3c64927245db2b7a3fdd3e0b36bb2095402a909937cd5e191ebf14bf0,0,0,0,PENDING
C-002,"BTR[제출년도, 문서 링크, GHG 총배출량(incl./excl. LULUCF), 부문별 NDC 감축 달성량, SSP별 기온 전망, SSP별 강수 전망, 극한기후지수 변화, GDP 손실 추정, 적응 이행 프로그램 수, 재정 지원 수요/수혜, 원본 링크]; 부문별 배출량[에너지, IPPU, 농업, FOLU, 폐기물]",C,policy,actual-records,81,0,81,0,CANONICAL_WORKBOOK,file\C-002.xlsx,72431,c8e3c1fcb0145ac05fe0b8702864a3d87ab3d983d67f939e6d675f06295b96c0,0,0,0,PENDING
C-003,"NAP[제출년도, 문서 링크, 부문별 취약성 평가, 적응 우선 분야, 적응 우선 조치 목록(단기/중기/장기), 부문별 적응 투자 소요, 적응 거버넌스 체계, M&E 지표 체계, 이해관계자·젠더 분석, 원본 링크]",C,policy,actual-records,96,0,96,0,CANONICAL_WORKBOOK,file\C-003.xlsx,74761,f2f77685eeefa8b4ed0cffc29caa86ab89c6f45094118327b443b10378e75c50,0,0,0,PENDING
C-004,"LT-LEDS[장기 배출 경로(BAU/감축/넷제로 시나리오별), 넷제로 목표 연도, 넷제로 목표 범위, 부문별 탈탄소 경로, 핵심 감축 기술 목록, 공정전환 전략, 탄소 흡수/제거 목표, 장기 투자 소요, 원본 링크]; 에너지 믹스 전망[RE, 화석, 원자력]",C,policy,actual-records,58,0,58,0,CANONICAL_WORKBOOK,file\C-004.xlsx,70747,436b00ce7368a532d7aab011ae674087e07f8d0f0a05701ef83b0358762532c5,0,0,0,PENDING
C-005,"TNA[수행 여부, 수행 연도, 기술 이전 장벽(Barrier Analysis 결과), TAP(기술실행계획) 유무, 우선 섹터, 원본 링크]; 감축/적응 우선순위 기술 목록[기술명, 부문, 우선순위 순위]",C,technology-demand,actual-records,134,0,134,0,CANONICAL_WORKBOOK,file\C-005.xlsx,81016,8a84a729c2719707b648741175a67bf4b30b171020500b19248761ccc155b0af,0,0,0,PENDING
C-006,"ITMO 양자 협정[체결국, 체결 일자, 대상 부문, 대상 기술, 승인 기관(Authorization Body)]; 파리협정 제6.2조/제6.4조 이행 체계[ITMO 이전 실적, 상응조정(Corresponding Adjustment) 체계 구축 여부, 국가 레지스트리 존재 여부, UNFCCC 연동 상태]",C,policy,actual-records,47,0,47,0,CANONICAL_WORKBOOK,file\C-006.xlsx,70489,20076b8f82ce889036a8c56c6320964b5b2b0003a21a4de02a148d99713f004a,0,0,0,PENDING
C-007,"파리협정 제6.8조 비시장 접근법[참여 여부, 등록된 활동명, 대상 분야(감축/적응/재정/기술/역량), 참여 기관, 등록 일자, 원본 링크]",C,policy,actual-records,32,0,32,0,CANONICAL_WORKBOOK,file\C-007.xlsx,63178,c38c888d16cd0dd75debf3516ae6c120cc564e35cc6f7ce155b5fc64c6131c70,0,0,0,PENDING
C-008,"Cooperative Climate Initiative[이니셔티브 명, 참여 상태(Active/Completed), 참여 연도, 기후 분야(감축/적응), 주제(에너지/산림/수송/도시 등), 참여 국가·기관 목록]",C,policy,actual-records,137,98,138,0,CANONICAL_WORKBOOK,file\C-008.xlsx,99961,0cc351019d701cd558745f04e58e972630daac1e64f0f881480c7edaacf76e47,0,0,0,PENDING
C-009,"기후 법제도[법령명, 유형(법률/시행령/규제/인센티브), 대상 분야(감축/적응/에너지/산업), 시행 연도, 상태(시행중/폐지/계류), 주관 부처, 원본 링크]",C,policy,actual-records,182,0,182,0,CANONICAL_WORKBOOK,file\C-009.xlsx,95332,5efed05aec9806cb4055151d6873cc6fbe39208773183721dfeedbfc5a875ad5,0,0,0,PENDING
C-010,"기타 환경 법제도[법령명, 유형(EIA법/대기질/수질/폐기물/생물다양성), 시행 연도, 상태, 주관 부처, 원본 링크]",C,policy,actual-records,59,0,59,0,CANONICAL_WORKBOOK,file\C-010.xlsx,74081,2cfc75c57e69172f39c5b1f46bb1b953da8c279baace2e474d02b323ee8c9730,0,0,0,PENDING
C-011,"치안·안전 정보[경보 등급(여행유의/자제/철수권고/여행금지), 현지 치안 상황, 범죄 통계]",C,policy,actual-records,44,0,44,0,CANONICAL_WORKBOOK,file\C-011.xlsx,67220,4fb7e87127c79306b5067dce1c07028673ea27a4e172ac43850ec2c5497fa873,0,0,0,PENDING
C-012,"PPP 법제도·조달 체계[PPP 법률 유무, PPP 법률 명칭, PPP 전담 기관, 조달 방식(경쟁입찰/협상/비공개), 계약 유형(BOT/BOO/Concession), VfM 평가 의무 여부, PPP 프로젝트 이력]",C,policy,actual-records,92,0,92,0,CANONICAL_WORKBOOK,file\C-012.xlsx,81417,188985a147baabb6be04399ac8d933897e9c377b14a1394c23f2eaf49310edb3,0,0,0,PENDING
C-013,"외국인 투자 규정[외국인 지분 제한, 투자 인센티브(세제 혜택/경제특구), 투자 보호 협정(BIT), 수익 송금 규정]",C,policy,actual-records,50,0,50,0,CANONICAL_WORKBOOK,file\C-013.xlsx,70470,4b9a536231d5c604f043d026c85b91d4073ac7b0935743fa14529834a74aef12,0,0,0,PENDING
C-014,"인허가 프로세스[환경영향평가(EIA) 절차, 건축 허가 절차, 건축 허가 소요 기간, 건축 허가 비용, 전력 사업 허가 절차, 전력 사업 허가 소요 기간, 전력 사업 허가 비용, 토지 취득 절차, 토지 취득 소요 기간, 토지 취득 비용]",C,policy,actual-records,93,0,93,0,CANONICAL_WORKBOOK,file\C-014.xlsx,74958,bd9968f157537bf775f8ceffd7b2a605b658bbe08e988ad8253ec8aa4fb76ab9,0,0,0,PENDING
C-015,상기 문서들의 원본 링크,C,policy,actual-records,21,0,21,0,CANONICAL_WORKBOOK,file\C-015.xlsx,63164,bc6dc11ec57cee062cfffc2984c137fe96cd9c33fe6049e8bb90d234cd41a591,0,0,0,PENDING
C-016,"재생에너지 발주 및 확대 계획[국가 RE 용량 목표, 입찰 일정(예정/진행/완료), 대상 기술, 사업자 선정 방식(경쟁입찰/FIT), 발주 기관]",C,policy,actual-records,817,0,817,63,CANONICAL_WORKBOOK,file\C-016.xlsx,167346,2e93fc079e4d45c6cba07ca3ecf20f18bcc7e29987ec40ee4faef472744cf97b,0,0,0,PENDING
C-017,"재생에너지 투자 인센티브[인센티브 유형(FIT/FIP/RPS/세제/보조금/넷미터링), 대상 기술(태양광/풍력/수력/바이오), 시행 기관, 시행 연도, 상태]; 인센티브 조건[가격, 기간, 용량]",C,policy,actual-records,52,0,52,0,CANONICAL_WORKBOOK,file\C-017.xlsx,70756,6106948630519c30eeebc31c24f3456f77abc0af6727a458f796cafb8f4996c6,0,0,0,PENDING
C-018,"중장기 에너지 전망[전망 기관(IEA/현지 정부), 전망 시나리오명, 에너지원별 수요 전망, 기술별 발전 설비 확충 계획, RE 비중 목표, 전력 수요 성장률]",C,policy,actual-records,121,0,121,0,CANONICAL_WORKBOOK,file\C-018.xlsx,77013,f00126d09b4eca7dac03d45f35278e8620838e15203c29bbaf28702621ae735a,0,0,0,PENDING
C-019,"탄소 시장 법률·예산[탄소세 도입 여부, 탄소세 세율, ETS 도입 여부, ETS 대상 부문, ETS 가격, FIT 도입 여부, FIP 도입 여부, RPS 도입 여부, 탄소시장 관련 예산 규모]",C,policy,actual-records,93,0,93,0,CANONICAL_WORKBOOK,file\C-019.xlsx,85699,66977e61c1dee459e58d24352fa196c02658d4d0e94bbb306c286fca7bdd5076,0,0,0,PENDING
C-020,GHG 감축 사업 타당성 기초 정보,C,policy,not-collected,0,0,0,0,NO_SOURCE_FOUND,,0,,0,0,0,PENDING
C-021,VCM 프로젝트 파이프라인,C,policy,not-collected,0,0,0,0,NO_SOURCE_FOUND,,0,,0,0,0,PENDING
C-022,탄소시장 준비도,C,policy,actual-records,68,0,68,0,CANONICAL_WORKBOOK,file\C-022.xlsx,77968,f9f993419d160b21a980ce837192563285939f4f7befe3622663ec6d3c0a48a4,0,0,0,PENDING
C-023,한계저감비용(MAC),C,policy,not-collected,0,0,0,0,NO_SOURCE_FOUND,,0,,0,0,0,PENDING
C-024,"REDD+ 현황[REDD+ 전략 수립 여부, FREL 제출 여부, FREL 제출년, 결과기반지불(RBP) 수혜 실적, 세이프가드 정보 시스템 구축 여부, 참여 기금(GCF/FCPF/BioCF)]",C,policy,actual-records,14,0,14,0,CANONICAL_WORKBOOK,file\C-024.xlsx,63253,06e7cc7640833637fab53e33635ff90b72a3f30225d164658a99ada169256f8f,0,0,0,PENDING
C-025,"탄소크레딧 발행·소각 실적[프로젝트명, 등록 표준(VCS/GS), 국가, 기술 분야, 발행량, 소각량, 빈티지, 발행일]",C,policy,actual-records,15,146,16,18,CANONICAL_WORKBOOK,file\C-025.xlsx,122433,d29c0846449cc241841f1dbb967530ee65663ef72637bb5fa5ee55933514e236,0,0,0,PENDING
D-001,단위 사업당 CAPEX,D,project,actual-records,14,0,14,0,CANONICAL_WORKBOOK,file\D-001.xlsx,61779,cbee9fb1b48f8f4a5f3beafe5e85338f147dd66258239cc56806c306c60b7176,0,0,0,PENDING
D-002,시장 성장률,D,project,actual-records,8,0,8,0,CANONICAL_WORKBOOK,file\D-002.xlsx,60707,31bef159e33d3c3055fc63a975553b59a9ec65600bfe64a07fe10d64e3a6b083,0,0,0,PENDING
D-003,예상 감축량,D,project,actual-records,12,0,12,0,CANONICAL_WORKBOOK,file\D-003.xlsx,62391,f765a9bf0aa39081aeaa7125f5d097a21c36b399fbe45910dc18d6e139a2d486,0,0,0,PENDING
D-004,크레딧 가격 연동 수익성,D,project,actual-records,15,0,15,0,CANONICAL_WORKBOOK,file\D-004.xlsx,63037,68692fb243185d49fb4c449a34c93d61005d4ba29dfbd2e63b26e96deffc8e14,0,0,0,PENDING
D-005,감축/적응 구분별 예산 배분 비율,D,project,actual-records,10,0,9,0,CANONICAL_WORKBOOK,file\D-005.xlsx,62604,c3bddb20b34b02aa93bae5262234213d77da9a3e81b1511b2e515810f9270a54,0,0,0,PENDING
D-006,기후 관련 조세 수입,D,project,actual-records,10,0,8,0,CANONICAL_WORKBOOK,file\D-006.xlsx,70452,0be17c4750460d335f35419bbca7b72570323722e576d5af31a2bcbf46448ae7,0,0,0,PENDING
D-007,"기후예산태깅(CBT, Climate Budget Tagging) 도입 여부 및 수준",D,project,actual-records,3,0,3,0,CANONICAL_WORKBOOK,file\D-007.xlsx,60387,81c78c71ccffff696cf46b24d46d7ccba28905b0bb8572dd3811ec1a5caded6e,0,0,0,PENDING
D-008,주관 부처별 기후 예산 규모,D,project,actual-records,15,0,15,3,CANONICAL_WORKBOOK,file\D-008.xlsx,64704,5b0b916c8744370014bd69ce4ede23db67ee0d7a9d305b37ad94d931b7df285a,0,0,0,PENDING
D-009,"기후대응·기후기술 관련 정부 예산[총 지출 규모, 연도별 추이]",D,project,actual-records,7,0,5,0,CANONICAL_WORKBOOK,file\D-009.xlsx,60319,8c29659db32c82d1e28022f39413c00a44532b33d771b974663a9b93c577cf59,0,0,0,PENDING
D-010,화석연료 보조금 규모,D,project,actual-records,10,0,8,0,CANONICAL_WORKBOOK,file\D-010.xlsx,61919,0b595d790aceaa98adea6d1d34b27f399fb60992136f3896ef17d9ae3ad49bda,0,0,0,PENDING
D-011,개도국 내 각국별 ODA 규모,D,finance,actual-records,400,0,80,0,CANONICAL_WORKBOOK,file\D-011.xlsx,97492,2f4fc9649ac17b2080bb2040589d984072f49fcb5a20304e97c58c95e407af1d,0,0,0,PENDING
D-012,"경쟁국 민간기업의 개도국 진출 현황[기업명, 국적, 진출 대상국, 기술 분야(RE/효율/폐기물), 프로젝트명, 용량, 투자액, 진출 형태(EPC/투자/라이선스)]",D,project,actual-records,14,22,15,0,CANONICAL_WORKBOOK,file\D-012.xlsx,64017,4fdd6b7f03f5ecb4f7abb5a6b8a04c9bbb0cba7a9e9b67941492f45214bc58ae,0,0,0,PENDING
D-013,GGGI Green Growth Index(녹색성장지수),D,project,actual-records,21,0,21,0,CANONICAL_WORKBOOK,file\D-013.xlsx,65140,74fe949177b67a2837e1bf4dee98e1f3e1433ae922418bbd9655931a98169663,0,0,0,PENDING
D-014,"EDCF 프로젝트[프로젝트명, 수원국, 섹터, 승인 금액, 금리, 상환 기간, 거치 기간, 사업 기간, 시행기관, 상태(승인/집행/완료)]",D,project,actual-records,6,164,7,0,CANONICAL_WORKBOOK,file\D-014.xlsx,94148,b2ead3c71031b467622693b7abc851eb9046be8e0768b712882c407bb54cf381,0,0,0,PENDING
D-015,"ODA Korea 프로젝트[사업명, 수원국, 시행기관(KOICA/EDCF/부처), 사업 유형(프로젝트/기술협력/연수), 사업 기간, 사업비, 분야(DAC 섹터코드), 상태]",D,project,actual-records,9,650,10,0,CANONICAL_WORKBOOK,file\D-015.xlsx,209586,ec7dfe0f792ab8fcc52d2e42611fc0d1cfd540c9b1055c558a50e350e15c3352,0,0,0,PENDING
D-016,"지자체·정부부처 프로젝트[사업명, 수원국, 시행기관(부처/지자체명), 사업 유형, 사업 기간, 사업비, 분야]",D,project,actual-records,9,232,10,0,CANONICAL_WORKBOOK,file\D-016.xlsx,114895,ab00d60a26f01964a4b4400e7e032120bd480d1e1dd3b65b057f0b9e228547e6,0,0,0,PENDING
D-017,"한국 ODA 기관 PCP/입찰 현황[사업명, 대상국, 발주기관(KOICA/EDCF/부처), 분야, 예산 규모, 입찰 유형(PCP/RFP/경쟁), 입찰 일정(공고일/마감일), 수행기관 자격 요건]",D,project,actual-records,2,10,3,0,CANONICAL_WORKBOOK,file\D-017.xlsx,62107,6eacee9a90198f06c8fa3b810dec3dcfca08c7b1beba102982f22c5d7298d130,0,0,0,PENDING
D-018,"Adaptation Fund 프로젝트[프로젝트명, 국가, 실행기관(NIE/MIE 구분, 기관명), 승인 금액, 분야(수자원/농업/재난관리/해안/생태계), 상태(Under Implementation/Completed), 기간, 수혜자 수]",D,project,actual-records,4,4,5,4,CANONICAL_WORKBOOK,file\D-018.xlsx,62638,518ca1b9eded3d84b72917274d54968b4341d96b74ffebfca19662c9391cf92d,0,0,0,PENDING
D-019,"CTCN 기술지원 요청[요청 국가, NDE 기관명, 기술 분야(Sectors), 지원 단계(Phase: Scoping/TA Delivery/Completed), 예산, 기술 유형(Technologies), 기간, TA 결과 요약]",D,project,actual-records,5,10,6,0,CANONICAL_WORKBOOK,file\D-019.xlsx,64553,88414937f72601e4e611dd831c1c893af6219edefe3ac4f23306f06a0bfd8192,0,0,0,PENDING
D-020,"GCF 프로젝트[프로젝트명(Ref No.), 국가, 인가기관(AE), GCF 승인 금액, 공동재원, 분야(mitigation/adaptation/cross-cutting), 결과영역(Result Area), 상태(Approved/Under Implementation/Completed), 이사회 승인일, 예상 수혜자 수, 예상 감축량]",D,project,actual-records,2,8,3,0,CANONICAL_WORKBOOK,file\D-020.xlsx,64441,9c508c39a3fdb1c0a491c9cb50e1db964a37f0bd8561b232e76431baf5db3c99,0,0,0,PENDING
D-021,"주요 국제기구·MDB 프로젝트[프로젝트명, 수원국, 공여기관(WB/ADB/UNDP/FAO/UNCCD 등), 섹터(DAC 코드), 금액(commitment/disbursement), 기간, 상태, 실행기관, Rio Marker]",D,project,actual-records,8,640,9,0,CANONICAL_WORKBOOK,file\D-021.xlsx,217341,ab67d805fddd7a357bdc1c048ebfec75b6333ff4c8e2f0b7fd10c382918e2d37,0,0,0,PENDING
D-022,"MDB/DFI/PPP 투자 프로젝트[프로젝트명, 수원국, 공여기관(WB/ADB/IFC 등), 섹터(DAC 5자리 코드), 투자액(commitment/disbursement), 프로젝트 상태, 기간(시작/종료), 실행기관, Rio Marker(기후 태깅), 투자 유형(grant/loan/equity), 공동투자 참여 가능 여부 및 형태]",D,project,actual-records,3,15,4,0,CANONICAL_WORKBOOK,file\D-022.xlsx,65518,ca036b5bb4f38091e1df9620a41cba2ab25f527c61ea41b13816e53a4f36b7d7,0,0,0,PENDING
D-023,"ODA 및 기후기금(GCF, GEF, AF) 재원[프로젝트명, 수원국, 기금명(GCF/GEF/AF/CIF), 승인 금액, 공동재원(co-financing), 분야(mitigation/adaptation/cross-cutting), 결과영역(Result Area), 인가기관(AE/Agency), 상태(Approved/Implementing/Completed), Readiness 구분, 공동투자 참여 가능 여부 및 형태]",D,finance,actual-records,8,71,9,0,CANONICAL_WORKBOOK,file\D-023.xlsx,89635,edd275bd2a2fcabb723e52fa3317b05b88b9d23868cc35be6c6ec8ec70d6dd00,0,0,0,PENDING
D-024,"VC·임팩트 투자 현황[투자 라운드(Seed/Series A-C), 투자자명, 투자 금액, 대상 기업/기술, 국가, 투자 연도, 기후 분야(RE/효율/모빌리티/AgTech), 공동투자 참여 가능 여부 및 형태]",D,finance,actual-records,5,7,6,0,CANONICAL_WORKBOOK,file\D-024.xlsx,62624,6d10544530ec5f3068a44026891dc21b3d2dd8f0f2306658a552e385a66c013f,0,0,0,PENDING
D-025,"민간 인프라 투자(PPI)[프로젝트명, 국가, 섹터(전력/수도/교통/통신), 투자 유형(Greenfield/Concession/Divestiture), 총 투자액, 민간 투자액, 계약 기간, 상태(Active/Cancelled/Distressed), Financial Close 연도, 스폰서/개발사, IDA 지위, 공동투자 참여 가능 여부 및 형태]",D,finance,actual-records,17,132,18,0,CANONICAL_WORKBOOK,file\D-025.xlsx,93944,d138b16ae215b4f663c8eccbcfa5ebe8f17a3e3fe53f6d0a991019f5f4490aae,0,0,0,PENDING
D-026,"MIGA 정치적 리스크 보증[프로젝트명, 국가, 섹터, 보증 금액, 보증 유형(수용/이전제한/계약위반/전쟁내란), 보증 기간, 투자자, 상태]",D,finance,actual-records,3,14,4,0,CANONICAL_WORKBOOK,file\D-026.xlsx,65188,c9bff547a3344d043185288419325a948fd46f4882cbfb32d85075ffe91313d9,0,0,0,PENDING
E-001,"CTCN NDE(국가지정기구)[국가, 기관명, 소속 부처, 담당자명(Focal Point), 직함, 이메일, 전화번호]",E,partner,actual-records,0,15,3,0,CANONICAL_WORKBOOK,file\E-001.xlsx,64268,969c8ecb48372ab44aaa0697cb2b87dcb5eb758a89e0f5b26800e2d5a07e99e0,0,0,0,PENDING
E-002,"DNA(국가지정기관)[국가, 기관명, 소속 부처, 담당자명, 직함, 이메일, 승인 절차 개요, 제6.4조 전환 상태]",E,partner,actual-records,0,2,1,0,CANONICAL_WORKBOOK,file\E-002.xlsx,57815,65a1e0867ab8e5a7f5798930aee6bbe710f77396dd4cbc878905852253134188,0,0,0,PENDING
E-003,"GCF NDA(국가지정기관)[국가, 기관명, 소속 부처, 담당자명, 직함, 이메일, 전화번호]",E,partner,actual-records,0,6,2,0,CANONICAL_WORKBOOK,file\E-003.xlsx,58889,21439590a8c40ac553cc384eca9a43d872fc86334e78b8bdaaa6cf2f2df0e53a,0,0,0,PENDING
E-004,"국제기구 현지사무소 담당자[기관명(UNDP/UNEP/UNIDO/FAO/WB/ADB/GIZ/JICA/KOICA 등), 소재국, 도시, 사무소 주소, 기후·에너지 담당자명, 직함, 이메일]",E,partner,actual-records,0,18,18,0,CANONICAL_WORKBOOK,file\E-004.xlsx,77617,b105351294b2aac8a43246cf0d958f10b974208701f3c1044c535fb3c17ef4f4,0,0,0,PENDING
E-005,"대학·연구기관·NGO[기관명, 기관 유형(대학/연구소/싱크탱크/NGO), 소재국, 도시, 전문 분야(기후/에너지/환경/농업), 주요 연구역량 또는 활동 범위, 국제 협력 실적 유무, 연락처]",E,partner,actual-records,0,20,1,0,CANONICAL_WORKBOOK,file\E-005.xlsx,67309,dc9c0524cc17722689b2d6ada6f3ec6ea40b20892c0159d0d87074a43ca45275,0,0,0,PENDING
E-006,"현지 투자자 네트워크[기관명, 기관 유형(VC/PE/DFI/상업은행/임팩트투자/AC), 투자 분야(기후/에너지/인프라/AgTech), 투자 규모(AUM), 소재국, 도시, 연락처, 기후기술 투자 실적 유무]",E,partner,actual-records,0,14,2,0,CANONICAL_WORKBOOK,file\E-006.xlsx,69364,bd14fe5140fecc33d888d82033906661d2baee09d39f81dab055a85030434b32,0,0,0,PENDING
E-007,"온실가스 산정 MRV 체계[GHG 인벤토리 작성 역량(Tier 1/2/3), 국가 레지스트리 유무, 제3자 검증 체계 유무, BTR 제출 이력(제출/미제출), CBIT 지원 수혜 여부]",E,partner,partial-records,5,19,6,0,CANONICAL_WORKBOOK,file\E-007.xlsx,64757,029ed88832f52ccd66f80cda085e9ba7d5649f4bae97340f1ad2723a6f21bc25,0,0,0,PENDING
E-008,"논문·특허[논문·특허명, 기후기술 분야, 특허 출원인 국적, 특허 출원 연구기관·대학명, 논문 국제 공저 비율, 한국과의 공동 출원·공저 여부]",E,entity,partial-records,28,13,26,0,CANONICAL_WORKBOOK,file\E-008.xlsx,106138,5cad049fdf9c97bc856d4ff316da992f44940ac8a51a0dd2962466dd9c58c589,0,0,0,PENDING
E-009,STEM 졸업자 수; 연구자 수,E,entity,partial-records,6,0,6,0,CANONICAL_WORKBOOK,file\E-009.xlsx,59781,b44bb5e35dc786049b6fc33aeef9edfdcc7bf05dd736cf9b0b3abc89a7d0e7ec,0,0,0,PENDING
E-010,UNESCO UIS R&D 지출(GERD); WIPO 혁신지수(GII),E,entity,partial-records,30,0,24,0,CANONICAL_WORKBOOK,file\E-010.xlsx,63596,29720d0280556af1e40556e0498e092a4eaa7cf89eab69222e90f1c6658428c1,0,0,0,PENDING
E-011,기술준비수준(TRL),E,entity,no-populated-record,1,0,1,0,NO_SOURCE_FOUND,,0,,0,0,0,PENDING
E-012,직군별 종사자 수; 직군별 임금,E,entity,partial-records,91,0,90,0,CANONICAL_WORKBOOK,file\E-012.xlsx,82430,c2d8ac736533213228fa909d81533209cb15feed571184f25b1c8dad861ff138,0,0,0,PENDING
E-013,"운영·유지보수 역량[숙련 기술인력 가용성, 부품 조달 가능성(국내생산/수입의존), 예방정비 체계 수준, A/S 인프라(서비스센터/원격모니터링 유무), 과거 유사시설 O&M 실적]",E,entity,no-populated-record,5,0,5,0,NO_SOURCE_FOUND,,0,,0,0,0,PENDING
E-014,"양자협정[협정 유형(제6.2조 양자/기후변화 공동위/녹색성장 MOU), 체결국, 체결 일자, 대상 분야, 이행 상태(발효/만료/갱신), 원본 링크]",E,partner,actual-records,0,2,1,0,CANONICAL_WORKBOOK,file\E-014.xlsx,61385,648402b00a724ff2dd161f25873cea0970496397c949db64b74bbf1ebfc11f71,0,0,0,PENDING
E-015,"NDC Partnership[참여 여부(Y/N), Country Page 링크]",E,partner,actual-records,8,0,1,0,CANONICAL_WORKBOOK,file\E-015.xlsx,59159,29f4b6b36604196e084f192c7a496f3d5a78c0f67736c7b52fad07461083bf60,0,0,0,PENDING
E-016,한국 기후기술 TRL,E,entity,actual-records,0,4,1,0,NO_SOURCE_FOUND,,0,,0,0,0,PENDING
E-017,한국-경쟁국 기후기술 비교우위,E,entity,actual-records,10,0,2,0,NO_SOURCE_FOUND,,0,,0,0,0,PENDING
E-018,"국내 기업 개도국 진출[기업명, 진출국, 업종(RE/에너지효율/폐기물/수처리), 진출 형태(법인/지사/프로젝트), 설립연도, 연락처, 38대 기후기술 매칭]",E,partner,actual-records,0,21,1,0,CANONICAL_WORKBOOK,file\E-018.xlsx,68894,afbbdc0ccf76edffaacfe4fc0c79a19d8adc5de8c3a67486667a88f28160f887,0,0,0,PENDING
E-019,"한국 기관 사무소[기관명(KOTRA무역관/KOICA사무소/에너지공단/KEPCO/한수원 등), 소재국, 도시, 주소, 기후·에너지 담당자 유무, 연락처, 담당 업무 범위]",E,partner,actual-records,0,9,1,0,CANONICAL_WORKBOOK,file\E-019.xlsx,61942,e922e10f06eb8e9ed0861b7022067ee5d902922a9d34f6b3ace309295fb18673,0,0,0,PENDING
E-020,"한국 공공·민간 지원체계[지원기관명(NIGT/GTC/KOTRA/KIAT/에너지공단 등), 지원 프로그램명, 지원 유형(실증/FS/기술이전/금융), 지원 대상(기업/연구기관), 예산 규모, 신청 시기, 원본 링크]",E,partner,actual-records,0,33,2,0,CANONICAL_WORKBOOK,file\E-020.xlsx,61505,2ea8c4d4b77ce43db709010bca054ed2ea3582c1e2cffda70770d7d2b73e2956,0,0,0,PENDING
