elementId,inCatalog,state,oldBytes,newBytes,byteDelta,oldSha256,newSha256,newFileName
A-001,True,CONTENT_CHANGED,87806,42839,-44967,d1a5eccbbdf75ccb,a2ca028aa2e2ccf6,A-001.xlsx
A-002,True,CONTENT_CHANGED,101231,48862,-52369,d1d9ab3220a2a948,a0b5342ee1586b56,A-002.xlsx
A-003,True,CONTENT_CHANGED,93499,48955,-44544,12d15db0ea31d428,3d06d6c8529e840f,A-003.xlsx
A-004,True,CONTENT_CHANGED,83315,37724,-45591,8a1e1560a80266e4,cfa290f2143e88dd,A-004.xlsx
A-005,True,CONTENT_CHANGED,86968,42086,-44882,b510803e0d433377,d706146519522e96,A-005.xlsx
A-006,True,CONTENT_CHANGED,85445,40299,-45146,c68cdfb74fd917e3,cfcb18989bbd87a0,A-006.xlsx
A-007,True,CONTENT_CHANGED,91206,46636,-44570,1824df875a22ffb9,5328c9016e47ebda,A-007.xlsx
A-008,True,CONTENT_CHANGED,81606,36180,-45426,13eb02ac29e70391,ca9f896a82d6c0ae,A-008.xlsx
A-009,True,CONTENT_CHANGED,84087,39016,-45071,a69b420dad9082da,d8a644cd7f45a351,A-009.xlsx
A-010,True,CONTENT_CHANGED,98609,54295,-44314,bb0831f95300b14f,7425ed2cd942ce25,A-010.xlsx
A-011,True,CONTENT_CHANGED,103413,59362,-44051,81f570aa7b72b523,9c0bccf8ccbd7099,A-011.xlsx
A-012,True,CONTENT_CHANGED,86362,41220,-45142,98f35a0d46ef2f7b,c46b270eb47159bd,A-012.xlsx
A-013,True,CONTENT_CHANGED,123763,64762,-59001,2c512205494dae45,66b881d8576aa80a,A-013.xlsx
A-014,True,CONTENT_CHANGED,103606,59013,-44593,670ba2eac347062a,78105f608aebcb5d,A-014.xlsx
A-015,True,CONTENT_CHANGED,120967,63065,-57902,a6cd6f441c2deac3,d288fec8e01abb48,A-015.xlsx
A-016,True,CONTENT_CHANGED,98903,55147,-43756,68633db19de05d49,ba7d6c3e1981cd03,A-016.xlsx
A-017,True,CONTENT_CHANGED,90139,43062,-47077,e53d8a4d5ac828db,218b9be5b284e4e5,A-017.xlsx
A-018,True,CONTENT_CHANGED,110885,65955,-44930,47c03aa44aa41af4,63f4762b5505d106,A-018.xlsx
A-019,True,CONTENT_CHANGED,81857,36489,-45368,cd21283c548a18da,0c06e6f0cd48d9e1,A-019.xlsx
A-020,True,CONTENT_CHANGED,82614,37546,-45068,9bec94ce4c89be66,d240b820d87de115,A-020.xlsx
A-021,True,CONTENT_CHANGED,83666,38908,-44758,c3452254c7270ae1,9c249ddb02e6f85b,A-021.xlsx
A-022,True,CONTENT_CHANGED,91242,42613,-48629,d8d658c58f3271c5,38d2e4188f6b5682,A-022.xlsx
A-023,True,CONTENT_CHANGED,227668,58181,-169487,834bfe67992f3cba,6aa4b6f958cce33d,A-023.xlsx
A-024,True,CONTENT_CHANGED,133683,90783,-42900,bb37953eea874854,cdad0a8f677d1eb4,A-024.xlsx
A-025,True,CONTENT_CHANGED,82593,36550,-46043,c8c3bab471fcf93c,cde5eb085cee40c1,A-025.xlsx
A-026,True,CONTENT_CHANGED,82503,37264,-45239,3d16d467353b144d,466f5157a5dbc477,A-026.xlsx
A-027,True,CONTENT_CHANGED,91490,43657,-47833,84244f812db69b6a,27bae84762a11419,A-027.xlsx
A-028,True,CONTENT_CHANGED,86583,40388,-46195,96c538eb8fd1f2fe,e431fe5bb40d91d4,A-028.xlsx
A-029,True,CONTENT_CHANGED,84620,38884,-45736,5f98ec838af86e05,2be794c6ba4e0fc9,A-029.xlsx
A-030,True,CONTENT_CHANGED,82042,37395,-44647,f03a9119a4fb3651,541dc5e2663cd1db,A-030.xlsx
A-031,True,CONTENT_CHANGED,83636,38421,-45215,4615c00e6a1996eb,7ce88c6be6158382,A-031.xlsx
A-032,True,CONTENT_CHANGED,85767,40901,-44866,648162234cf4e97d,ba399e659fb1374c,A-032.xlsx
A-033,True,CONTENT_CHANGED,83816,38866,-44950,a217a5443cc58974,4aee4f025d9a5cc4,A-033.xlsx
B-001,True,CONTENT_CHANGED,43201,20804,-22397,4f8cc81911c00e65,4225a47f3ae18580,B-001.xlsx
B-002,True,CONTENT_CHANGED,40758,17829,-22929,92e1070d2fa74e4e,176b68d333216db6,B-002.xlsx
B-003,True,CONTENT_CHANGED,51882,1044595,992713,9e2408456f4d5e76,671228e7b578bac2,B-003.xlsx
B-004,True,CONTENT_CHANGED,116392,4291633,4175241,e702aa9ec9d1d026,cfd733787f71e3c1,B-004.xlsx
B-005,True,CONTENT_CHANGED,53176,3440357,3387181,e814395ec56f95b8,32c4f86fab2dff67,B-005.xlsx
B-006,True,CONTENT_CHANGED,89229,4339383,4250154,fa5095e1c54fa293,35b69704f9d2bd0d,B-006.xlsx
B-007,True,CONTENT_CHANGED,80893,4205520,4124627,70ed08a0d5baadaf,3d3e8a300a6c5682,B-007.xlsx
B-008,True,CONTENT_CHANGED,138154,176326,38172,50a0eb52b9884ceb,daa5306f24652f15,B-008.xlsx
B-009,True,CONTENT_CHANGED,101707,89636,-12071,431be87b44e7c887,3bcee89227c9e43a,B-009.xlsx
B-010,True,CONTENT_CHANGED,37851,15801,-22050,775f4aa5ce66f41c,f9b74ee3edf63e85,B-010.xlsx
B-011,True,CONTENT_CHANGED,96885,79929,-16956,6af1705f3ce0f07b,312f8218b3bd78e6,B-011.xlsx
B-012,True,CONTENT_CHANGED,61824,69505,7681,ec1b020bd0d627ce,31969f365fe43afc,B-012.xlsx
B-013,True,CONTENT_CHANGED,43770,21220,-22550,b125d9fca363c8da,e69c74ec2bd1d4cf,B-013.xlsx
B-014,True,CONTENT_CHANGED,36515,13957,-22558,438ed53848d95374,06e3de2a215638e1,B-014.xlsx
B-015,True,CONTENT_CHANGED,38990,17599,-21391,6cfc8e176a5b19ec,c690cb82b1166316,B-015.xlsx
B-016,True,CONTENT_CHANGED,36753,15118,-21635,afa4c4a1ca18f294,84f14bee3cac528b,B-016.xlsx
B-017,True,CONTENT_CHANGED,375227,482722,107495,556367ce300aafd2,7a206ca27d543aef,B-017.xlsx
B-018,True,CONTENT_CHANGED,49419,27882,-21537,b4ac51e329ccb0ed,6b29e51364735c87,B-018.xlsx
B-019,True,CONTENT_CHANGED,40034,18140,-21894,5dafec0ba4c11b21,a45d47ded50cdaa4,B-019.xlsx
B-020,True,CONTENT_CHANGED,192008,177985,-14023,6b6e70b1910cb520,6c157099e6335517,B-020.xlsx
B-021,True,CONTENT_CHANGED,170724,158118,-12606,f8ac1de2b7a50941,b3af99ad60bfb40f,B-021.xlsx
B-022,True,CONTENT_CHANGED,38030,15497,-22533,f3a548a2d040a8cf,761fa214a789d44f,B-022.xlsx
B-023,True,CONTENT_CHANGED,37742,14756,-22986,9a4e7e2a2e838a76,cf62b178d4f129d3,B-023.xlsx
B-024,True,CONTENT_CHANGED,44650,23656,-20994,4d31dd0ce5a56e34,658020aba1e347d0,B-024.xlsx
B-025,True,CONTENT_CHANGED,38579,16421,-22158,433b962806ca0048,8fd87655cb75af57,B-025.xlsx
B-026,True,CONTENT_CHANGED,36611,28437,-8174,18f71e405842f5dd,77de8bee906e7037,B-026.xlsx
B-027,True,CONTENT_CHANGED,36404,15314,-21090,7f6a1b7d8b6d08fe,f3fa39d5fb1f26bd,B-027.xlsx
B-028,True,CONTENT_CHANGED,39375,15296,-24079,106c2cc202fddbcd,291052eaf7c213e3,B-028.xlsx
B-029,True,CONTENT_CHANGED,45786,48567,2781,5575a37109c6c97a,f1181dce1ad4bdf4,B-029.xlsx
B-030,True,CONTENT_CHANGED,37884,31569,-6315,39fdf9b4313f6bcf,06c1b36eaee1599d,B-030.xlsx
B-031,True,CONTENT_CHANGED,82558,27255,-55303,94806f6e6606ca33,fa9f7fb25bd0a17a,B-031.xlsx
B-032,True,CONTENT_CHANGED,54793,24407,-30386,3b316c12453840ef,0730f1b1553985d2,B-032.xlsx
B-033,True,CONTENT_CHANGED,128130,249178,121048,e18a4948b6f94a69,077561c78a93c1d7,B-033.xlsx
B-034,True,CONTENT_CHANGED,147518,51935,-95583,5e0d993984136932,58208ec6c9bfed9b,B-034.xlsx
B-035,True,CONTENT_CHANGED,109364,91528,-17836,673f6520836d8956,37fb205b7e084ff0,B-035.xlsx
B-036,True,CONTENT_CHANGED,44573,23279,-21294,b9151fd30e2ad025,5d16caedfa1342e8,B-036.xlsx
B-037,True,CONTENT_CHANGED,73735,134635,60900,908b520c58dd9a32,27e6c87607502f0b,B-037.xlsx
B-038,True,CONTENT_CHANGED,53090,32881,-20209,3c15ecad1e8b2a9f,e4b671de59cadfa7,B-038.xlsx
B-039,True,CONTENT_CHANGED,46786,50346,3560,a5170f3d2b6b8ae0,1013dfdac03067e0,B-039.xlsx
B-040,True,CONTENT_CHANGED,48810,46101,-2709,b9e56e5d070fd703,441c7ab955598da6,B-040.xlsx
B-041,True,CONTENT_CHANGED,48817,37347,-11470,1332615475bfc2e6,03340ba7a55ea7c1,B-041.xlsx
B-042,True,CONTENT_CHANGED,67458,43975,-23483,d4818ea56e41706b,3573d5c3ecbbe223,B-042.xlsx
B-043,True,CONTENT_CHANGED,58246,38358,-19888,477373a88811b9b8,21d14235ec4a4e05,B-043.xlsx
B-044,True,CONTENT_CHANGED,42786,21321,-21465,e9b1daeb50ffc572,c63665518ad8c9e9,B-044.xlsx
B-045,True,CONTENT_CHANGED,47227,26759,-20468,055e938d65f93889,d1c1c7ec82e85a30,B-045.xlsx
B-046,True,CONTENT_CHANGED,37859,16060,-21799,d176db0e39599f04,ae8e73b93ffb47cf,B-046.xlsx
B-047,True,CONTENT_CHANGED,37953,16102,-21851,7b7eeacb80808a36,3bf19e3e5d662065,B-047.xlsx
B-048,True,CONTENT_CHANGED,38219,13668,-24551,57b40b4a862d261d,b0e52f56c7ff74a0,B-048.xlsx
C-001,True,CONTENT_CHANGED,95836,65245,-30591,2fa3c64802b07d91,bce897f3c6492724,C-001.xlsx
C-002,True,CONTENT_CHANGED,105404,72431,-32973,e46a54c486cfe99c,c8e3c1fcb0145ac0,C-002.xlsx
C-003,True,CONTENT_CHANGED,115605,74761,-40844,bc2b912e886a76b8,f2f77685eeefa8b4,C-003.xlsx
C-004,True,CONTENT_CHANGED,104718,70747,-33971,eb5602915a275794,436b00ce7368a532,C-004.xlsx
C-005,True,CONTENT_CHANGED,127205,81016,-46189,b278446e130f3c60,8a84a729c2719707,C-005.xlsx
C-006,True,CONTENT_CHANGED,107795,70489,-37306,aa7a264053f0d18a,20076b8f82ce8890,C-006.xlsx
C-007,True,CONTENT_CHANGED,93207,63178,-30029,ef52e2de17b92e96,c38c888d16cd0dd7,C-007.xlsx
C-008,True,CONTENT_CHANGED,140444,99961,-40483,76c8d58ca08bb0e9,0cc351019d701cd5,C-008.xlsx
C-009,True,CONTENT_CHANGED,170607,95332,-75275,8476e45502fac3fe,5efed05aec9806cb,C-009.xlsx
C-010,True,CONTENT_CHANGED,114652,74081,-40571,d158ac4f1b0d8126,2cfc75c57e69172f,C-010.xlsx
C-011,True,CONTENT_CHANGED,100862,67220,-33642,6ab29553dae826cf,4fb7e87127c79306,C-011.xlsx
C-012,True,CONTENT_CHANGED,126110,81417,-44693,263c087163914239,188985a147baabb6,C-012.xlsx
C-013,True,CONTENT_CHANGED,107560,70470,-37090,ec545740c8d6cc14,4b9a536231d5c604,C-013.xlsx
C-014,True,CONTENT_CHANGED,120617,74958,-45659,fe4e21057e99e783,bd9968f157537bf7,C-014.xlsx
C-015,True,CONTENT_CHANGED,93030,63164,-29866,00c0e8977401ab42,bc6dc11ec57cee06,C-015.xlsx
C-016,True,CONTENT_CHANGED,309798,167346,-142452,ddb61ed5ed6088cf,2e93fc079e4d45c6,C-016.xlsx
C-017,True,CONTENT_CHANGED,104391,70756,-33635,b062b6e567ecb078,6106948630519c30,C-017.xlsx
C-018,True,CONTENT_CHANGED,123659,77013,-46646,2a94d5b62be2a28d,f00126d09b4eca7d,C-018.xlsx
C-019,True,CONTENT_CHANGED,122941,85699,-37242,ca7185640456ddc3,66977e61c1dee459,C-019.xlsx
C-020,True,NEITHER,,,,,,
C-021,True,NEITHER,,,,,,
C-022,True,CONTENT_CHANGED,112632,77968,-34664,5b4672798f7b96d7,f9f993419d160b21,C-022.xlsx
C-023,True,NEITHER,,,,,,
C-024,True,CONTENT_CHANGED,85488,63253,-22235,eb049d0733adadd7,06e7cc7640833637,C-024.xlsx
C-025,True,CONTENT_CHANGED,101838,122433,20595,7689db85feee4006,d29c0846449cc241,C-025.xlsx
D-001,True,CONTENT_CHANGED,85910,61779,-24131,409383cdbcec26de,cbee9fb1b48f8f4a,D-001.xlsx
D-002,True,CONTENT_CHANGED,85566,60707,-24859,691310c696f3d42e,31bef159e33d3c30,D-002.xlsx
D-003,True,CONTENT_CHANGED,86640,62391,-24249,00211112b34b6e54,f765a9bf0aa39081,D-003.xlsx
D-004,True,CONTENT_CHANGED,87102,63037,-24065,478d3f3824a4361b,68692fb243185d49,D-004.xlsx
D-005,True,CONTENT_CHANGED,86969,62604,-24365,e5f4d70b7c2f1426,c3bddb20b34b02aa,D-005.xlsx
D-006,True,CONTENT_CHANGED,86641,70452,-16189,f51470a16ef8b340,0be17c4750460d33,D-006.xlsx
D-007,True,CONTENT_CHANGED,85342,60387,-24955,e50ed10fe701f6a3,81c78c71ccffff69,D-007.xlsx
D-008,True,CONTENT_CHANGED,88449,64704,-23745,e3edabdf08c154dd,5b0b916c87443700,D-008.xlsx
D-009,True,CONTENT_CHANGED,85607,60319,-25288,1c167e181afc4c20,8c29659db32c82d1,D-009.xlsx
D-010,True,CONTENT_CHANGED,86396,61919,-24477,e7242641661d17c4,0b595d790aceaa98,D-010.xlsx
D-011,True,CONTENT_CHANGED,116097,97492,-18605,3b766d3ebbbf28b9,2f4fc9649ac17b20,D-011.xlsx
D-012,True,CONTENT_CHANGED,90574,64017,-26557,7dfc8d99b75795b5,4fdd6b7f03f5ecb4,D-012.xlsx
D-013,True,CONTENT_CHANGED,87966,65140,-22826,ddd5fc23d689a159,74fe949177b67a28,D-013.xlsx
D-014,True,CONTENT_CHANGED,105682,94148,-11534,da74d9cc4fc68a0b,b2ead3c71031b467,D-014.xlsx
D-015,True,CONTENT_CHANGED,182510,209586,27076,3fbe5a079ac620e7,ec7dfe0f792ab8fc,D-015.xlsx
D-016,True,CONTENT_CHANGED,122425,114895,-7530,ea6b031572f63941,ab00d60a26f01964,D-016.xlsx
D-017,True,CONTENT_CHANGED,86908,62107,-24801,28ab6e28a078e0b4,6eacee9a90198f06,D-017.xlsx
D-018,True,CONTENT_CHANGED,86695,62638,-24057,e296797980024c87,518ca1b9eded3d84,D-018.xlsx
D-019,True,CONTENT_CHANGED,89266,64553,-24713,d9f7eb28726c19e8,88414937f72601e4,D-019.xlsx
D-020,True,CONTENT_CHANGED,88200,64441,-23759,353a0e223c9fc1ab,9c508c39a3fdb1c0,D-020.xlsx
D-021,True,CONTENT_CHANGED,180515,217341,36826,fce57cf347ebd52c,ab67d805fddd7a35,D-021.xlsx
D-022,True,CONTENT_CHANGED,88763,65518,-23245,c15e648b0e547c3f,ca036b5bb4f38091,D-022.xlsx
D-023,True,CONTENT_CHANGED,102293,89635,-12658,534dd25a086cb6ca,edd275bd2a2fcabb,D-023.xlsx
D-024,True,CONTENT_CHANGED,87278,62624,-24654,6c8a2c6d698e6687,6d10544530ec5f30,D-024.xlsx
D-025,True,CONTENT_CHANGED,107715,93944,-13771,0b389112d932e04f,d138b16ae215b4f6,D-025.xlsx
D-026,True,CONTENT_CHANGED,88588,65188,-23400,8a0df3074bd5eb52,c9bff547a3344d04,D-026.xlsx
E-001,True,CONTENT_CHANGED,83949,64268,-19681,c856aa1c9a9061a7,969c8ecb48372ab4,E-001.xlsx
E-002,True,CONTENT_CHANGED,81501,57815,-23686,c2d10f20a7ca1da3,65a1e0867ab8e5a7,E-002.xlsx
E-003,True,CONTENT_CHANGED,81152,58889,-22263,dc223453d648cb12,21439590a8c40ac5,E-003.xlsx
E-004,True,CONTENT_CHANGED,89148,77617,-11531,a3a9f5a2f1cb5e61,b105351294b2aac8,E-004.xlsx
E-005,True,CONTENT_CHANGED,85089,67309,-17780,e6eaea897abfb5ad,dc9c0524cc177226,E-005.xlsx
E-006,True,CONTENT_CHANGED,86382,69364,-17018,fdb62904edb4e44c,bd14fe5140fecc33,E-006.xlsx
E-007,True,CONTENT_CHANGED,86540,64757,-21783,ae48fbfcaf1dddca,029ed88832f52ccd,E-007.xlsx
E-008,True,CONTENT_CHANGED,91944,106138,14194,24742f33ba5d5245,5cad049fdf9c97bc,E-008.xlsx
E-009,True,CONTENT_CHANGED,82586,59781,-22805,9929d260528b2ff5,b44bb5e35dc78604,E-009.xlsx
E-010,True,CONTENT_CHANGED,87077,63596,-23481,86ddd4fcb1f6b4f0,29720d0280556af1,E-010.xlsx
E-011,True,OLD_ONLY,77162,,,13b52410a9486bd3,,
E-012,True,CONTENT_CHANGED,103588,82430,-21158,c68855ab9fd3ee26,c2d8ac7365332132,E-012.xlsx
E-013,True,OLD_ONLY,81113,,,0a27caf5815e0c79,,
E-014,True,CONTENT_CHANGED,80318,61385,-18933,2c45f41850ae1bcb,648402b00a724ff2,E-014.xlsx
E-015,True,CONTENT_CHANGED,79625,59159,-20466,52d11bf1a32f6834,29f4b6b36604196e,E-015.xlsx
E-016,True,OLD_ONLY,80487,,,e5128b80f752559b,,
E-017,True,OLD_ONLY,80290,,,28933a4e128b35bf,,
E-018,True,CONTENT_CHANGED,86314,68894,-17420,83dd7f1642a585ce,afbbdc0ccf76edff,E-018.xlsx
E-019,True,CONTENT_CHANGED,81548,61942,-19606,2da7d4f5ab63ba2a,e922e10f06eb8e9e,E-019.xlsx
E-020,True,CONTENT_CHANGED,87003,61505,-25498,dbec40c6f80b151a,2ea8c4d4b77ce43d,E-020.xlsx
