문제ID,대상,문제,재현순서,실제결과,기대결과,근거,배포미반영여부,중요도,캡처,parentFindingId,원인그룹,정정이력
LQA-001,A-017,기술 선택창의 선택지와 표시값이 모두 원천 숫자코드다(한글 표시명 없음),1) https://nigtldcmap.vercel.app/?view=data&country=VNM&element=A-017#element-detail 접속 2) 필터 행의 세 선택창을 각각 읽기(분류 / 기술 / 연도) 3) 기술 선택창을 좌표 클릭으로 펼쳐 선택지 확인 4) Down 1회씩 이동하며 표시값·URL·차트 결과 기록,"기술 선택창의 선택지가 전체 / 1 / 1,24 / 3 / 3,24 / 16 의 6개이며 모두 숫자코드다. 펼친 상태에서도 한글 표시명이 없고, 선택 후 접힌 표시값도 같은 코드다. 사용자는 1이 태양광인지 16이 화력인지 알 수 없다. URL은 dim.technology=<코드>.",기술 선택창의 선택지와 표시값에 상위 기술분류의 한글 표시명(태양광 / 태양광+저장 / 풍력 / 풍력+저장 / 화력 등)을 사용해야 한다,같은 화면의 분류 선택창(dim.category)은 24개 한글 표시명을 선택지와 표시값에 모두 정상 사용하므로 플랫폼이 한글 표시명을 넣을 수 없는 구조는 아니다. 상세 데이터 표의 지역·성별·기술·시나리오 열도 같은 코드 16을 노출한다.,LIVE_DEFECT_NOT_YET_FIXED,P1,"screenshots/a017-tech-3-24-filter-zoom.png, screenshots/a017-tech-3-filter-zoom.png, screenshots/a017-detail-table-rawcode-16-958x918.jpg, screenshots/a017-category-korean-label-zoom.png",,G1 원천코드 노출,"2026-09-08 정정: 최초 기록은 ""펼치면 한글 24종, 접으면 숫자""로 적었으나 오독이었다. 한글 24종은 분류 선택창(ref_8, dim.category)이고 숫자코드는 별개의 기술 선택창(ref_9, dim.technology)이다. 두 선택창을 같은 컨트롤의 상태 차이로 해석한 것을 정정한다. 결함 자체(코드 노출)는 유지."
LQA-002,A-017,[정정됨/결함 아님] 기술 코드가 상위 기술분류이며 필터 결과 범위는 원천 분류와 일치한다,"1) A-017 기술 선택창에서 1 / 1,24 / 3 / 3,24 / 16 을 차례로 선택 2) 각 상태의 차트 계열 기록","코드 1=태양광+수상 태양광, 1,24=태양광+배터리(4시간), 3=육상풍력+해상풍력, 3,24=육상풍력+배터리(4시간), 16=가스복합화력(CCGT)+석탄화력. 5개 코드가 8개 기술을 2+1+2+1+2로 빠짐없이 분할한다.",상위 기술분류 필터로서 정상 동작. 코드 3이 육상·해상풍력을 함께 반환하는 것은 풍력 분류로서 옳다,"5개 코드의 반환 계열을 모두 실제 선택해 확인한 결과 중복·누락 없이 8개 기술을 분할한다. 따라서 선택지 라벨과 결과 범위의 불일치는 존재하지 않으며, 남는 문제는 분류명이 코드로만 표시되는 것(LQA-001)뿐이다.",NO_ISSUE_IN_REVIEWED_STATE,-,"screenshots/a017-tech-3-chart-6rows-958x918.jpg, screenshots/a017-default-chart-24rows-958x918.jpg",,,"2026-09-08 정정: 최초에 ""선택지 라벨과 결과 범위 불일치""로 P1 결함 기록했으나 오판이었다. 5개 코드를 전수 확인한 결과 상위 기술분류이며 결과 범위가 맞다. 결함에서 제외하고 LQA-001로 흡수한다."
LQA-003,A-017,대표 KPI가 24행 구간값 중 첫 행을 전체 대표값처럼 표시한다,1) A-017 기본 상태 2) 상단 KPI 카드 확인,KPI 카드가 'LCOE 85 USD/MWh · 2050 · 가스복합화력(CCGT)(하한)'로 표시된다. 24개 행이 8개 기술의 하한·기준값·상한 구간값인데 그 중 첫 행이 측정치 이름을 달고 대표값처럼 보인다,구간값 분해행만 있고 합계·대표행이 없으면 단일 KPI를 생략하고 비교 차트가 답하도록 해야 한다,미병합 브랜치 커밋 574ef2a의 SemanticArchetypePreviewV125.tsx singleSubjectV136_4 도입으로 동일 증상이 이미 수정됨. 브랜치 기록 reports/v136/screen-review-record-v136-4.csv A-017 행에 '가스복합화력(하한) 85 USD/MWh가 전체 대표값처럼 표시'로 동일 기술,ALREADY_FIXED_UNDEPLOYED,P1,screenshots/a017-default-filters-kpi-958x918.jpg,,G5 첫 항목이 기본·대표값,
LQA-004,A-017,2030·2050 전망치를 관측기간으로 표기한다,1) A-017 기본 상태 2) '데이터 분석' 헤더 우측 메타 문구 확인 3) 상세 데이터 펼쳐 연도 열 확인,헤더에 '베트남 · 지표 24종 · 관측기간 2023~2050년'으로 표시된다. 상세 데이터의 연도는 2023 / 2030 / 2050 세 값이고 제공기관은 BloombergNEF이다. 2030·2050은 관측이 아니라 전망이다,전망 자료는 관측기간이 아니라 전망연도 또는 기준연도·전망연도로 구분 표기해야 한다,"상세 데이터 표에서 CCGT(하한) 2023=84, 2030=84, 2050=85로 미래연도 값이 존재. 원천은 BloombergNEF LCOE 전망",LIVE_OBSERVATION_NEEDS_VERIFICATION,P1,"screenshots/a017-default-top-958x918.jpg, screenshots/a017-detail-table-rawcode-16-958x918.jpg",,G2 전망을 관측으로 표기,
LQA-005,A-017,상세 데이터 행수 표기가 기술 필터를 따르지 않는다,1) A-017 기본 상태에서 '상세 데이터' 접힘 머리글 확인 2) 기술 필터를 dim.technology=3으로 변경 3) 같은 머리글 재확인,두 상태 모두 '상세 데이터 · 전체 72행 · 값 있음 72행 · 결측 0행'으로 동일하다. 같은 화면에서 위 차트는 24행에서 6행으로 줄어드는데 아래 행수는 그대로다,"필터가 상세 데이터에 적용되지 않는 설계라면 '필터와 무관한 전체 원천 행'임을 명시해야 하고, 적용되는 설계라면 행수도 함께 줄어야 한다",72행 = 24개 측정 x 3개 연도(2023/2030/2050). 필터 적용 상태에서도 72행 유지,LIVE_OBSERVATION_NEEDS_VERIFICATION,P2,"screenshots/a017-default-rowcount-72-958x918.jpg, screenshots/a017-tech-3-chart-6rows-958x918.jpg",,G4 필터 적용범위 불일치,
LQA-006,A-017,상세 데이터의 차원 열 머리글이 네 가지를 합쳐 놓아 값의 의미를 알 수 없다,1) A-017 상세 데이터 펼침 2) 세 번째 열 머리글과 값 확인,"열 머리글이 '지역·성별·기술·시나리오'이고 값은 '16'이다. 사용자는 16이 지역인지 기술인지 시나리오인지 알 수 없고, 16이라는 코드의 뜻도 알 수 없다","해당 데이터에 실제로 존재하는 차원만 열로 제시하고, 코드가 아니라 표시명을 넣어야 한다",LCOE 자료에는 성별·지역 차원이 없다. 그럼에도 네 차원을 합친 고정 머리글이 사용된다,LIVE_DEFECT_NOT_YET_FIXED,P2,screenshots/a017-detail-table-rawcode-16-958x918.jpg,LQA-001,G1 원천코드 노출,
LQA-007,A-017,화면 소개 문구가 이 데이터와 무관한 사업·기관 구성 설명이다,1) A-017 상세 진입 2) 제목 아래 한 줄 확인,'베트남 · 발전원별 균등화 발전비용의 사업 규모와 분야·기관별 구성을 확인할 수 있습니다'로 표시된다. LCOE는 사업 규모도 기관별 구성도 아니다,이 데이터가 답하는 질문(기술별 발전비용 수준과 불확실성 구간 비교)을 서술해야 한다,화면에 사업·기관 관련 요소가 없고 차트는 기술별 USD/MWh 구간값뿐이다,LIVE_DEFECT_NOT_YET_FIXED,P2,screenshots/a017-default-top-958x918.jpg,,,
LQA-008,A-017,하한·기준값·상한이 구간이 아니라 서로 독립된 24개 막대로 표현된다,1) A-017 기본 상태 2) '항목별 값' 차트 확인,"8개 기술의 하한·기준값·상한이 각각 별개의 가로 막대 24개로 나열된다. 같은 기술의 세 값이 하나의 불확실성 구간임을 시각적으로 알 수 없고, 기술 간 비교도 24행을 눈으로 묶어야 가능하다","기술 8개를 축으로 두고 하한~상한을 구간(범위 막대)으로, 기준값을 점으로 표현하면 기술 비교와 불확실성을 동시에 읽을 수 있다","원천이 기술별 low/base/high 3값 구조임이 라벨과 값으로 확인된다(예: 태양광 18/21/25, 육상풍력 22/37/53)",LIVE_DEFECT_NOT_YET_FIXED,P2,screenshots/a017-default-chart-24rows-958x918.jpg,,,
LQA-009,도구제약,브라우저 확장이 페이지 내 JavaScript 실행을 차단하여 DOM 일괄 수집을 쓸 수 없다,1) javascript_tool로 document 질의 시도,[BLOCKED: Cookie/query string data] 반환. 우회하지 않고 read_page / get_page_text / 실제 포인터·키보드 조작으로만 검수 진행,해당 없음(도구 제약 기록),확장 보안 제한. 우회 금지 지침에 따라 우회 시도하지 않음,NO_ISSUE_IN_REVIEWED_STATE,-,-,,,
LQA-010,B-008,200개 조합이 지점·시나리오·분위수 선택 없이 하나의 긴 항목 목록으로만 제공된다,1) https://nigtldcmap.vercel.app/?view=data&country=VNM&element=B-008#element-detail 접속 2) 필터 영역 확인 3) 항목 셀렉트 펼쳐 선택지 확인,선택 컨트롤이 '항목'과 '연도' 두 개뿐이다. 항목 셀렉트 하나에 '상대해수면 Da Nang(중부 다낭) SSP1-1.9 17퍼센타일 · m' 형태의 200개 항목이 평면 나열된다. 지점·시나리오·분위수를 각각 고를 수 없어 '다낭의 시나리오별 비교'나 '전 지점 SSP2-4.5 중앙값 비교'를 만들 수 없다,지점(5) / 시나리오(5) / 분위수(5) / 변수(3)를 각각 선택하는 컨트롤로 분해해야 조합 탐색이 가능하다,"실제 목록 구조는 상대해수면 m 5지점x5시나리오x5분위수=125, 상승속도 mm/yr 5지점x5시나리오x중앙값=25, 상대해수면(저신뢰도) m 5지점x2시나리오x5분위수=50 으로 합계 200이며 헤더의 '지표 200종'과 일치한다",LIVE_DEFECT_NOT_YET_FIXED,P1,screenshots/b008-flat-selector-kpi-negative-958x918.jpg,,,
LQA-011,B-008,단위가 다른 변수와 저신뢰도 계열이 같은 목록에 섞여 있어 구분 없이 선택된다,1) B-008 항목 셀렉트 펼침 2) 목록 하단까지 확인,"같은 목록 안에 단위 m인 '상대해수면', 단위 mm/yr인 '상대해수면 상승속도', 그리고 신뢰도가 다른 '상대해수면(저신뢰도)'가 연속으로 나열된다. 사용자가 저신뢰도 전망을 고른 사실이나 단위가 m에서 mm/yr로 바뀐 사실을 별도 표시로 알기 어렵다",변수와 신뢰도는 목록 문자열이 아니라 별도 선택 또는 구분 표시로 제시해야 한다,저신뢰도 계열은 SSP1-2.6과 SSP5-8.5 2개 시나리오만 존재하여 주 계열(5개 시나리오)과 범위가 다르다,LIVE_DEFECT_NOT_YET_FIXED,P1,screenshots/b008-flat-selector-kpi-negative-958x918.jpg,,,
LQA-012,B-008,기본 선택이 최저배출·저분위 조합이라 '해수면 상승 전망' 화면이 음수값으로 열린다,1) B-008 상세 진입(파라미터 없이) 2) KPI와 차트 확인,기본 measure가 목록 첫 항목인 'Da Nang SSP1-1.9 17퍼센타일'로 잡히고 KPI가 '-0.438 m · 2100'으로 표시된다. 차트도 2020년 약 -0.04 m에서 2100년 약 -0.47 m로 내려가는 선 하나만 보인다. 상승 전망 화면의 첫인상이 하강이다,"기본값은 중앙값과 중간 시나리오(예: SSP2-4.5 중앙값)로 두거나, 시나리오 범위를 함께 보여주는 상태로 열려야 한다",목록 정렬상 첫 항목이 그대로 기본값이 된 결과다. 미병합 브랜치의 KPI 생략 수정(singleSubjectV136_4)은 연도축 단일 대상에는 적용되지 않아 이 건을 해결하지 않는다,LIVE_DEFECT_NOT_YET_FIXED,P1,"screenshots/b008-flat-selector-kpi-negative-958x918.jpg, screenshots/b008-trend-no-zero-baseline-958x918.jpg",LQA-003,G5 첫 항목이 기본·대표값,
LQA-013,B-008,부호 있는 값의 추세 차트에 0 기준선이 없다,1) B-008 기본 상태 2) '2020~2100년 추세' 차트 y축 확인,"y축이 -0.0395 ~ -0.4675 로만 구성되고 0 기준선이 없다. 값이 모두 음수인데 0이 화면에 없어 해수면이 기준 대비 내려가는 중인지, 얼마나 내려가는지 크기 감각을 잡을 수 없다",부호가 있는 값에는 0 기준선을 표시하고 축 범위에 0을 포함해야 한다,단위 m의 상대해수면 변화량이며 음수는 기준시점 대비 하강을 뜻한다,LIVE_DEFECT_NOT_YET_FIXED,P1,screenshots/b008-trend-no-zero-baseline-958x918.jpg,,G3 부호 있는 값의 0 기준선·방향,
LQA-014,B-008,범례 문구가 표시기간·확대 버튼군에 가려 잘린다,1) B-008 기본 상태 2) 차트 상단 범례 확인 (콘텐츠 폭 958px),범례가 '상대해수면 Da Nang(중부 다낭) SSP1-1.9 (공통사회경제경로 1-1' 에서 잘리고 그 자리에 '표시기간 전체 / 축소 / 확대 / 전체' 버튼군이 겹쳐 있다. 약어 풀이 '(공통사회경제경로 1-1.9)'를 끝까지 읽을 수 없다,범례와 조작 버튼군이 겹치지 않도록 배치하거나 범례를 줄바꿈 처리해야 한다,958x918 뷰포트에서 재현. 더 넓은 뷰포트는 미검수(PENDING),LIVE_DEFECT_NOT_YET_FIXED,P2,screenshots/b008-legend-overlap-zoom.png,,,
LQA-015,B-008,분위수 정렬이 숫자순이 아니라 문자열순이다,1) B-008 항목 셀렉트 펼침 2) 한 지점·한 시나리오 안의 분위수 순서 확인,한 조합 안에서 '17퍼센타일 → 5퍼센타일 → 83퍼센타일 → 95퍼센타일 → 중앙값' 순으로 나열된다. 5퍼센타일이 17퍼센타일 뒤에 오고 중앙값이 95퍼센타일 뒤에 온다,5 → 17 → 중앙값(50) → 83 → 95 의 분포 순서로 정렬해야 목록에서 구간을 읽을 수 있다,모든 지점·시나리오 조합에서 동일하게 재현,LIVE_DEFECT_NOT_YET_FIXED,P2,screenshots/b008-flat-selector-kpi-negative-958x918.jpg,,,
LQA-016,B-008,2100년까지의 전망을 관측기간으로 표기한다(LQA-004와 동일 패턴),1) B-008 상세 진입 2) '데이터 분석' 헤더 우측 메타 확인,'베트남 · 지표 200종 · 관측기간 2020~2100년'으로 표시된다. 전 구간이 NASA SSP 전망이며 관측이 아니다. 차트 y축 제목도 '측정값(m)'이다,전망 자료는 전망기간으로 표기하고 축 제목도 측정값이 아닌 전망값으로 해야 한다,같은 화면의 '지표 읽는 법'은 '시나리오는 예측이 아니라 서로 다른 미래 경로를 가정한 결과입니다'로 올바르게 안내하고 있어 헤더 표기와 상충한다,LIVE_DEFECT_NOT_YET_FIXED,P1,"screenshots/b008-default-top-958x918.jpg, screenshots/b008-trend-no-zero-baseline-958x918.jpg",LQA-004,G2 전망을 관측으로 표기,
LQA-017,B-034,음수와 양수 막대가 같은 방향·같은 색으로 절대값 길이만큼 그려져 흡수와 배출이 구분되지 않는다,1) https://nigtldcmap.vercel.app/?view=data&country=VNM&element=B-034#element-detail 접속 2) '항목별 값' 비교 차트까지 스크롤 3) 부호가 다른 행의 막대 길이·방향·색 비교,"모든 막대가 같은 좌측 기준에서 오른쪽으로만 뻗고 색도 동일하며 길이는 절대값에 비례한다. 예를 들어 2,923,480과 -2,935,180의 막대 길이가 거의 같고(약 253px 대 250px) 방향·색이 동일하다. 1,663,636(약 143px)과 -1,539,116(약 130px)도 마찬가지다. 0 기준선이 없다. 산림탄소 순플럭스에서 음수는 흡수, 양수는 배출을 뜻하는데 차트만 보면 정반대 의미의 두 지역이 동일하게 보인다","0 기준선을 두고 음수는 왼쪽, 양수는 오른쪽으로 그리거나 색으로 흡수·배출을 구분해야 한다","원천 public/data/vietnam/v2/downloads/b-034.csv 의 B-034_forest_carbon_net_flux 행 note에 ""음수 = 순흡수원(sink)""이 명시되어 있다. 따라서 부호 의미는 추정이 아니라 원천 정의다. 단위는 Mg CO2e/yr. 화면 차트에는 0 기준선이 없고 범례도 없으며 막대 색은 단일색이다. 음수를 일반적으로 좋은 값으로 해석하지 않으며, 이 지표에 한해 음수=흡수 양수=배출이라는 원천 정의를 근거로 한다.",LIVE_DEFECT_NOT_YET_FIXED,P0,screenshots/b034-sign-and-identical-labels-958x918.jpg,LQA-013,G3 부호 있는 값의 0 기준선·방향,2026-09-08 보강: 부호 의미를 원천 note로 확인해 근거를 교체. 화면에는 이 정의가 어디에도 표시되지 않는다.
LQA-018,B-034,비교 차트의 성 단위 행이 모두 '성(省) 단위'라는 같은 이름으로 표시되어 어느 지역인지 알 수 없다,1) B-034 기본 상태 2) '항목별 값' 비교 차트 행 이름 확인,60개가 넘는 행의 이름이 전부 '성(省) 단위'로 동일하다. 값만 다르고 지역명이 없어 어떤 성이 흡수원이고 어떤 성이 배출원인지 식별할 수 없다. 지도에서 보기로 넘어가지 않는 한 이 화면만으로는 지역을 특정할 수 없다,각 행에 해당 성(省)의 실제 이름을 표시해야 한다,같은 화면 KPI와 제목은 '지역별 분포와 지역 간 차이를 확인할 수 있습니다'라고 안내하나 지역을 구분할 수단이 없다,LIVE_DEFECT_NOT_YET_FIXED,P0,screenshots/b034-sign-and-identical-labels-958x918.jpg,,,
LQA-019,B-034,전국 임계값별 합계와 성 단위 값이 같은 비교 차트에 섞여 있다,1) B-034 기본 상태 2) 비교 차트 상단 3개 행과 이후 행 비교,"상단 3개 행이 '임계값별'(-4,361,423 / 862,269 / 4,570,972)이고 그 아래로 '성(省) 단위' 행이 이어진다. 임계값별 값은 임계값 정의가 다른 전국 집계로 보이며 개별 성 값과 같은 축에서 길이로 비교된다. 차트에서 가장 긴 막대가 집계행이라 시각적 순위가 집계에 지배된다",집계(전국 임계값별)와 부분(성 단위)을 같은 비교 차트에 넣지 말고 분리하거나 명확히 구분해야 한다,"-4,361,423은 상단 KPI '산림탄소 순플럭스'와 같은 값으로 전국 대표값으로 쓰이고 있다",LIVE_DEFECT_NOT_YET_FIXED,P1,screenshots/b034-sign-and-identical-labels-958x918.jpg,,,
LQA-020,B-034,항목 선택지의 단위 표기와 차트 단위 표기가 다르다,1) B-034 기본 상태 2) 항목 셀렉트 표시값과 차트 '단위' 표기 비교,"항목 셀렉트는 '산림탄소 순플럭스 · Mg CO2'로 표시되는데 차트와 값은 'Mg CO2e/yr'이다. CO2와 CO2e, 연간(/yr) 여부가 서로 다르다",같은 측정의 단위 표기를 한 형태로 통일해야 한다,두 표기 모두 같은 화면 안에서 동시에 보인다,LIVE_DEFECT_NOT_YET_FIXED,P2,"screenshots/b034-default-top-958x918.jpg, screenshots/b034-sign-and-identical-labels-958x918.jpg",,,
LQA-021,D-022,분야 필터를 적용해도 요약·연도별·분야별·목록 어느 것도 바뀌지 않는다,"1) https://nigtldcmap.vercel.app/?view=data&country=VNM&element=D-022#element-detail 접속 2) 분야 셀렉트 클릭 후 Down 1회, Enter 3) URL과 요약·차트·목록 확인","URL이 dim.dacSectorCode=14022로 바뀌었는데도 총 사업 수 15건, 확인 금액 합계 18.76억 USD·15건, 확인 기간 2009-2025가 그대로다. 연도별 사업 수 합계도 1+3+1+1+2+3+1+2+1=15건으로 동일하다. 단일 분야를 선택했는데 '주요 분야·기금 구성'은 여전히 에너지 기타 4건·공공행정 기타 2건·산림 개발 2건·상하수도 기타 1건·수력발전 1건·수상운송 항만 1건·위생(대규모) 1건·중앙정부 행정 1건 등 8개 분야를 나열한다. 개별 목록도 15건 그대로다","분야를 선택하면 요약 금액·건수, 연도별 분포, 분야 구성, 개별 목록이 모두 해당 분야로 좁혀져야 한다",단일 분야 필터 적용 상태에서 분야 구성 차트가 8개 분야를 보여주는 것 자체가 필터 미적용의 직접 증거다,LIVE_DEFECT_NOT_YET_FIXED,P0,"screenshots/d022-sector-14022-code-and-totals-958x918.jpg, screenshots/d022-sector-14022-breakdown-unchanged-958x918.jpg",LQA-005,G4 필터 적용범위 불일치,
LQA-022,D-022,분야 필터도 표시명이 아니라 원천 숫자코드로 표시된다(LQA-001과 동일 결함의 다른 화면·다른 차원),1) D-022에서 분야 셀렉트 선택 2) 셀렉트 표시값 확인,분야 셀렉트가 '14022'로 표시된다. URL은 dim.dacSectorCode=14022. 14022는 DAC 분야코드이며 사용자에게 의미가 전달되지 않는다,선택한 분야의 한글 표시명을 표시해야 한다,"A-017의 기술 차원(dim.technology='3','3,24')과 같은 양상이 D-022의 분야 차원에서도 재현되므로 특정 화면 문제가 아니라 차원 선택기 공통 문제다",LIVE_DEFECT_NOT_YET_FIXED,P1,screenshots/d022-sector-14022-code-and-totals-958x918.jpg,LQA-001,G1 원천코드 노출,
LQA-023,D-022,상단 필터와 개별 목록 자체 필터가 서로 다른 두 체계로 존재한다,1) D-022에서 상단 분야 필터를 14022로 설정 2) 하단 '사업·재원 찾아보기'의 연도·분야·기금 셀렉트 확인,상단 필터가 적용된 상태에서도 하단 목록의 '연도'와 '분야·기금' 셀렉트는 모두 '전체'로 남아 있고 서로 연동되지 않는다. 사용자는 같은 화면에서 두 개의 독립 필터를 만나게 된다,"한 화면의 필터 체계를 하나로 통합하거나, 적용 범위를 각각 명시해야 한다",상단 필터 변경 시 하단 셀렉트 상태와 목록 건수가 모두 불변,LIVE_DEFECT_NOT_YET_FIXED,P1,screenshots/d022-sector-14022-breakdown-unchanged-958x918.jpg,LQA-005,G4 필터 적용범위 불일치,
LQA-024,D-022,상단 대표 KPI가 약정액임을 밝히지 않고 금액만 표시한다,1) D-022 기본 상태 2) 상단 KPI 카드와 아래 핵심 수치 비교,"상단 KPI가 'MDB/DFI/PPP 투자 프로젝트 18.76억 USD · 2026'으로만 표시되고, 바로 아래 핵심 수치에는 '투자 약정액 합계 18.76억'과 '투자 집행액 합계 11.8억'이 따로 있다. 상단 값이 약정액인지 집행액인지 카드만으로는 알 수 없다",약정액·집행액을 구분해 표시하거나 모호한 단일 KPI를 생략해야 한다,미병합 커밋 574ef2a가 '모호한 상단 KPI 제거'로 동일 증상을 이미 수정했고 브랜치 기록 reports/v136/screen-review-record-v136-4.csv D-022 행에 같은 내용이 기술되어 있다,ALREADY_FIXED_UNDEPLOYED,P1,screenshots/d022-default-top-958x918.jpg,LQA-003,G5 첫 항목이 기본·대표값,
LQA-025,D-022,분야 필터를 적용하면 연도 선택기가 사라진다,1) D-022 기본 상태에서 필터 행 확인(항목·분류·분야·세부 분류·연도) 2) 분야를 14022로 변경 3) 필터 행 재확인,기본 상태에는 연도 셀렉트(2026)가 있으나 분야 선택 후에는 연도 셀렉트가 사라지고 URL에서도 year=2026이 제거된다. 사용자가 방금 쓰던 선택 수단이 예고 없이 없어진다,필터 조합에 따라 선택기가 사라지는 경우 비활성 상태로 남기거나 이유를 알려야 한다,선택 전후 필터 행 캡처로 확인,LIVE_OBSERVATION_NEEDS_VERIFICATION,P2,"screenshots/d022-default-top-958x918.jpg, screenshots/d022-sector-14022-code-and-totals-958x918.jpg",,,
LQA-026,D-025,설비용량 필터를 적용해도 요약·연도별·분야별 집계가 전혀 바뀌지 않는다,1) D-025 상세 진입 2) 설비용량 선택창을 좌표 클릭으로 펼치고 399 입력 후 Enter(=399 KM 선택) 3) 포트폴리오 핵심현황과 주요 분야·기금 구성 기록 4) 같은 화면을 dim.capacity 없이 다시 열어 동일 항목 비교,"399 KM 적용 상태와 미적용 상태가 완전히 동일하다. 두 상태 모두 총 사업 수 132건, 확인 금액 합계 289.67억 USD·125건, 확인 기간 2001-2024, 주요 분야·기금 구성 Energy/Electricity 131건 + Energy/Natural Gas 1건. 원천에서 capacity가 399 KM인 사업은 Nam Con Son Gas Pipeline 1건뿐인데도 132건 전체가 그대로 집계된다",설비용량을 선택하면 해당 값을 가진 사업만 남아 건수·금액·분야 구성이 그에 맞게 좁혀져야 한다,"원천 public/data/vietnam/v2/downloads/d-025.csv 20행 attributes_json의 capacity가 ""399 KM""이며 해당 사업은 Nam Con Son Gas Pipeline(총 투자액 1300 백만 USD, 민간지분율 49%, 섹터 Energy/Natural Gas/Natural gas transmission) 1건이다. 필터 적용 후에도 Energy/Electricity 131건이 남는 것이 미적용의 직접 증거",LIVE_DEFECT_NOT_YET_FIXED,P0,"screenshots/d025-capacity-399km-summary-958x862.jpg, screenshots/d025-capacity-399km-breakdown-958x862.jpg, screenshots/d025-unfiltered-baseline-identical-958x862.jpg",LQA-021,G4 필터 적용범위 불일치,"D-022 분야 필터와 동일 증상을 다른 화면·다른 차원에서 재현. 최초에 get_page_text가 카드 1건(Pha Lai Thermal)만 반환해 ""다른 사업이 조회된다""고 볼 뻔했으나, 전체 렌더링을 확인한 결과 잘못 조회된 것이 아니라 필터가 아예 적용되지 않아 목록 첫 사업이 보인 것이었다. 오조회로 기록하지 않는다"
LQA-027,D-025,길이(KM)와 단위 미기재 값이 설비용량 이름 아래 MW와 하나의 수치 순서로 나열된다,1) D-025 상세 진입 2) 설비용량 선택창을 펼쳐 선택지 순서를 확인,"선택창 이름이 설비용량이고 선택지가 ... 350 MW, 388 MW, 399 KM, 450 MW ... 순으로 정렬된다. 길이 단위 399 KM이 388 MW와 450 MW 사이에 놓여 용량 크기처럼 읽힌다. 같은 목록에 214 Not Available(단위 없음)과 Not Available MW(값 없음)도 함께 있다","서로 다른 물리량은 같은 축으로 정렬하지 않아야 하고, 이름도 용량이 아니라 사업 규모처럼 물리량을 단정하지 않는 말이어야 한다. 값 없음과 단위 없음은 구분해 표시해야 한다","원천 d-025.csv의 capacity 필드가 사업별로 서로 다른 물리량을 그대로 담고 있다(발전사업=MW, 가스관=KM). 원천에 이질적인 값이 있는 것 자체는 자료 특성이며, 이를 설비용량이라는 이름과 단일 수치 정렬로 제시해 용량 비교처럼 보이게 만든 것이 화면 문제다. 같은 화면의 기술별 총 투자액에는 발전설비 아님(가스관 등) 항목이 이미 있어 원천이 구분 정보를 갖고 있음이 확인된다",LIVE_DEFECT_NOT_YET_FIXED,P1,screenshots/d025-default-filter-labels-958x918.jpg,,,"표시명 변경(설비용량→사업 규모)과 결측 표기는 미병합 커밋 574ef2a에 이미 포함되어 ALREADY_FIXED_UNDEPLOYED이나, 이질 단위를 한 축으로 정렬하는 문제는 브랜치 기록에 없어 미해결로 분류한다"
LQA-028,D-025,기술 선택창이 다시 원천 숫자코드만 표시한다,1) D-025 상세 진입 2) 기술 선택창 선택지 확인,"선택지가 전체 / 1 / 1,3 / 1,3,5,8,15,18,24,32 / 3 / 5 / 8 / 15 로 모두 숫자코드다. 특히 1,3,5,8,15,18,24,32는 한 선택지 안에 8개 코드가 나열되어 무엇을 고르는지 알 수 없다",기술 분류의 한글 표시명을 사용해야 한다,A-017 기술 선택창(dim.technology)과 동일한 양상이 D-025에서도 재현된다. 같은 화면의 세부 분류 선택창은 태양광·풍력 등 한글명을 정상 사용하므로 표시명 자체는 존재한다,LIVE_DEFECT_NOT_YET_FIXED,P1,screenshots/d025-default-filter-labels-958x918.jpg,LQA-001,G1 원천코드 노출,
LQA-029,D-025,세부 분류 선택창에 상태·기술·집계정의가 한 목록으로 섞여 있다,1) D-025 상세 진입 2) 세부 분류 선택창 선택지 확인,"한 목록에 상태값(Active, Cancelled), 기술값(태양광, 풍력, 석탄(비재생), 대수력(>50MW) 등), 그리고 집계 정의(베트남 PPI 등록 프로젝트 총 건수, 전 프로젝트 총 투자액 단순합, 총 투자액 x 민간지분율)가 함께 들어 있다. 성격이 다른 세 종류를 같은 선택지로 고르게 되어 있다",분류 대상(기술·상태)과 집계 정의는 서로 다른 선택 수단으로 분리해야 한다,같은 화면에 상태 전용 선택창이 따로 있어 Active/Cancelled가 두 선택창에 중복 등장한다,LIVE_DEFECT_NOT_YET_FIXED,P1,screenshots/d025-default-filter-labels-958x918.jpg,,,
LQA-030,D-025,한 화면에 7개 선택창이 있고 일부는 선택지가 중복된다,1) D-025 상세 진입 2) 필터 영역의 선택창 수와 각 선택지 확인,"항목 / 설비용량 / 분류 / 세부 분류 / 상태 / 기술 / 연도 7개 선택창이 두 줄로 놓여 있고, 상태 선택창의 Active·Cancelled가 세부 분류 선택창에도 그대로 들어 있다. 연도 선택창은 선택지가 2024 하나뿐이다",중복 선택지를 없애고 선택지가 하나뿐인 선택창은 고정 표기로 바꾸는 것이 읽기 쉽다,선택창 7개와 각 선택지를 읽기 트리로 확인,LIVE_OBSERVATION_NEEDS_VERIFICATION,P2,screenshots/d025-default-filter-labels-958x918.jpg,,,
LQA-031,B-034,순플럭스 대표값이 2001-2025년 연평균인데 화면에는 2025년 값으로 표기된다,1) B-034 상세 진입 2) 연도 선택창과 KPI 표기 확인 3) 자료정보 펼쳐 자료기간 확인,"연도 선택창이 2025로 설정되고 KPI가 산림탄소 순플럭스 -4,361,423 Mg CO2e/yr로 2025년 값처럼 제시된다. 자료정보의 자료기간도 2000~2025로만 표기된다. 이 값이 특정 연도 실적이 아니라 기간 연평균이라는 안내가 화면 어디에도 없다","기간 연평균임을 값 옆이나 지표 설명에 명시하고, 연도 선택창이 특정 연도를 고르는 것처럼 보이지 않게 해야 한다","원천 b-034.csv의 B-034_forest_carbon_net_flux 행 note가 ""2001-2025 기간의 연평균값 - 2025년 실적치가 아님(원천 ReadMe 명시)""이라고 직접 경고한다. 그럼에도 같은 행의 year 값은 2025로 저장되어 화면이 2025년으로 표기한다. 성 단위 행들도 year=2025이며 note에는 [추정치]만 있고 연평균 경고가 없다 또한 같은 요소의 지도 레이어는 항목을 성(省)별 산림탄소 순플럭스(연평균) 으로 연평균임을 명시한다. 같은 앱 안에서 지도는 연평균을 밝히고 상세화면은 밝히지 않는 불일치가 있다.",LIVE_DEFECT_NOT_YET_FIXED,P0,"screenshots/b034-default-top-958x918.jpg, screenshots/b034-datainfo-scope-national-units-mixed-958x918.jpg",,,2026-09-08 보강: 지도 레이어가 (연평균)을 명시하는 것을 확인. 상세화면에만 누락된 표기다.
LQA-032,B-034,성 단위 지역명이 원천에 존재하는데 화면 표시명으로 옮겨지지 않는다,1) B-034 비교 차트 행 이름 확인 2) 원천 b-034.csv의 성 단위 행 indicator_id와 값을 화면 값과 대조,화면 행 이름은 모두 성(省) 단위다. 원천에서 성 식별정보는 indicator_id 슬러그에만 있고(B-034_carbon_net_flux_prov_an_giang 등 63개) name·latitude·longitude·attributes_json 열은 모두 비어 있다. 화면은 슬러그를 표시명으로 변환하지 않고 공통 라벨로 대체한다,원천 슬러그를 지역 표시명으로 변환해 각 행에 표시해야 한다. 표시명 사전이 없다면 최소한 슬러그라도 노출해 식별 가능하게 해야 한다,"같은 요소(tanso-jeojangryang)의 지도 레이어 산림 탄소는 성 이름을 정상 표시한다. 지도 시설 선택기가 산림 탄소 · Lai Chau 1/63 으로 표시되고, 우측 전국 요약이 하위 지역 Yen Bai -3,261,471 Mg CO2e/yr, 상위 지역 Kon Tum 2,923,480 Mg CO2e/yr 로 이름과 값을 함께 준다. 성 경계 위에 포인터를 올리면 Nghe An · 현재 값 1,799,591 Mg CO2e/yr 팝업이 뜬다. 이 세 값(-3,261,471 / 2,923,480 / 1,799,591)은 B-034 상세화면 비교 차트에서 성(省) 단위 로만 표시된 행의 값과 정확히 일치한다. 따라서 성 이름은 원천에서 복원 가능할 뿐 아니라 같은 앱의 지도 화면에 이미 구현되어 있고, 상세화면에만 적용되지 않았다.",LIVE_DEFECT_NOT_YET_FIXED,P0,"screenshots/b034-sign-and-identical-labels-958x918.jpg, screenshots/b034-province-rows-tail-identical-labels-958x918.jpg",LQA-018,,"원천 부족이 아니라 표시 변환 누락임을 원천 대조로 확정. 다만 원천 name 열이 비어 있다는 점도 함께 기록한다 | 2026-09-08 보강: 지도 레이어가 동일 값에 성 이름을 표시하는 것을 확인해, 원천 부족도 구현 부재도 아니라 상세화면에만 표시명이 적용되지 않은 것으로 확정했다. 지역명을 추측해 생성하지 않았다."
LQA-033,B-034,자료정보의 자료 범위는 국가인데 분석 화면은 63개 성 단위 값을 제시한다,1) B-034 자료정보 펼침 2) 자료 범위 항목 확인 3) 위 비교 차트의 행 구성과 대조,자료정보의 자료 범위가 국가로 표기된다. 그러나 바로 위 비교 차트는 임계값별 전국 집계 3행과 성 단위 60여 행으로 구성된다,성 단위 값을 제공한다면 자료 범위에 하위 지역 단위를 함께 표기해야 한다,"원천에 성 단위 지표군이 존재한다(B-034_prov_net_*, B-034_prov_emis_* 등)",LIVE_OBSERVATION_NEEDS_VERIFICATION,P2,screenshots/b034-datainfo-scope-national-units-mixed-958x918.jpg,,,
LQA-034,B-034,같은 측정의 단위가 서로 다른 문자열로 병기된다,1) B-034 자료정보 펼침 2) 단위 항목 확인,"단위 항목에 Mg C · Mg C/ha · Mg CO₂e/yr · Mg CO₂/yr · Mg CO2e/yr · ha 가 나열되어, 아래첨자 표기 Mg CO₂e/yr와 일반 표기 Mg CO2e/yr가 서로 다른 단위처럼 함께 보인다",같은 단위는 한 표기로 통일해야 한다,원천 b-034.csv에서 전국 순플럭스 행의 unit이 Mg CO₂e/yr이고 임계값별·성 단위 행의 unit이 Mg CO2e/yr로 서로 다르게 저장되어 있다. 화면은 이를 그대로 나열한다,LIVE_DEFECT_NOT_YET_FIXED,P2,screenshots/b034-datainfo-scope-national-units-mixed-958x918.jpg,LQA-020,,
LQA-035,지도/발전소,시설 선택기로 개별 발전소를 골라도 우측 지도 분석에 그 시설 정보가 나오지 않는다,1) 데이터 지도 탭 클릭 2) 지도 데이터에서 발전소 선택 3) 상단 시설 선택기의 오른쪽 화살표를 눌러 2/1889(A Vuong)로 이동 4) 우측 지도 분석 패널 확인,"선택기는 발전소 · A Vuong 2 / 1889로 바뀌고 지도도 해당 위치로 이동하지만, 우측 현재 분석은 데이터명 발전소 / 항목 발전소 목록 / 선택 변수 발전소 / 자료연도 2026 / 단위 개 / 지도 표시 범위 발전소 위치 1,889개 로 선택 전과 동일하다. 전국 요약도 총 발전소 1,889건 그대로다. 선택한 시설의 발전원·설비용량·소재 성 어느 것도 우측에 나타나지 않는다",시설을 선택하면 우측 패널 상단에 그 시설의 이름·발전원·설비용량·단위·소재지·자료연도가 우선 표시되어야 한다,"1,889개를 하나씩 넘겨도 이름 외에는 알 수 있는 것이 없다. 좌측 범례는 발전원 색상과 설비용량 크기를 설명하므로 원천에 해당 속성이 존재함이 확인된다",LIVE_DEFECT_NOT_YET_FIXED,P1,screenshots/map-powerplant-avuong-right-panel-generic-958x918.jpg,,,
LQA-036,지도/발전소,개별 시설 hover 팝업이 위 카드에 가려 잘리고 내용이 중복된다,1) 발전소 레이어 선택 2) 시설 선택기로 A Vuong 이동 3) 지도의 개별 점 위에 실제 포인터를 올림,"팝업 윗부분이 상단 발전소 카드에 가려 보이지 않는다. 읽을 수 있는 부분은 자료연도 2026 / 수력 발전시설 발전소 발전원 수력 자료연도 2026 이다. 수력이 두 번, 자료연도 2026이 두 번 반복되고 발전시설과 발전소가 함께 나온다. 설비용량 값과 소재 성 이름은 없다",팝업은 시설명·소재지·발전원·설비용량과 단위·자료연도를 한 번씩만 짧게 제공하고 다른 카드에 가리지 않아야 한다,좌측 범례에 설비용량 크기 항목이 있어 용량 속성이 존재하는데 팝업에는 값이 없다. 실제 포인터 hover로 재현,LIVE_DEFECT_NOT_YET_FIXED,P1,screenshots/map-powerplant-popup-clipped-redundant-zoom.png,,,
LQA-037,지도,세 개의 겹침 패널이 지도를 가려 기본 상태에서 표시된 데이터가 보이지 않는다,1) 데이터 지도 탭 클릭 2) 발전소 선택 3) 화면 캡처 4) 우측 지도 분석 접기 후 다시 캡처,"콘텐츠 폭 958px에서 좌측 목록·상단 선택 카드·좌하단 범례 카드·우측 지도 분석이 동시에 떠 있어 지도 가시영역이 가로 약 330px 세로 약 300px만 남는다. 이 상태에서는 1,889개 발전소 군집 표식이 하나도 보이지 않는다. 우측 패널을 접자 군집 표식(149·171·241·391 등)이 즉시 나타났다",데이터를 선택하면 표식이 보이는 영역이 확보되도록 패널 배치가 조정되어야 한다,접기 전후 캡처 비교로 표식 렌더링 자체는 정상이고 가림이 원인임을 확인했다. 렌더링 실패로 기록하지 않는다,LIVE_DEFECT_NOT_YET_FIXED,P1,"screenshots/map-powerplant-panels-cover-map-958x918.jpg, screenshots/map-powerplant-clusters-after-collapse-958x918.jpg",,,
LQA-038,지도,사용자가 접은 우측 패널이 지도 클릭 후 저절로 다시 펼쳐진다,1) 발전소 선택 2) 우측 지도 분석 접기 클릭 3) 지도의 군집 표식을 클릭해 확대 4) 우측 패널 상태 확인,"접기로 우측 패널이 분석 보기 버튼만 남게 접힌 뒤, 군집을 클릭해 확대하자 지도 분석 패널이 다시 펼쳐져 지도를 재차 가린다. 사용자가 방금 한 조작이 되돌려진다",패널 접힘 상태는 지도 조작 후에도 유지되어야 한다,접기 직후 캡처와 군집 클릭 후 캡처 비교로 확인,LIVE_DEFECT_NOT_YET_FIXED,P2,"screenshots/map-powerplant-clusters-after-collapse-958x918.jpg, screenshots/map-powerplant-avuong-right-panel-generic-958x918.jpg",,,
LQA-039,지도,기본 진입 상태에서 같은 안내 문장이 세 곳에 반복되고 그 중 하나가 지도를 덮는다,1) 데이터 지도 탭 클릭 2) 데이터를 고르기 전 기본 화면 확인,"좌측 패널 상단 추천 분석 안내에 배경지도와 63개 성·시 경계가 준비됐습니다, 지도 위 떠 있는 카드에 배경지도와 베트남 63개 성·시 경계가 준비되어 있습니다, 우측 패널에 추천 분석이나 지도 데이터를 선택하면 전국 요약과 상세정보가 여기에 표시됩니다 가 동시에 나온다. 지도 위 카드는 문장이 카드 밖으로 넘쳐 있습니 다 로 줄바꿈된다",같은 안내는 한 곳에만 두고 지도를 덮지 않아야 한다,기본 진입 캡처로 확인,LIVE_DEFECT_NOT_YET_FIXED,P2,screenshots/map-default-empty-triple-repeat-958x918.jpg,,,
LQA-040,지도/발전소,발전소 자료연도가 2026년으로 표기된다,1) 발전소 레이어 선택 2) 우측 현재 분석과 좌하단 범례 카드의 자료연도 확인,자료연도가 2026으로 표시된다. 개별 시설 팝업에도 자료연도 2026이 표기된다. 현재 시점 기준 미래 연도이며 발전소 입지 자료의 기준연도로는 확인이 필요하다,자료 기준연도를 원천 기준으로 표기하고 갱신 시점과 구분해야 한다,원천 대조를 수행하지 않아 원천 자체가 2026을 담고 있는지 화면 표기 문제인지 미확정,LIVE_OBSERVATION_NEEDS_VERIFICATION,P2,screenshots/map-powerplant-panels-cover-map-958x918.jpg,,,
LQA-041,지도,좌측 추천 분석·지도 데이터 항목 버튼에 접근성 이름이 비어 있다,1) 데이터 지도 화면에서 읽기 트리를 interactive 필터로 확인 2) 개별 버튼 하위 요소 확인,좌측 패널의 버튼 12개가 읽기 트리에서 이름 없는 button으로 나온다. 하위에 발전소 / 입지·발전원·설비용량 분포 같은 텍스트가 generic 요소로 존재하지만 버튼 이름으로 계산되지 않는 것으로 보인다,각 버튼이 데이터명을 접근성 이름으로 갖도록 해야 한다,읽기 트리 관찰 결과이며 JavaScript 실행이 차단되어 계산된 접근성 이름을 직접 확인하지 못했다. 도구 표현상의 한계 가능성이 있어 확정하지 않는다,LIVE_OBSERVATION_NEEDS_VERIFICATION,P2,screenshots/map-powerplant-panels-cover-map-958x918.jpg,,,
LQA-042,지도,주소로 지도 화면을 열 수 없다,1) 주소창에 https://nigtldcmap.vercel.app/?view=map 입력,지도가 아니라 홈으로 이동하고 주소가 #home 으로 바뀐다. 지도 화면은 상단 데이터 지도 탭을 눌러야 열리며 그때 주소가 ?layer=...#map 형태로 바뀐다,공유·북마크된 주소로도 같은 화면이 열려야 한다,view=data 형식은 상세화면에서 정상 동작하므로 view 파라미터 규칙이 화면마다 다르다,LIVE_OBSERVATION_NEEDS_VERIFICATION,P2,screenshots/map-default-empty-triple-repeat-958x918.jpg,,,
LQA-043,지도/송전망,송전 선로 hover 팝업이 같은 문구 네 줄만 반복하고 전압·선로 정보를 전혀 주지 않는다,1) 데이터 지도에서 베트남 송전망 선택 2) 우측 패널 접기 3) 남부 500kV 선로 위에 실제 포인터를 올림,"팝업이 이 위치에 4개 데이터 라는 제목 아래 주 분석 · 베트남 송전망 · 베트남 송전망 을 네 줄 똑같이 반복한다. 전압(kV), 선로명, 기점·종점, 구간 길이, 자료연도 어느 것도 없다. 레이어 이름이 한 줄에 두 번 나온다",겹친 선로 각각의 전압과 선로 식별정보를 구분해 보여주어야 한다. 최소한 500 kV / 220 kV / 110 kV 구분은 팝업에 있어야 한다,같은 화면 범례가 전압별 색을 정의하고 전국 요약이 500 kV 32개·220 kV 143개·110 kV 431개로 전압 속성을 집계하므로 원천에 전압 속성이 존재한다. 팝업만 이를 활용하지 않는다,LIVE_DEFECT_NOT_YET_FIXED,P1,"screenshots/map-grid-popup-4-identical-rows-zoom.png, screenshots/map-grid-lines-legend-match-958x918.jpg",LQA-036,,
LQA-044,지도/송전망,송전망 자료연도가 2016년인데 정확도·최신성 한계 안내가 없다,1) 베트남 송전망 선택 2) 우측 현재 분석과 좌하단 범례 카드의 자료연도 확인,자료연도가 2016으로 표시되고 그 외 정확도나 갱신 시점에 관한 안내가 없다. 같은 지도의 발전소 레이어는 자료연도 2026으로 표시되어 두 레이어를 함께 볼 때 10년 차이가 나는 자료가 같은 화면에 겹쳐진다,자료연도 차이가 큰 레이어를 겹쳐 볼 때 기준연도 차이를 알 수 있게 표시해야 한다,발전소 2026 / 송전망 2016 이 각각 우측 현재 분석에 표기됨. 보조 데이터 1개를 함께 볼 수 있는 화면 구조이므로 겹쳐 보기가 실제로 가능하다,LIVE_DEFECT_NOT_YET_FIXED,P1,screenshots/map-grid-panel-covers-lines-958x918.jpg,,,
LQA-045,지도/송전망,구간 수가 가장 많은 110 kV가 범례에서 접혀 보이지 않는다,1) 베트남 송전망 선택 2) 좌하단 범례 카드를 스크롤하지 않은 상태에서 확인,"범례 카드에 500 kV 32개 구간과 220 kV 143개 구간만 보이고, 606개 중 431개로 가장 많은 110 kV는 카드 아래로 잘려 보이지 않는다",구성비가 가장 큰 분류가 기본 상태에서 보이도록 범례 높이를 조정해야 한다,우측 전국 요약에는 110 kV 431개 구간이 표기되어 있어 값 자체는 존재한다,LIVE_DEFECT_NOT_YET_FIXED,P2,screenshots/map-grid-panel-covers-lines-958x918.jpg,,,
LQA-046,지도/송전망,레이어 표시명과 내부 데이터 식별자가 가리키는 범위가 다르다,1) 베트남 송전망 선택 2) 주소의 element 값 확인,"화면 표시명은 베트남 송전망이고 항목은 송전망 선로 목록인데, 주소의 element 값은 jeonryeogmang-wici-migonggeub-jiyeog(전력망 위치·미공급 지역)이다. 미공급 지역에 해당하는 표시는 지도에서 확인되지 않는다","원천 데이터가 미공급 지역을 포함한다면 그 부분도 선택해 볼 수 있어야 하고, 포함하지 않는다면 식별자와 표시명을 일치시켜야 한다",주소 파라미터 관찰. 원천 대조를 하지 않아 미공급 지역 자료의 실제 존재 여부는 미확정,LIVE_OBSERVATION_NEEDS_VERIFICATION,P2,screenshots/map-grid-panel-covers-lines-958x918.jpg,,,
LQA-047,지도/산림 탄소,성 경계 hover 팝업이 우측 지도 분석 패널에 가려 값이 잘린다,1) 데이터 지도에서 산림 탄소 선택 2) 지도 오른쪽 편의 성 경계 위에 실제 포인터를 올림,"팝업 내용은 산림 탄소 / Nghe An · 현재 값 1,799,591 Mg CO2e/yr (연간 이산화탄소환산량) / 선택 데이터 로 지역명·값·단위·단위 풀이를 모두 제공해 내용은 좋다. 다만 팝업 오른쪽이 지도 분석 패널 경계에서 잘려 단위 표기와 풀이가 두 줄로 끊긴다",팝업이 패널 경계를 넘지 않도록 위치를 조정해야 한다,발전소·송전망 팝업과 달리 이 레이어 팝업은 필요한 정보를 갖추고 있어 내용 문제가 아니라 배치 문제다,LIVE_DEFECT_NOT_YET_FIXED,P2,screenshots/map-forestcarbon-nghean-popup-clipped-958x918.jpg,,,
LQA-048,지도,레이어마다 팝업 정보 수준이 크게 다르다,1) 발전소 / 베트남 송전망 / 산림 탄소 각 레이어에서 실제 포인터 hover 팝업을 비교,산림 탄소는 지역명·값·단위·단위 풀이를 제공한다. 발전소는 자료연도와 발전원만 중복 나열하고 설비용량·소재지가 없다. 송전망은 같은 문구 네 줄만 반복하고 전압조차 없다. 같은 지도 안에서 레이어별 팝업 품질이 크게 다르다,팝업이 제공할 최소 항목(대상명·핵심값·단위·자료연도)을 레이어 공통 기준으로 맞춰야 한다,세 레이어를 같은 방식(실제 포인터 hover)으로 확인해 비교,LIVE_DEFECT_NOT_YET_FIXED,P1,"screenshots/map-forestcarbon-nghean-popup-clipped-958x918.jpg, screenshots/map-powerplant-popup-clipped-redundant-zoom.png, screenshots/map-grid-popup-4-identical-rows-zoom.png",LQA-036,,
LQA-049,지도/산림 탄소,[결함 아님] 자료 있음·없음 구분과 파생값 표기가 명확하다,1) 산림 탄소 선택 2) 우측 현재 분석·전국 요약 확인,"지도 표시 범위가 63개 성·시 중 63개에 값 있음 으로, 전국 요약이 자료가 있는 지역 63/63 성·시 로 표기된다. 중앙값은 중앙값(파생) 으로 원천값이 아님을 밝힌다. 최솟값·최댓값에 해당 지역명을 함께 제시한다",해당 없음. 다른 화면이 참고할 좋은 사례로 기록,자료없음과 0을 혼동하지 않도록 값 있는 지역 수를 명시하는 방식,NO_ISSUE_IN_REVIEWED_STATE,-,screenshots/map-forestcarbon-named-provinces-summary-958x918.jpg,,,
LQA-050,지도/재생에너지 지역계획,지도 위쪽에서 hover하면 상단 선택 카드가 팝업을 덮어 지역명이 보이지 않는다,1) 데이터 지도에서 재생에너지 지역계획 선택 2) 우측 지도 분석 접기 3) 북부 성 경계 위에 실제 포인터를 올림,"팝업 왼쪽이 상단 재생에너지 지역계획 카드에 덮여 지역명이 가려지고 지역계획 · 현재 값 1,418 MW (메가와트) 부분만 읽힌다. 어느 성의 값인지 알 수 없다",팝업이 상단 카드와 겹치지 않도록 배치하거나 카드를 반투명·축소 처리해야 한다,발전소 레이어(LQA-036)와 같은 위치에서 같은 방식으로 재현된다. 지도 아래쪽에서 hover한 산림 탄소는 지역명이 보였으므로 위치 의존적인 가림 문제다,LIVE_DEFECT_NOT_YET_FIXED,P1,screenshots/map-replan-popup-name-hidden-by-card-zoom.png,LQA-036,,
LQA-051,지도,범례 카드 안에서 스크롤하면 지도 페이지 전체가 밀려 지도가 잘리고 아래에 빈 공간이 생긴다,1) 재생에너지 지역계획 선택 2) 좌하단 범례 카드 위에서 아래로 스크롤 3) 화면 확인 4) 위로 스크롤해 복귀,"범례 카드 하단의 색상 눈금을 보려고 카드 위에서 스크롤하면 카드가 아니라 문서 전체가 스크롤되어, 지도 영역이 세로 약 450px로 잘리고 그 아래에 빈 배경이 드러난다. 위로 스크롤하면 원래 배치로 돌아온다",범례 카드 내부만 스크롤되어야 하고 지도 화면은 화면 높이에 고정되어야 한다,스크롤 전후 캡처 비교. 복귀 가능하므로 영구 손상은 아니나 색상 눈금을 확인하려면 반드시 이 상태를 거치게 된다,LIVE_DEFECT_NOT_YET_FIXED,P2,screenshots/map-replan-page-scroll-cuts-map-958x918.jpg,,,
LQA-052,지도/재생에너지 지역계획,선택 변수에 베트남어 약어가 풀이 없이 노출된다,1) 재생에너지 지역계획 선택 2) 우측 현재 분석의 선택 변수와 범례 카드 확인,선택 변수가 옥상태양광(ĐMT mái nhà) 로 표시된다. ĐMT는 Điện Mặt Trời의 베트남어 약어인데 한국어 사용자에게 풀이가 제공되지 않는다. 같은 플랫폼이 LCOE·USD·PPI 등 영문 약어에는 용어 도움말 버튼을 제공하는 것과 다르다,한국어 표시명만 두거나 베트남어 원문을 병기할 경우 용어 도움말을 제공해야 한다,항목 PDP8에는 용어 도움말이 붙어 있으나 ĐMT에는 없다,LIVE_DEFECT_NOT_YET_FIXED,P2,screenshots/map-replan-default-vietnamese-variable-958x918.jpg,,,
LQA-053,지도/재생에너지 지역계획,[결함 아님] 색상 눈금이 최소·최대값과 결측 개수를 함께 밝힌다,1) 재생에너지 지역계획 선택 2) 범례 카드 하단 색상 눈금 확인,"색상 눈금이 50 MW부터 2,092 MW까지 표시되고 값 있음 63개 · 결측 0개 가 함께 적혀 있다. 지도 하단에 Natural Earth · 국가 외곽선 | geoBoundaries · 베트남 63개 성·시 (CC BY 4.0) 출처가 표기된다. 자료연도도 2025-2030 기간으로 표기되어 계획 자료임이 드러난다",해당 없음. 자료없음과 0을 구분하는 좋은 사례로 기록,산림 탄소 레이어의 63/63 표기와 동일한 방식,NO_ISSUE_IN_REVIEWED_STATE,-,screenshots/map-replan-page-scroll-cuts-map-958x918.jpg,,,
LQA-054,지도/지역 취약성,[결함 아님] 6개 권역값을 성 단위 독립값으로 오해하지 않도록 명시하고 있다,1) 데이터 지도에서 지역 취약성 선택 2) 중부 지역 성 경계에 실제 포인터 hover 3) 우측 지도 분석의 비교·공간단위 항목 확인,"hover 팝업이 [권역값] 중부고원 / 베트남 6개 권역 중 2위 로 권역값임을 앞에 표시하고 권역명과 6개 권역 내 순위를 준다. 우측 패널의 비교·공간단위 항목이 GDL / 6개 권역의 값을 해당 성·시에 표시하며, 성 단위 독립 추정값이 아닙니다. 로 명시한다. 값 해석 항목도 높을수록 사회경제적 취약성이 큼 으로 방향을 밝힌다",해당 없음. 원 프롬프트가 지적한 6개 권역값을 63개 성의 독립값처럼 표현하는 문제는 이 레이어에서 발생하지 않는다,URL 변수 키가 gvi-6 이고 좌측 목록 부제도 권역별 취약성 수준 으로 일관된다. 63개 성 폴리곤에 색을 칠하지만 팝업과 공간단위 안내가 권역값임을 반복해 알린다,NO_ISSUE_IN_REVIEWED_STATE,-,"screenshots/map-gvi-popup-regional-value-zoom.png, screenshots/map-gvi-spatial-unit-disclosure-958x918.jpg",,,
LQA-055,지도/지역 취약성,권역값인데 지도 표시 범위와 시설 선택기는 63개 성 단위로 세어 안내와 어긋난다,1) 지역 취약성 선택 2) 지도 표시 범위 문구와 상단 시설 선택기 표기를 비교·공간단위 안내와 대조,"같은 화면에서 비교·공간단위는 6개 권역의 값이며 성 단위 독립 추정값이 아니라고 밝히는데, 지도 표시 범위는 63개 성·시 중 63개에 값 있음 으로 표기되고 상단 선택기는 지역 취약성 · Lai Chau 1 / 63 으로 63개를 하나씩 넘기게 되어 있다. 실제 서로 다른 값은 6개뿐이다",권역 자료는 6개 권역 기준으로 세고 선택기도 권역 단위로 넘기는 것이 안내 문구와 일치한다,같은 화면 안의 두 표기가 서로 다른 공간단위를 전제한다. 팝업과 공간단위 안내는 정확하므로 값 자체의 오귀속은 아니다,LIVE_DEFECT_NOT_YET_FIXED,P2,"screenshots/map-gvi-spatial-unit-disclosure-958x918.jpg, screenshots/map-gvi-63-province-shading-958x918.jpg",,,
LQA-056,지도,선택 알림 문구에 조사 자리표시자가 그대로 남아 있다,1) 지도 데이터에서 아무 레이어나 선택 2) 좌측 목록 하단 알림 문구 확인,재생에너지 지역계획을(를) 선택 데이터로 표시했습니다 / 지역 취약성을(를) 선택 데이터로 표시했습니다 처럼 을(를) 형태가 그대로 노출된다,받침 여부에 따라 을 또는 를 하나만 표시하거나 조사가 필요 없는 문장으로 바꿔야 한다,서로 다른 두 레이어에서 동일하게 재현,LIVE_DEFECT_NOT_YET_FIXED,P2,screenshots/map-gvi-63-province-shading-958x918.jpg,,,
LQA-057,지도/적응기금 사업,[결함 아님] 다국가 참여범위와 실제 활동지역을 구분해 표시한다,"1) 데이터 지도에서 적응기금 사업 선택 2) 범례와 지도 표시 범위, 전국 요약 확인",범례가 점선 경계·옅은 면: 사업 참여지역 과 점: 원문에서 검증된 세부 활동지역 으로 두 가지를 구분한다. 지도 표시 범위는 지역 협력사업 2건의 참여국 범위 2개와 검증된 세부 활동지역 2곳 으로 적는다. 전국 요약은 지역 협력사업 2건 / 참여국 범위 2개 범위 / 검증된 세부 활동지역 2곳 / 베트남 참여 2개 사업 모두 포함 으로 베트남 귀속을 따로 밝힌다. 그리고 국가 대표좌표는 실제 사업 위치로 표시하지 않습니다 라는 안내가 명시되어 있다,해당 없음. 원 프롬프트가 지적한 다국가 사업 범위와 시설 위치 구분 문제는 이 레이어에서 발생하지 않는다,"실제 지도에서 참여범위 면이 베트남과 인접국에 걸쳐 렌더링되는 것을 확인했고, 검증된 활동지역은 점으로 별도 표기된다",NO_ISSUE_IN_REVIEWED_STATE,-,"screenshots/map-adaptfund-scope-vs-activity-958x918.jpg, screenshots/map-adaptfund-multicountry-polygon-958x918.jpg",,,
LQA-058,지도/적응기금 사업,참여지역 면 위에서 hover해도 팝업이 뜨지 않았다,1) 적응기금 사업 선택 2) 우측 패널 접기 3) 참여범위 면 내부(베트남 북부 해상 경계 안쪽)에 실제 포인터를 올림,한 지점에서 hover했으나 팝업이 나타나지 않았다. 같은 지도의 다른 레이어에서는 같은 방식으로 팝업이 떴다,참여지역 면도 hover 시 사업명과 참여국 범위를 알려주는 것이 일관적이다,"한 지점만 시도했으므로 면 전체에 hover 반응이 없는지, 특정 위치만 그런지 확정하지 못했다. 추가 확인 필요",LIVE_OBSERVATION_NEEDS_VERIFICATION,P2,screenshots/map-adaptfund-multicountry-polygon-958x918.jpg,,,
