element_id,public_status,data_presence_status,contract_status,primary_renderer,observation_count,entity_count,populated_record_count,measure_count,dimension_count,classification_dimensions,missing_dimensions,duplicate_visible_label_count,mixed_unit_axis_count,latest_value_collapse_lost_records,visualized_source_record_count,source_table_record_count,selector_mismatch_count,result
A-001,actual,actual-records,archetype,score-benchmark,114,0,114,8,3,category,,0,0,106,114,114,0,PASS
A-002,actual,actual-records,archetype,score-benchmark,348,0,312,33,2,category,,0,0,300,348,348,0,PASS
A-003,actual,actual-records,archetype,kpi-trend,272,0,272,7,3,category,,0,0,265,272,272,0,PASS
A-004,actual,actual-records,archetype,kpi-trend,62,0,29,2,3,category,,0,0,27,62,62,0,PASS
A-005,actual,actual-records,archetype,composition,141,0,141,1,3,category,,0,0,137,141,141,0,PASS
A-006,actual,actual-records,archetype,kpi-trend,120,0,114,2,3,category,,0,0,110,120,120,0,PASS
A-007,actual,actual-records,archetype,kpi-trend,263,0,263,4,2,,,0,0,259,263,263,0,PASS
A-008,actual,actual-records,archetype,score-benchmark,31,0,13,1,2,,,0,0,12,31,31,0,PASS
A-009,actual,actual-records,archetype,kpi-trend,90,0,90,2,3,category,,0,0,88,90,90,0,PASS
A-010,actual,actual-records,archetype,composition,400,0,400,2,3,category,,0,0,392,400,400,0,PASS
A-011,actual,actual-records,archetype,composition,495,0,495,1,3,category,,0,0,486,495,495,0,PASS
A-012,actual,actual-records,archetype,kpi-trend,103,0,103,3,3,category,,0,0,100,103,103,0,PASS
A-013,actual,actual-records,archetype,evidence-matrix,0,365,365,2,2,,,0,0,0,365,365,0,PASS
A-014,actual,actual-records,archetype,score-benchmark,494,0,479,3,3,category,,0,0,460,494,494,0,PASS
A-015,actual,actual-records,archetype,evidence-matrix,101,0,99,17,4,category,,0,0,0,101,101,0,PASS
A-016,actual,actual-records,archetype,composition,427,0,427,1,4,category|technology,,0,0,420,427,427,0,PASS
A-017,excluded,actual-records,archetype,category-comparison,72,0,72,1,4,category|technology,,0,0,48,72,72,0,PASS
A-018,actual,actual-records,archetype,composition,676,0,472,1,4,category|technology,,0,0,446,676,676,0,PASS
A-019,actual,actual-records,archetype,kpi-trend,34,0,34,1,3,technology,,0,0,33,34,34,0,PASS
A-020,actual,actual-records,archetype,kpi-trend,52,0,50,1,4,category|technology,,0,0,48,52,52,0,PASS
A-021,actual,actual-records,archetype,kpi-trend,84,0,84,1,4,category|technology,,0,0,81,84,84,0,PASS
A-022,actual,actual-records,archetype,kpi-trend,54,0,39,3,4,category|technology,,0,0,25,54,54,0,PASS
A-023,actual,actual-records,archetype,spatial-summary,0,1963,1963,1,5,,,0,0,0,1963,1963,0,PASS
A-024,actual,actual-records,archetype,spatial-summary,1,722,723,3,3,,,0,0,0,723,723,0,PASS
A-025,actual,actual-records,archetype,spatial-summary,1,1,2,3,4,,,0,0,0,2,2,0,PASS
A-026,actual,actual-records,archetype,spatial-summary,14,0,10,14,2,category,,0,0,0,14,14,0,PASS
A-027,actual,actual-records,archetype,spatial-summary,61,0,59,10,4,category|technology,,0,0,16,61,61,0,PASS
A-028,actual,actual-records,archetype,spatial-summary,23,7014,7037,12,5,category|technology,,0,0,2,7037,7037,0,PASS
A-029,actual,actual-records,archetype,policy-timeline,1,30,31,3,3,,,0,0,0,31,31,0,PASS
A-030,actual,actual-records,archetype,category-comparison,148,0,141,1,3,category,,0,0,133,148,148,0,PASS
A-031,actual,actual-records,archetype,score-benchmark,49,0,49,1,3,category,,0,0,42,49,49,0,PASS
A-032,actual,actual-records,archetype,category-comparison,100,0,100,2,3,category,,0,0,96,100,100,0,PASS
A-033,actual,actual-records,archetype,score-benchmark,82,0,82,1,3,category,,0,0,78,82,82,0,PASS
B-001,actual,actual-records,archetype,seasonality,38,0,38,5,2,,,0,0,0,38,38,0,PASS
B-002,actual,actual-records,archetype,spatial-summary,64,1427,1491,6,4,,,0,0,0,1491,1491,0,PASS
B-003,actual,actual-records,archetype,seasonality,0,12621,12621,5,1,,,0,0,0,12621,12621,0,PASS
B-004,actual,actual-records,archetype,scenario-range,0,91596,91596,13,1,,,0,0,0,91596,91596,0,PASS
B-005,actual,actual-records,archetype,category-comparison,35,54692,54727,10,3,technology,,0,0,34,54727,54727,0,PASS
B-006,actual,actual-records,archetype,category-comparison,0,80071,80071,13,1,,,0,0,0,80071,80071,0,PASS
B-007,actual,actual-records,archetype,category-comparison,0,80070,80070,11,1,,,0,0,0,80070,80070,0,PASS
B-008,actual,actual-records,archetype,scenario-range,0,1575,1575,201,1,,,0,0,0,1575,1575,0,PASS
B-009,actual,actual-records,archetype,score-benchmark,255,0,255,6,5,category|technology,,0,0,0,255,255,0,PASS
B-010,partial,partial-records,archetype,score-benchmark,44,0,44,9,3,,,0,0,30,44,44,0,PASS
B-011,actual,actual-records,archetype,score-benchmark,1500,0,1500,12,2,,,0,0,1450,1500,1500,0,PASS
B-012,partial,partial-records,archetype,policy-timeline,0,275,275,11,1,,,0,0,0,275,275,0,PASS
B-013,actual,actual-records,archetype,score-benchmark,35,0,33,7,3,,,0,0,0,35,35,0,PASS
B-014,actual,actual-records,archetype,scenario-range,0,12,12,11,1,,,0,0,0,12,12,0,PASS
B-015,actual,actual-records,archetype,policy-timeline,11,0,9,8,2,,,0,0,3,11,11,0,PASS
B-016,actual,actual-records,archetype,kpi-trend,45,0,35,2,1,,,0,0,33,45,45,0,PASS
B-017,actual,actual-records,archetype,spatial-summary,0,4867,4867,12,1,,,0,0,0,4867,4867,0,PASS
B-018,actual,actual-records,archetype,scenario-range,282,0,282,7,2,,,0,0,258,282,282,0,PASS
B-019,actual,actual-records,archetype,scenario-range,110,0,110,3,2,,,0,0,99,110,110,0,PASS
B-020,actual,actual-records,archetype,score-benchmark,2696,0,2695,11,3,,,0,0,2372,2696,2696,0,PASS
B-021,actual,actual-records,archetype,score-benchmark,2970,0,2969,14,3,,,0,0,2852,2970,2970,0,PASS
B-022,actual,actual-records,archetype,score-benchmark,8,0,8,7,2,,,0,0,0,8,8,0,PASS
B-023,actual,actual-records,archetype,kpi-trend,0,382,382,11,1,,,0,0,0,382,382,0,PASS
B-024,actual,actual-records,archetype,composition,68,97,165,8,3,technology,,0,0,66,165,165,0,PASS
B-025,actual,actual-records,archetype,spatial-summary,0,120,120,7,2,,,0,0,0,120,120,0,PASS
B-026,actual,actual-records,archetype,spatial-summary,0,165,165,6,1,,,0,0,0,165,165,0,PASS
B-027,actual,actual-records,archetype,spatial-summary,54,0,53,3,4,category|technology,,0,0,51,54,54,0,PASS
B-028,actual,actual-records,archetype,spatial-summary,0,25,25,14,1,,,0,0,0,25,25,0,PASS
B-029,partial,partial-records,archetype,spatial-summary,0,483,483,14,1,,,0,0,0,483,483,0,PASS
B-030,actual,actual-records,archetype,spatial-summary,0,134,134,5,1,,,0,0,0,134,134,0,PASS
B-031,actual,actual-records,archetype,spatial-summary,189,105,294,3,4,,,0,0,0,294,294,0,PASS
B-032,actual,actual-records,archetype,spatial-summary,126,166,292,1,4,,,0,0,63,292,292,0,PASS
B-033,actual,actual-records,archetype,spatial-summary,1489,4784,6273,1,5,,,0,0,1426,6273,6273,0,PASS
B-034,actual,actual-records,archetype,spatial-summary,488,1251,1739,10,5,,,0,0,126,1739,1739,0,PASS
B-035,actual,actual-records,archetype,spatial-summary,961,3038,3998,27,5,category|technology,,0,0,935,3999,3999,0,PASS
B-036,actual,actual-records,archetype,spatial-summary,48,392,440,6,3,,,0,0,14,440,440,0,PASS
B-037,actual,actual-records,archetype,spatial-summary,0,781,781,7,1,,,0,0,0,781,781,0,PASS
B-038,actual,actual-records,archetype,spatial-summary,399,0,399,23,4,category|technology,,0,0,376,399,399,0,PASS
B-039,actual,actual-records,archetype,spatial-summary,0,263,263,20,1,,,0,0,0,263,263,0,PASS
B-040,actual,actual-records,archetype,spatial-summary,0,199,199,17,1,,,0,0,0,199,199,0,PASS
B-041,actual,actual-records,archetype,spatial-summary,0,147,147,17,1,,,0,0,0,147,147,0,PASS
B-042,actual,actual-records,archetype,spatial-summary,0,533,533,9,1,,,0,0,0,533,533,0,PASS
B-043,actual,actual-records,archetype,spatial-summary,128,0,127,13,4,technology,,0,0,110,128,128,0,PASS
B-044,actual,actual-records,archetype,spatial-summary,2,21,23,7,3,category,,0,0,0,23,23,0,PASS
B-045,actual,actual-records,archetype,spatial-summary,224,0,224,5,3,technology,,0,0,178,224,224,0,PASS
B-046,actual,actual-records,archetype,spatial-summary,0,64,64,10,1,,,0,0,0,64,64,0,PASS
B-047,actual,actual-records,archetype,spatial-summary,0,81,81,11,1,,,0,0,0,81,81,0,PASS
B-048,actual,actual-records,archetype,spatial-summary,0,41,41,4,1,,,0,0,0,41,41,0,PASS
C-001,actual,actual-records,archetype,evidence-matrix,0,110,110,21,1,,,0,0,0,110,110,0,PASS
C-002,actual,actual-records,archetype,evidence-matrix,0,34,34,23,1,,,0,0,0,34,34,0,PASS
C-003,actual,actual-records,archetype,evidence-matrix,0,272,272,30,1,,,0,0,0,272,272,0,PASS
C-004,actual,actual-records,archetype,evidence-matrix,0,71,71,26,1,,,0,0,0,71,71,0,PASS
C-005,actual,actual-records,archetype,evidence-matrix,0,408,408,20,1,,,0,0,0,408,408,0,PASS
C-006,actual,actual-records,archetype,capability-scorecard,0,38,38,19,1,,,0,0,0,38,38,0,PASS
C-007,actual,actual-records,archetype,portfolio,0,7,7,13,1,,,0,0,0,7,7,0,PASS
C-008,actual,actual-records,archetype,portfolio,0,117,117,26,2,,,0,0,0,117,117,0,PASS
C-009,actual,actual-records,archetype,policy-timeline,0,19,19,40,1,,,0,0,0,19,19,0,PASS
C-010,actual,actual-records,archetype,policy-timeline,0,19,19,28,1,,,0,0,0,19,19,0,PASS
C-011,actual,actual-records,archetype,score-benchmark,0,38,38,18,1,,,0,0,0,38,38,0,PASS
C-012,actual,actual-records,archetype,evidence-matrix,0,20,20,25,1,,,0,0,0,20,20,0,PASS
C-013,actual,actual-records,archetype,evidence-matrix,0,129,129,35,1,,,0,0,0,129,129,0,PASS
C-014,actual,actual-records,archetype,evidence-matrix,0,46,46,30,1,,,0,0,0,46,46,0,PASS
C-015,actual,actual-records,archetype,evidence-matrix,0,24,24,3,1,,,0,0,0,24,24,0,PASS
C-016,actual,actual-records,archetype,policy-timeline,639,777,1416,8,3,,,0,0,299,1416,1416,0,PASS
C-017,actual,actual-records,archetype,evidence-matrix,0,56,56,13,1,,,0,0,0,56,56,0,PASS
C-018,actual,actual-records,archetype,scenario-range,0,69,69,16,1,,,0,0,0,69,69,0,PASS
C-019,actual,actual-records,archetype,evidence-matrix,0,56,56,34,1,,,0,0,0,56,56,0,PASS
C-020,excluded,not-collected,status-only,status-only,0,0,0,0,0,,,0,0,0,0,0,0,PASS
C-021,excluded,not-collected,status-only,status-only,0,0,0,0,0,,,0,0,0,0,0,0,PASS
C-022,actual,actual-records,archetype,capability-scorecard,0,61,61,20,1,,,0,0,0,61,61,0,PASS
C-023,not-collected,not-collected,status-only,status-only,0,0,0,0,0,,,0,0,0,0,0,0,PASS
C-024,actual,actual-records,archetype,capability-scorecard,0,13,13,10,1,,,0,0,0,13,13,0,PASS
C-025,actual,actual-records,archetype,portfolio,0,1190,1190,17,2,,,0,0,0,1190,1190,0,PASS
D-001,actual,actual-records,archetype,category-comparison,14,0,14,1,5,category|technology,,0,0,0,14,14,0,PASS
D-002,actual,actual-records,archetype,category-comparison,59,0,56,1,4,category|technology,,0,0,48,59,59,0,PASS
D-003,actual,actual-records,archetype,category-comparison,14,454,464,4,5,category|technology,,0,0,0,468,468,0,PASS
D-004,actual,actual-records,archetype,category-comparison,15,0,15,1,4,category|technology,,0,0,0,15,15,0,PASS
D-005,actual,actual-records,archetype,multi-metric-trend,10,0,8,1,3,category,,0,0,1,10,10,0,PASS
D-006,actual,actual-records,archetype,multi-metric-trend,279,0,276,7,3,category,,0,0,250,279,279,0,PASS
D-007,actual,actual-records,archetype,multi-metric-trend,3,0,3,1,3,category,,0,0,0,3,3,0,PASS
D-008,actual,actual-records,archetype,multi-metric-trend,15,0,14,2,3,category,,0,0,0,15,15,0,PASS
D-009,actual,actual-records,archetype,multi-metric-trend,9,0,7,5,3,category,,0,0,2,9,9,0,PASS
D-010,actual,actual-records,archetype,multi-metric-trend,10,0,10,3,3,category,,0,0,2,10,10,0,PASS
D-011,actual,actual-records,archetype,category-comparison,400,0,354,1,4,category|technology,,0,0,274,400,400,0,PASS
D-012,actual,actual-records,archetype,category-comparison,0,1168,1168,2,1,,,0,0,0,1168,1168,0,PASS
D-013,actual,actual-records,archetype,score-benchmark,24,0,24,1,3,category,,0,0,0,24,24,0,PASS
D-014,actual,actual-records,archetype,portfolio,0,168,168,2,1,,,0,0,0,168,168,0,PASS
D-015,actual,actual-records,archetype,portfolio,0,1050,1050,2,1,,,0,0,0,1050,1050,0,PASS
D-016,actual,actual-records,archetype,portfolio,0,632,632,2,1,,,0,0,0,632,632,0,PASS
D-017,actual,actual-records,archetype,portfolio,0,305,305,2,1,,,0,0,0,305,305,0,PASS
D-018,actual,actual-records,archetype,portfolio,4,4,8,2,3,category,,0,0,0,8,8,0,PASS
D-019,actual,actual-records,archetype,portfolio,0,10,10,2,2,,,0,0,0,10,10,0,PASS
D-020,actual,actual-records,archetype,portfolio,0,9,9,3,1,,,0,0,0,9,9,0,PASS
D-021,actual,actual-records,archetype,portfolio,0,640,640,2,1,,,0,0,0,640,640,0,PASS
D-022,actual,actual-records,archetype,portfolio,0,247,247,3,1,,,0,0,0,247,247,0,PASS
D-023,actual,actual-records,archetype,portfolio,2,112,114,3,3,category,,0,0,0,114,114,0,PASS
D-024,actual,actual-records,archetype,portfolio,1,26,27,3,3,category,,0,0,0,27,27,0,PASS
D-025,actual,actual-records,archetype,portfolio,0,173,173,2,1,,,0,0,0,173,173,0,PASS
D-026,actual,actual-records,archetype,portfolio,0,13,13,2,1,,,0,0,0,13,13,0,PASS
E-001,public-authorized,actual-records,archetype,directory,0,18,18,1,2,,,0,0,0,18,18,0,PASS
E-002,public-authorized,actual-records,archetype,directory,0,46,46,2,3,,,0,0,0,46,46,0,PASS
E-003,public-authorized,actual-records,archetype,directory,0,8,8,1,2,,,0,0,0,8,8,0,PASS
E-004,public-authorized,actual-records,archetype,directory,0,19,19,1,6,,,0,0,0,19,19,0,PASS
E-005,public-authorized,actual-records,archetype,directory,0,20,20,1,4,,,0,0,0,20,20,0,PASS
E-006,public-authorized,actual-records,archetype,directory,0,15,15,1,10,,,0,0,0,15,15,0,PASS
E-007,public-authorized,actual-records,archetype,capability-scorecard,0,22,22,6,5,category,,0,0,0,22,22,0,PASS
E-008,excluded,actual-records,archetype,document-library,1,6790,6791,7,2,,,0,0,0,6791,6791,0,PASS
E-009,public-authorized,partial-records,archetype,kpi-trend,39,0,38,6,1,,,0,0,33,39,39,0,PASS
E-010,public-authorized,actual-records,archetype,score-benchmark,185,0,185,4,2,,,0,0,161,185,185,0,PASS
E-011,public-authorized,actual-records,archetype,score-benchmark,50,0,50,3,2,,,0,0,40,50,50,0,PASS
E-012,public-authorized,partial-records,specialized,paired-category-comparison,2161,0,2158,10,6,occupation|sex,,0,0,1940,2161,2161,0,PASS
E-013,schema-only,no-populated-record,status-only,status-only,0,0,0,5,0,,,0,0,0,0,0,0,PASS
E-014,public-authorized,actual-records,archetype,policy-timeline,0,10,10,1,5,,,0,0,0,10,10,0,PASS
E-015,public-authorized,actual-records,archetype,evidence-matrix,0,4,4,2,1,,,0,0,0,4,4,0,PASS
E-016,excluded,actual-records,archetype,capability-scorecard,0,4,4,1,3,sector,,0,0,0,4,4,0,PASS
E-017,excluded,actual-records,archetype,evidence-matrix,10,0,10,2,1,,,0,0,8,10,10,0,PASS
E-018,public-authorized,actual-records,archetype,portfolio,0,36,36,1,2,,,0,0,0,36,36,0,PASS
E-019,public-authorized,actual-records,archetype,directory,0,9,9,1,4,,,0,0,0,9,9,0,PASS
E-020,public-authorized,actual-records,archetype,portfolio,0,7,7,3,6,,,0,0,0,7,7,0,PASS
