element_id,element_label,record_type,record_id,indicator_id,country_iso3,year,period_start,period_end,period,statistic_type,source_year_label,value,unit,name,latitude,longitude,attributes_json,missing_reason_code,note,source_org,source_url,license_code,source_file,source_sheet,source_row,publication_decision_id,지역명_한글
B-013,World Bank CBAM 영향 지수,observation,bgd-v158-b-013-obs-00001,B-013_carbon_payment_aluminium,BGD,,,,,,,,%,,,,,M01,원천에 해당 국가 값이 없음,World Bank Relative CBAM Exposure Index,https://thedocs.worldbank.org/en/doc/f617485768833ea38968a5f1ac2292f0-0430012023/related/EUCBAM-Dashboard-download.xlsx,기관 이용약관,B-013_World Bank CBAM 영향 지수.xlsx,1.1_observation(측정값),23,BGD-ALL-DATA-DISPLAY-2026-09-29,
B-013,World Bank CBAM 영향 지수,observation,bgd-v158-b-013-obs-00002,B-013_carbon_payment_cement,BGD,,,,,,,,%,,,,,M01,원천에 해당 국가 값이 없음,World Bank Relative CBAM Exposure Index,https://thedocs.worldbank.org/en/doc/f617485768833ea38968a5f1ac2292f0-0430012023/related/EUCBAM-Dashboard-download.xlsx,기관 이용약관,B-013_World Bank CBAM 영향 지수.xlsx,1.1_observation(측정값),22,BGD-ALL-DATA-DISPLAY-2026-09-29,
B-013,World Bank CBAM 영향 지수,observation,bgd-v158-b-013-obs-00003,B-013_carbon_payment_fertilizers,BGD,,,,,,,,%,,,,,M01,원천에 해당 국가 값이 없음,World Bank Relative CBAM Exposure Index,https://thedocs.worldbank.org/en/doc/f617485768833ea38968a5f1ac2292f0-0430012023/related/EUCBAM-Dashboard-download.xlsx,기관 이용약관,B-013_World Bank CBAM 영향 지수.xlsx,1.1_observation(측정값),21,BGD-ALL-DATA-DISPLAY-2026-09-29,
B-013,World Bank CBAM 영향 지수,observation,bgd-v158-b-013-obs-00004,B-013_carbon_payment_iron_steel,BGD,2022,2022,2022,,,,0.6765999794006348,%,,,,,,,World Bank Relative CBAM Exposure Index,https://thedocs.worldbank.org/en/doc/f617485768833ea38968a5f1ac2292f0-0430012023/related/EUCBAM-Dashboard-download.xlsx,기관 이용약관,B-013_World Bank CBAM 영향 지수.xlsx,1.1_observation(측정값),24,BGD-ALL-DATA-DISPLAY-2026-09-29,
B-013,World Bank CBAM 영향 지수,observation,bgd-v158-b-013-obs-00005,B-013_carbon_payment_top3_aluminium,BGD,,,,,,,,%,,,,,M01,원천에 해당 국가 값이 없음,World Bank — EU CBAM Exposure Index,https://datacatalog.worldbank.org/search/dataset/0065200,CC-BY-4.0,B-013_World Bank CBAM 영향 지수.xlsx,1.1_observation(측정값),37,BGD-ALL-DATA-DISPLAY-2026-09-29,
B-013,World Bank CBAM 영향 지수,observation,bgd-v158-b-013-obs-00006,B-013_carbon_payment_top3_cement,BGD,,,,,,,,%,,,,,M01,원천에 해당 국가 값이 없음,World Bank — EU CBAM Exposure Index,https://datacatalog.worldbank.org/search/dataset/0065200,CC-BY-4.0,B-013_World Bank CBAM 영향 지수.xlsx,1.1_observation(측정값),36,BGD-ALL-DATA-DISPLAY-2026-09-29,
B-013,World Bank CBAM 영향 지수,observation,bgd-v158-b-013-obs-00007,B-013_carbon_payment_top3_fertilizers,BGD,,,,,,,,%,,,,,M01,원천에 해당 국가 값이 없음,World Bank — EU CBAM Exposure Index,https://datacatalog.worldbank.org/search/dataset/0065200,CC-BY-4.0,B-013_World Bank CBAM 영향 지수.xlsx,1.1_observation(측정값),35,BGD-ALL-DATA-DISPLAY-2026-09-29,
B-013,World Bank CBAM 영향 지수,observation,bgd-v158-b-013-obs-00008,B-013_carbon_payment_top3_iron_steel,BGD,2022,2022,2022,,,,8.742279052734375,%,,,,,,,World Bank — EU CBAM Exposure Index,https://datacatalog.worldbank.org/search/dataset/0065200,CC-BY-4.0,B-013_World Bank CBAM 영향 지수.xlsx,1.1_observation(측정값),38,BGD-ALL-DATA-DISPLAY-2026-09-29,
B-013,World Bank CBAM 영향 지수,observation,bgd-v158-b-013-obs-00009,B-013_carbon_payment_total_cbam,BGD,2022,2022,2022,,,,3.374197959899902,%,,,,,,,World Bank Relative CBAM Exposure Index,https://thedocs.worldbank.org/en/doc/f617485768833ea38968a5f1ac2292f0-0430012023/related/EUCBAM-Dashboard-download.xlsx,기관 이용약관,B-013_World Bank CBAM 영향 지수.xlsx,1.1_observation(측정값),20,BGD-ALL-DATA-DISPLAY-2026-09-29,
B-013,World Bank CBAM 영향 지수,observation,bgd-v158-b-013-obs-00010,B-013_economic_exposure,BGD,2022,2022,2022,,,,-6.055046924302587e-06,%,,,,,,,World Bank Relative CBAM Exposure Index,https://thedocs.worldbank.org/en/doc/f617485768833ea38968a5f1ac2292f0-0430012023/related/EUCBAM-Dashboard-download.xlsx,기관 이용약관,B-013_World Bank CBAM 영향 지수.xlsx,1.1_observation(측정값),14,BGD-ALL-DATA-DISPLAY-2026-09-29,
B-013,World Bank CBAM 영향 지수,observation,bgd-v158-b-013-obs-00011,B-013_eu_avg_carbon_payment_aluminium,BGD,,,,,,,,%,,,,,M01,원천에 해당 국가 값이 없음,World Bank Relative CBAM Exposure Index,https://thedocs.worldbank.org/en/doc/f617485768833ea38968a5f1ac2292f0-0430012023/related/EUCBAM-Dashboard-download.xlsx,기관 이용약관,B-013_World Bank CBAM 영향 지수.xlsx,1.1_observation(측정값),28,BGD-ALL-DATA-DISPLAY-2026-09-29,
B-013,World Bank CBAM 영향 지수,observation,bgd-v158-b-013-obs-00012,B-013_eu_avg_carbon_payment_cement,BGD,,,,,,,,%,,,,,M01,원천에 해당 국가 값이 없음,World Bank Relative CBAM Exposure Index,https://thedocs.worldbank.org/en/doc/f617485768833ea38968a5f1ac2292f0-0430012023/related/EUCBAM-Dashboard-download.xlsx,기관 이용약관,B-013_World Bank CBAM 영향 지수.xlsx,1.1_observation(측정값),27,BGD-ALL-DATA-DISPLAY-2026-09-29,
B-013,World Bank CBAM 영향 지수,observation,bgd-v158-b-013-obs-00013,B-013_eu_avg_carbon_payment_fertilizers,BGD,,,,,,,,%,,,,,M01,원천에 해당 국가 값이 없음,World Bank Relative CBAM Exposure Index,https://thedocs.worldbank.org/en/doc/f617485768833ea38968a5f1ac2292f0-0430012023/related/EUCBAM-Dashboard-download.xlsx,기관 이용약관,B-013_World Bank CBAM 영향 지수.xlsx,1.1_observation(측정값),26,BGD-ALL-DATA-DISPLAY-2026-09-29,
B-013,World Bank CBAM 영향 지수,observation,bgd-v158-b-013-obs-00014,B-013_eu_avg_carbon_payment_iron_steel,BGD,2022,2022,2022,,,,3.214728832244873,%,,,,,,,World Bank Relative CBAM Exposure Index,https://thedocs.worldbank.org/en/doc/f617485768833ea38968a5f1ac2292f0-0430012023/related/EUCBAM-Dashboard-download.xlsx,기관 이용약관,B-013_World Bank CBAM 영향 지수.xlsx,1.1_observation(측정값),29,BGD-ALL-DATA-DISPLAY-2026-09-29,
B-013,World Bank CBAM 영향 지수,observation,bgd-v158-b-013-obs-00015,B-013_eu_avg_carbon_payment_total_cbam,BGD,,,,,,,,%,,,,,M01,원천에 해당 국가 값이 없음,World Bank Relative CBAM Exposure Index,https://thedocs.worldbank.org/en/doc/f617485768833ea38968a5f1ac2292f0-0430012023/related/EUCBAM-Dashboard-download.xlsx,기관 이용약관,B-013_World Bank CBAM 영향 지수.xlsx,1.1_observation(측정값),25,BGD-ALL-DATA-DISPLAY-2026-09-29,
B-013,World Bank CBAM 영향 지수,observation,bgd-v158-b-013-obs-00016,B-013_export_eu_gdp,BGD,2022,2022,2022,,,,0.0003429863718338311,%,,,,,,,World Bank — EU CBAM Exposure Index,https://datacatalog.worldbank.org/search/dataset/0065200,CC-BY-4.0,B-013_World Bank CBAM 영향 지수.xlsx,1.1_observation(측정값),34,BGD-ALL-DATA-DISPLAY-2026-09-29,
B-013,World Bank CBAM 영향 지수,observation,bgd-v158-b-013-obs-00017,B-013_export_eu_output_aluminium,BGD,,,,,,,,%,,,,,M01,원천에 해당 국가 값이 없음,World Bank — EU CBAM Exposure Index,https://datacatalog.worldbank.org/search/dataset/0065200,CC-BY-4.0,B-013_World Bank CBAM 영향 지수.xlsx,1.1_observation(측정값),32,BGD-ALL-DATA-DISPLAY-2026-09-29,
B-013,World Bank CBAM 영향 지수,observation,bgd-v158-b-013-obs-00018,B-013_export_eu_output_cement,BGD,,,,,,,,%,,,,,M01,원천에 해당 국가 값이 없음,World Bank — EU CBAM Exposure Index,https://datacatalog.worldbank.org/search/dataset/0065200,CC-BY-4.0,B-013_World Bank CBAM 영향 지수.xlsx,1.1_observation(측정값),31,BGD-ALL-DATA-DISPLAY-2026-09-29,
B-013,World Bank CBAM 영향 지수,observation,bgd-v158-b-013-obs-00019,B-013_export_eu_output_fertilizers,BGD,,,,,,,,%,,,,,M01,원천에 해당 국가 값이 없음,World Bank — EU CBAM Exposure Index,https://datacatalog.worldbank.org/search/dataset/0065200,CC-BY-4.0,B-013_World Bank CBAM 영향 지수.xlsx,1.1_observation(측정값),30,BGD-ALL-DATA-DISPLAY-2026-09-29,
B-013,World Bank CBAM 영향 지수,observation,bgd-v158-b-013-obs-00020,B-013_export_eu_output_iron_steel,BGD,2022,2022,2022,,,,0.005951580591499805,%,,,,,,,World Bank — EU CBAM Exposure Index,https://datacatalog.worldbank.org/search/dataset/0065200,CC-BY-4.0,B-013_World Bank CBAM 영향 지수.xlsx,1.1_observation(측정값),33,BGD-ALL-DATA-DISPLAY-2026-09-29,
B-013,World Bank CBAM 영향 지수,observation,bgd-v158-b-013-obs-00021,B-013_export_eu_share_aluminium,BGD,,,,,,,,%,,,,,M01,원천에 해당 국가 값이 없음,World Bank Relative CBAM Exposure Index,https://thedocs.worldbank.org/en/doc/f617485768833ea38968a5f1ac2292f0-0430012023/related/EUCBAM-Dashboard-download.xlsx,기관 이용약관,B-013_World Bank CBAM 영향 지수.xlsx,1.1_observation(측정값),18,BGD-ALL-DATA-DISPLAY-2026-09-29,
B-013,World Bank CBAM 영향 지수,observation,bgd-v158-b-013-obs-00022,B-013_export_eu_share_cement,BGD,,,,,,,,%,,,,,M01,원천에 해당 국가 값이 없음,World Bank Relative CBAM Exposure Index,https://thedocs.worldbank.org/en/doc/f617485768833ea38968a5f1ac2292f0-0430012023/related/EUCBAM-Dashboard-download.xlsx,기관 이용약관,B-013_World Bank CBAM 영향 지수.xlsx,1.1_observation(측정값),17,BGD-ALL-DATA-DISPLAY-2026-09-29,
B-013,World Bank CBAM 영향 지수,observation,bgd-v158-b-013-obs-00023,B-013_export_eu_share_fertilizers,BGD,,,,,,,,%,,,,,M01,원천에 해당 국가 값이 없음,World Bank Relative CBAM Exposure Index,https://thedocs.worldbank.org/en/doc/f617485768833ea38968a5f1ac2292f0-0430012023/related/EUCBAM-Dashboard-download.xlsx,기관 이용약관,B-013_World Bank CBAM 영향 지수.xlsx,1.1_observation(측정값),16,BGD-ALL-DATA-DISPLAY-2026-09-29,
B-013,World Bank CBAM 영향 지수,observation,bgd-v158-b-013-obs-00024,B-013_export_eu_share_iron_steel,BGD,2022,2022,2022,,,,4.935713291168213,%,,,,,,,World Bank Relative CBAM Exposure Index,https://thedocs.worldbank.org/en/doc/f617485768833ea38968a5f1ac2292f0-0430012023/related/EUCBAM-Dashboard-download.xlsx,기관 이용약관,B-013_World Bank CBAM 영향 지수.xlsx,1.1_observation(측정값),19,BGD-ALL-DATA-DISPLAY-2026-09-29,
B-013,World Bank CBAM 영향 지수,observation,bgd-v158-b-013-obs-00025,B-013_export_eu_share_total_cbam,BGD,2022,2022,2022,,,,1.432925820350647,%,,,,,,,World Bank Relative CBAM Exposure Index,https://thedocs.worldbank.org/en/doc/f617485768833ea38968a5f1ac2292f0-0430012023/related/EUCBAM-Dashboard-download.xlsx,기관 이용약관,B-013_World Bank CBAM 영향 지수.xlsx,1.1_observation(측정값),15,BGD-ALL-DATA-DISPLAY-2026-09-29,
B-013,World Bank CBAM 영향 지수,observation,bgd-v158-b-013-obs-00026,B-013_output_exposure_aluminium,BGD,,,,,,,,%,,,,,M01,원천에 해당 국가 값이 없음,World Bank Relative CBAM Exposure Index,https://thedocs.worldbank.org/en/doc/f617485768833ea38968a5f1ac2292f0-0430012023/related/EUCBAM-Dashboard-download.xlsx,기관 이용약관,B-013_World Bank CBAM 영향 지수.xlsx,1.1_observation(측정값),12,BGD-ALL-DATA-DISPLAY-2026-09-29,
B-013,World Bank CBAM 영향 지수,observation,bgd-v158-b-013-obs-00027,B-013_output_exposure_cement,BGD,,,,,,,,%,,,,,M01,원천에 해당 국가 값이 없음,World Bank Relative CBAM Exposure Index,https://thedocs.worldbank.org/en/doc/f617485768833ea38968a5f1ac2292f0-0430012023/related/EUCBAM-Dashboard-download.xlsx,기관 이용약관,B-013_World Bank CBAM 영향 지수.xlsx,1.1_observation(측정값),11,BGD-ALL-DATA-DISPLAY-2026-09-29,
B-013,World Bank CBAM 영향 지수,observation,bgd-v158-b-013-obs-00028,B-013_output_exposure_fertilizers,BGD,,,,,,,,%,,,,,M01,원천에 해당 국가 값이 없음,World Bank Relative CBAM Exposure Index,https://thedocs.worldbank.org/en/doc/f617485768833ea38968a5f1ac2292f0-0430012023/related/EUCBAM-Dashboard-download.xlsx,기관 이용약관,B-013_World Bank CBAM 영향 지수.xlsx,1.1_observation(측정값),10,BGD-ALL-DATA-DISPLAY-2026-09-29,
B-013,World Bank CBAM 영향 지수,observation,bgd-v158-b-013-obs-00029,B-013_output_exposure_iron_steel,BGD,2022,2022,2022,,,,-0.0001510587753728032,%,,,,,,,World Bank Relative CBAM Exposure Index,https://thedocs.worldbank.org/en/doc/f617485768833ea38968a5f1ac2292f0-0430012023/related/EUCBAM-Dashboard-download.xlsx,기관 이용약관,B-013_World Bank CBAM 영향 지수.xlsx,1.1_observation(측정값),13,BGD-ALL-DATA-DISPLAY-2026-09-29,
B-013,World Bank CBAM 영향 지수,observation,bgd-v158-b-013-obs-00030,B-013_output_exposure_total_cbam,BGD,,,,,,,,%,,,,,M01,원천에 해당 국가 값이 없음,World Bank Relative CBAM Exposure Index,https://thedocs.worldbank.org/en/doc/f617485768833ea38968a5f1ac2292f0-0430012023/related/EUCBAM-Dashboard-download.xlsx,기관 이용약관,B-013_World Bank CBAM 영향 지수.xlsx,1.1_observation(측정값),9,BGD-ALL-DATA-DISPLAY-2026-09-29,
B-013,World Bank CBAM 영향 지수,observation,bgd-v158-b-013-obs-00031,B-013_trade_exposure_aluminium,BGD,,,,,,,,%,,,,,M01,원천에 해당 국가 값이 없음,World Bank Relative CBAM Exposure Index,https://thedocs.worldbank.org/en/doc/f617485768833ea38968a5f1ac2292f0-0430012023/related/EUCBAM-Dashboard-download.xlsx,기관 이용약관,B-013_World Bank CBAM 영향 지수.xlsx,1.1_observation(측정값),7,BGD-ALL-DATA-DISPLAY-2026-09-29,
B-013,World Bank CBAM 영향 지수,observation,bgd-v158-b-013-obs-00032,B-013_trade_exposure_cement,BGD,,,,,,,,%,,,,,M01,원천에 해당 국가 값이 없음,World Bank Relative CBAM Exposure Index,https://thedocs.worldbank.org/en/doc/f617485768833ea38968a5f1ac2292f0-0430012023/related/EUCBAM-Dashboard-download.xlsx,기관 이용약관,B-013_World Bank CBAM 영향 지수.xlsx,1.1_observation(측정값),6,BGD-ALL-DATA-DISPLAY-2026-09-29,
B-013,World Bank CBAM 영향 지수,observation,bgd-v158-b-013-obs-00033,B-013_trade_exposure_fertilizers,BGD,,,,,,,,%,,,,,M01,원천에 해당 국가 값이 없음,World Bank Relative CBAM Exposure Index,https://thedocs.worldbank.org/en/doc/f617485768833ea38968a5f1ac2292f0-0430012023/related/EUCBAM-Dashboard-download.xlsx,기관 이용약관,B-013_World Bank CBAM 영향 지수.xlsx,1.1_observation(측정값),5,BGD-ALL-DATA-DISPLAY-2026-09-29,
B-013,World Bank CBAM 영향 지수,observation,bgd-v158-b-013-obs-00034,B-013_trade_exposure_iron_steel,BGD,2022,2022,2022,,,,-0.1252747625112534,%,,,,,,,World Bank Relative CBAM Exposure Index,https://thedocs.worldbank.org/en/doc/f617485768833ea38968a5f1ac2292f0-0430012023/related/EUCBAM-Dashboard-download.xlsx,기관 이용약관,B-013_World Bank CBAM 영향 지수.xlsx,1.1_observation(측정값),8,BGD-ALL-DATA-DISPLAY-2026-09-29,
B-013,World Bank CBAM 영향 지수,observation,bgd-v158-b-013-obs-00035,B-013_trade_exposure_total_cbam,BGD,2022,2022,2022,,,,-0.02529672905802727,%,,,,,,,World Bank Relative CBAM Exposure Index,https://thedocs.worldbank.org/en/doc/f617485768833ea38968a5f1ac2292f0-0430012023/related/EUCBAM-Dashboard-download.xlsx,기관 이용약관,B-013_World Bank CBAM 영향 지수.xlsx,1.1_observation(측정값),4,BGD-ALL-DATA-DISPLAY-2026-09-29,
